# Blender 5.0.1
# www.blender.org
o Candlestick
v -0.059095 0.089558 -0.001897
v -0.060592 0.089092 -0.001897
v -0.061797 0.088615 -0.001897
v -0.062629 0.088086 -0.001897
v -0.063490 0.087399 -0.001897
v -0.064324 0.086616 -0.001897
v -0.065077 0.085802 -0.001897
v -0.065934 0.084658 -0.001897
v -0.066743 0.083172 -0.001897
v -0.067393 0.081604 -0.001897
v -0.067886 0.079971 -0.001897
v -0.068224 0.078289 -0.001897
v -0.068409 0.076573 -0.001897
v -0.068444 0.074842 -0.001897
v -0.068330 0.073110 -0.001897
v -0.068070 0.071395 -0.001897
v -0.067667 0.069713 -0.001897
v -0.067122 0.068080 -0.001897
v -0.066437 0.066512 -0.001897
v -0.065359 0.064679 -0.001897
v -0.064263 0.063292 -0.001897
v -0.063220 0.062349 -0.001897
v -0.062089 0.061545 -0.001897
v -0.060891 0.060852 -0.001897
v -0.059647 0.060245 -0.001897
v -0.058290 0.059701 -0.001897
v -0.057479 0.059496 -0.001897
v -0.055668 0.059250 -0.001897
v -0.053716 0.059212 -0.001897
v -0.051764 0.059365 -0.001897
v -0.049947 0.059693 -0.001897
v -0.048405 0.060181 -0.001897
v -0.046698 0.061044 -0.001897
v -0.045084 0.062156 -0.001897
v -0.043591 0.063475 -0.001897
v -0.042247 0.064954 -0.001897
v -0.041083 0.066549 -0.001897
v -0.040125 0.068216 -0.001897
v -0.059095 0.089558 0.001798
v -0.060592 0.089092 0.001798
v -0.061797 0.088615 0.001798
v -0.062629 0.088086 0.001798
v -0.063490 0.087399 0.001798
v -0.064324 0.086616 0.001798
v -0.065077 0.085802 0.001798
v -0.065934 0.084658 0.001798
v -0.066743 0.083172 0.001798
v -0.067393 0.081604 0.001798
v -0.067886 0.079971 0.001798
v -0.068224 0.078289 0.001798
v -0.068409 0.076573 0.001798
v -0.068444 0.074842 0.001798
v -0.068330 0.073110 0.001798
v -0.068070 0.071395 0.001798
v -0.067667 0.069713 0.001798
v -0.067122 0.068080 0.001798
v -0.066437 0.066512 0.001798
v -0.065359 0.064679 0.001798
v -0.064263 0.063292 0.001798
v -0.063220 0.062349 0.001798
v -0.062089 0.061545 0.001798
v -0.060891 0.060852 0.001798
v -0.059647 0.060245 0.001798
v -0.058290 0.059701 0.001798
v -0.057479 0.059496 0.001798
v -0.055668 0.059250 0.001798
v -0.053716 0.059212 0.001798
v -0.051764 0.059365 0.001798
v -0.049947 0.059693 0.001798
v -0.048405 0.060181 0.001798
v -0.046698 0.061044 0.001798
v -0.045084 0.062156 0.001798
v -0.043591 0.063475 0.001798
v -0.042247 0.064954 0.001798
v -0.041083 0.066549 0.001798
v -0.040125 0.068216 0.001798
v -0.060167 0.091860 -0.001897
v -0.061378 0.091484 -0.001897
v -0.062980 0.090837 -0.001897
v -0.064101 0.090128 -0.001897
v -0.065141 0.089299 -0.001897
v -0.066111 0.088390 -0.001897
v -0.066989 0.087439 -0.001897
v -0.068089 0.085959 -0.001897
v -0.069014 0.084258 -0.001897
v -0.069764 0.082451 -0.001897
v -0.070328 0.080583 -0.001897
v -0.070712 0.078672 -0.001897
v -0.070921 0.076734 -0.001897
v -0.070960 0.074785 -0.001897
v -0.070833 0.072839 -0.001897
v -0.070541 0.070913 -0.001897
v -0.070087 0.069020 -0.001897
v -0.069471 0.067176 -0.001897
v -0.068694 0.065398 -0.001897
v -0.067426 0.063249 -0.001897
v -0.066070 0.061540 -0.001897
v -0.064791 0.060382 -0.001897
v -0.063443 0.059423 -0.001897
v -0.062067 0.058627 -0.001897
v -0.060694 0.057955 -0.001897
v -0.059029 0.057295 -0.001897
v -0.058000 0.057033 -0.001897
v -0.055854 0.056740 -0.001897
v -0.053641 0.056696 -0.001897
v -0.051444 0.056868 -0.001897
v -0.049353 0.057247 -0.001897
v -0.047450 0.057852 -0.001897
v -0.045409 0.058882 -0.001897
v -0.043531 0.060175 -0.001897
v -0.041822 0.061684 -0.001897
v -0.040296 0.063364 -0.001897
v -0.038972 0.065177 -0.001897
v -0.037908 0.067025 -0.001897
v -0.060167 0.091860 0.001798
v -0.061378 0.091484 0.001798
v -0.062980 0.090837 0.001798
v -0.064101 0.090128 0.001798
v -0.065141 0.089299 0.001798
v -0.066111 0.088390 0.001798
v -0.066989 0.087439 0.001798
v -0.068089 0.085959 0.001798
v -0.069014 0.084258 0.001798
v -0.069764 0.082451 0.001798
v -0.070328 0.080583 0.001798
v -0.070712 0.078672 0.001798
v -0.070921 0.076734 0.001798
v -0.070960 0.074785 0.001798
v -0.070833 0.072839 0.001798
v -0.070541 0.070913 0.001798
v -0.070087 0.069020 0.001798
v -0.069471 0.067176 0.001798
v -0.068694 0.065398 0.001798
v -0.067426 0.063249 0.001798
v -0.066070 0.061540 0.001798
v -0.064791 0.060382 0.001798
v -0.063443 0.059423 0.001798
v -0.062067 0.058627 0.001798
v -0.060694 0.057955 0.001798
v -0.059029 0.057295 0.001798
v -0.058000 0.057033 0.001798
v -0.055854 0.056740 0.001798
v -0.053641 0.056696 0.001798
v -0.051444 0.056868 0.001798
v -0.049353 0.057247 0.001798
v -0.047450 0.057852 0.001798
v -0.045409 0.058882 0.001798
v -0.043531 0.060175 0.001798
v -0.041822 0.061684 0.001798
v -0.040296 0.063364 0.001798
v -0.038972 0.065177 0.001798
v -0.037908 0.067025 0.001798
v -0.079236 0.103509 -0.001735
v -0.077550 0.100030 -0.001735
v -0.075071 0.097461 -0.001735
v -0.071958 0.095619 -0.001735
v -0.068370 0.094324 -0.001735
v -0.064465 0.093392 -0.001735
v -0.060401 0.092642 -0.001735
v -0.056337 0.091892 -0.001735
v -0.052432 0.090960 -0.001735
v -0.048844 0.089664 -0.001735
v -0.045731 0.087823 -0.001735
v -0.043252 0.085254 -0.001735
v -0.041566 0.081775 -0.001735
v -0.040340 0.077598 -0.001735
v -0.039086 0.073139 -0.001735
v -0.037732 0.068521 -0.001735
v -0.036206 0.063866 -0.001735
v -0.034435 0.059298 -0.001735
v -0.032346 0.054940 -0.001735
v -0.029868 0.050914 -0.001735
v -0.026928 0.047345 -0.001735
v -0.023454 0.044354 -0.001735
v -0.019372 0.042066 -0.001735
v -0.014610 0.040603 -0.001735
v -0.009097 0.040088 -0.001735
v -0.079236 0.103509 0.002183
v -0.077550 0.100030 0.002183
v -0.075071 0.097461 0.002183
v -0.071958 0.095619 0.002183
v -0.068370 0.094324 0.002183
v -0.064465 0.093392 0.002183
v -0.060401 0.092642 0.002183
v -0.056337 0.091892 0.002183
v -0.052432 0.090960 0.002183
v -0.048844 0.089664 0.002183
v -0.045731 0.087823 0.002183
v -0.043252 0.085254 0.002183
v -0.041566 0.081775 0.002183
v -0.040340 0.077598 0.002183
v -0.039086 0.073139 0.002183
v -0.037732 0.068521 0.002183
v -0.036206 0.063866 0.002183
v -0.034435 0.059298 0.002183
v -0.032346 0.054940 0.002183
v -0.029868 0.050914 0.002183
v -0.026928 0.047345 0.002183
v -0.023454 0.044354 0.002183
v -0.019372 0.042066 0.002183
v -0.014610 0.040603 0.002183
v -0.009097 0.040088 0.002183
v -0.081388 0.101005 -0.002017
v -0.079702 0.097526 -0.002017
v -0.077223 0.094957 -0.002017
v -0.074111 0.093116 -0.002017
v -0.070523 0.091820 -0.002017
v -0.066617 0.090888 -0.002017
v -0.062553 0.090138 -0.002017
v -0.058490 0.089388 -0.002017
v -0.054584 0.088456 -0.002017
v -0.050996 0.087161 -0.002017
v -0.047884 0.085319 -0.002017
v -0.045405 0.082750 -0.002017
v -0.043719 0.079271 -0.002017
v -0.042492 0.075094 -0.002017
v -0.041238 0.070635 -0.002017
v -0.039884 0.066017 -0.002017
v -0.038358 0.061362 -0.002017
v -0.036587 0.056794 -0.002017
v -0.034499 0.052436 -0.002017
v -0.032021 0.048411 -0.002017
v -0.029081 0.044841 -0.002017
v -0.025606 0.041851 -0.002017
v -0.021524 0.039562 -0.002017
v -0.016763 0.038099 -0.002017
v -0.011249 0.037584 -0.002017
v -0.081388 0.101005 0.001901
v -0.079702 0.097526 0.001901
v -0.077223 0.094957 0.001901
v -0.074111 0.093116 0.001901
v -0.070523 0.091820 0.001901
v -0.066617 0.090888 0.001901
v -0.062553 0.090138 0.001901
v -0.058490 0.089388 0.001901
v -0.054584 0.088456 0.001901
v -0.050996 0.087161 0.001901
v -0.047884 0.085319 0.001901
v -0.045405 0.082750 0.001901
v -0.043719 0.079271 0.001901
v -0.042492 0.075094 0.001901
v -0.041238 0.070635 0.001901
v -0.039884 0.066017 0.001901
v -0.038358 0.061362 0.001901
v -0.036587 0.056794 0.001901
v -0.034499 0.052436 0.001901
v -0.032021 0.048411 0.001901
v -0.029081 0.044841 0.001901
v -0.025606 0.041851 0.001901
v -0.021524 0.039562 0.001901
v -0.016763 0.038099 0.001901
v -0.011249 0.037584 0.001901
v 0.000159 0.004328 0.048634
v 0.000159 0.012008 0.048634
v -0.020943 0.004328 0.043818
v -0.020943 0.012008 0.043818
v -0.037865 0.004328 0.030323
v -0.037865 0.012008 0.030323
v -0.047256 0.004328 0.010822
v -0.047256 0.012008 0.010822
v -0.047256 0.004328 -0.010822
v -0.047256 0.012008 -0.010822
v -0.037865 0.004328 -0.030323
v -0.037865 0.012008 -0.030323
v -0.020943 0.004328 -0.043818
v -0.020943 0.012008 -0.043818
v 0.000159 0.004328 -0.048634
v 0.000159 0.012008 -0.048634
v 0.021260 0.004328 -0.043818
v 0.021260 0.012008 -0.043818
v 0.038182 0.004328 -0.030323
v 0.038182 0.012008 -0.030323
v 0.047574 0.004328 -0.010822
v 0.047574 0.012008 -0.010822
v 0.047574 0.004328 0.010822
v 0.047574 0.012008 0.010822
v 0.038182 0.004328 0.030323
v 0.038182 0.012008 0.030323
v 0.021260 0.004328 0.043818
v 0.021260 0.012008 0.043818
v -0.023619 0.018507 0.049374
v 0.000159 0.018507 0.054801
v -0.042687 0.018507 0.034168
v -0.053268 0.018507 0.012194
v -0.053268 0.018507 -0.012194
v -0.042687 0.018507 -0.034168
v -0.023619 0.018507 -0.049374
v 0.000159 0.018507 -0.054801
v 0.023936 0.018507 -0.049374
v 0.043004 0.018507 -0.034168
v 0.053586 0.018507 -0.012194
v 0.053586 0.018507 0.012194
v 0.043004 0.018507 0.034168
v 0.023936 0.018507 0.049374
v -0.008583 0.023847 0.018152
v 0.000159 0.023847 0.020148
v -0.015593 0.023847 0.012562
v -0.019484 0.023847 0.004483
v -0.019484 0.023847 -0.004483
v -0.015593 0.023847 -0.012562
v -0.008583 0.023847 -0.018152
v 0.000159 0.023847 -0.020148
v 0.008900 0.023847 -0.018152
v 0.015911 0.023847 -0.012562
v 0.019801 0.023847 -0.004483
v 0.019801 0.023847 0.004483
v 0.015911 0.023847 0.012562
v 0.008900 0.023847 0.018152
v -0.025674 0.027539 0.053641
v 0.000159 0.027539 0.059537
v -0.046389 0.027539 0.037121
v -0.057886 0.027539 0.013248
v -0.057886 0.027539 -0.013248
v -0.046389 0.027539 -0.037121
v -0.025674 0.027539 -0.053641
v 0.000159 0.027539 -0.059537
v 0.025991 0.027539 -0.053641
v 0.046707 0.027539 -0.037121
v 0.058203 0.027539 -0.013248
v 0.058203 0.027539 0.013248
v 0.046707 0.027539 0.037121
v 0.025991 0.027539 0.053641
v -0.023086 0.023847 0.048267
v 0.000159 0.023847 0.053573
v -0.041726 0.023847 0.033402
v -0.052071 0.023847 0.011921
v -0.052071 0.023847 -0.011921
v -0.041726 0.023847 -0.033402
v -0.023086 0.023847 -0.048267
v 0.000159 0.023847 -0.053573
v 0.023403 0.023847 -0.048267
v 0.042043 0.023847 -0.033402
v 0.052388 0.023847 -0.011921
v 0.052388 0.023847 0.011921
v 0.042043 0.023847 0.033402
v 0.023403 0.023847 0.048267
v -0.005529 0.031116 0.011810
v 0.000159 0.031116 0.013108
v -0.010090 0.031116 0.008173
v -0.012621 0.031116 0.002917
v -0.012621 0.031116 -0.002917
v -0.010090 0.031116 -0.008173
v -0.005529 0.031116 -0.011810
v 0.000159 0.031116 -0.013108
v 0.005846 0.031116 -0.011810
v 0.010407 0.031116 -0.008173
v 0.012938 0.031116 -0.002917
v 0.012938 0.031116 0.002917
v 0.010407 0.031116 0.008173
v 0.005846 0.031116 0.011810
v -0.004538 0.036954 0.009754
v 0.000159 0.036954 0.010826
v -0.008305 0.036954 0.006750
v -0.010396 0.036954 0.002409
v -0.010396 0.036954 -0.002409
v -0.008305 0.036954 -0.006750
v -0.004538 0.036954 -0.009754
v 0.000159 0.036954 -0.010826
v 0.004856 0.036954 -0.009754
v 0.008623 0.036954 -0.006750
v 0.010713 0.036954 -0.002409
v 0.010713 0.036954 0.002409
v 0.008623 0.036954 0.006750
v 0.004856 0.036954 0.009754
v -0.004406 0.041030 0.009478
v 0.000159 0.041030 0.010520
v -0.008066 0.041030 0.006559
v -0.010097 0.041030 0.002341
v -0.010097 0.041030 -0.002341
v -0.008066 0.041030 -0.006559
v -0.004406 0.041030 -0.009478
v 0.000159 0.041030 -0.010520
v 0.004723 0.041030 -0.009478
v 0.008383 0.041030 -0.006559
v 0.010415 0.041030 -0.002341
v 0.010415 0.041030 0.002341
v 0.008383 0.041030 0.006559
v 0.004723 0.041030 0.009478
v -0.003714 0.045656 0.008041
v 0.000159 0.045656 0.008925
v -0.006820 0.045656 0.005565
v -0.008543 0.045656 0.001986
v -0.008543 0.045656 -0.001986
v -0.006820 0.045656 -0.005565
v -0.003714 0.045656 -0.008041
v 0.000159 0.045656 -0.008925
v 0.004031 0.045656 -0.008041
v 0.007137 0.045656 -0.005565
v 0.008860 0.045656 -0.001986
v 0.008860 0.045656 0.001986
v 0.007137 0.045656 0.005565
v 0.004031 0.045656 0.008041
v -0.002285 0.050722 0.005074
v 0.000159 0.050722 0.005631
v -0.004244 0.050722 0.003511
v -0.005332 0.050722 0.001253
v -0.005332 0.050722 -0.001253
v -0.004244 0.050722 -0.003511
v -0.002285 0.050722 -0.005074
v 0.000159 0.050722 -0.005631
v 0.002602 0.050722 -0.005074
v 0.004561 0.050722 -0.003511
v 0.005649 0.050722 -0.001253
v 0.005649 0.050722 0.001253
v 0.004561 0.050722 0.003511
v 0.002602 0.050722 0.005074
v -0.002285 0.057441 0.005074
v 0.000159 0.057441 0.005631
v -0.004244 0.057441 0.003511
v -0.005332 0.057441 0.001253
v -0.005332 0.057441 -0.001253
v -0.004244 0.057441 -0.003511
v -0.002285 0.057441 -0.005074
v 0.000159 0.057441 -0.005631
v 0.002602 0.057441 -0.005074
v 0.004561 0.057441 -0.003511
v 0.005649 0.057441 -0.001253
v 0.005649 0.057441 0.001253
v 0.004561 0.057441 0.003511
v 0.002602 0.057441 0.005074
v -0.003416 0.062067 0.007424
v 0.000159 0.062067 0.008240
v -0.006283 0.062067 0.005137
v -0.007875 0.062067 0.001834
v -0.007875 0.062067 -0.001834
v -0.006283 0.062067 -0.005137
v -0.003416 0.062067 -0.007424
v 0.000159 0.062067 -0.008240
v 0.003734 0.062067 -0.007424
v 0.006601 0.062067 -0.005137
v 0.008192 0.062067 -0.001834
v 0.008192 0.062067 0.001834
v 0.006601 0.062067 0.005137
v 0.003734 0.062067 0.007424
v -0.005295 0.089604 0.011325
v 0.000159 0.089604 0.012569
v -0.009669 0.089604 0.007837
v -0.012096 0.089604 0.002797
v -0.012096 0.089604 -0.002797
v -0.009669 0.089604 -0.007837
v -0.005295 0.089604 -0.011325
v 0.000159 0.089604 -0.012569
v 0.005612 0.089604 -0.011325
v 0.009986 0.089604 -0.007837
v 0.012413 0.089604 -0.002797
v 0.012413 0.089604 0.002797
v 0.009986 0.089604 0.007837
v 0.005612 0.089604 0.011325
v -0.005295 0.097534 0.011325
v 0.000159 0.097534 0.012569
v -0.009669 0.097534 0.007837
v -0.012096 0.097534 0.002797
v -0.012096 0.097534 -0.002797
v -0.009669 0.097534 -0.007837
v -0.005295 0.097534 -0.011325
v 0.000159 0.097534 -0.012569
v 0.005612 0.097534 -0.011325
v 0.009986 0.097534 -0.007837
v 0.012413 0.097534 -0.002797
v 0.012413 0.097534 0.002797
v 0.009986 0.097534 0.007837
v 0.005612 0.097534 0.011325
v -0.006854 0.105354 0.014561
v 0.000159 0.105354 0.016162
v -0.012477 0.105354 0.010077
v -0.015598 0.105354 0.003596
v -0.015598 0.105354 -0.003596
v -0.012477 0.105354 -0.010077
v -0.006854 0.105354 -0.014561
v 0.000159 0.105354 -0.016162
v 0.007171 0.105354 -0.014561
v 0.012794 0.105354 -0.010077
v 0.015915 0.105354 -0.003596
v 0.015915 0.105354 0.003596
v 0.012794 0.105354 0.010077
v 0.007171 0.105354 0.014561
v -0.008658 0.110091 0.018309
v 0.000159 0.110091 0.020321
v -0.015729 0.110091 0.012670
v -0.019653 0.110091 0.004522
v -0.019653 0.110091 -0.004522
v -0.015729 0.110091 -0.012670
v -0.008658 0.110091 -0.018309
v 0.000159 0.110091 -0.020321
v 0.008976 0.110091 -0.018309
v 0.016046 0.110091 -0.012670
v 0.019970 0.110091 -0.004522
v 0.019970 0.110091 0.004522
v 0.016046 0.110091 0.012670
v 0.008976 0.110091 0.018309
v -0.012697 0.110091 0.026695
v 0.000159 0.110091 0.029629
v -0.023006 0.110091 0.018473
v -0.028728 0.110091 0.006593
v -0.028728 0.110091 -0.006593
v -0.023006 0.110091 -0.018473
v -0.012697 0.110091 -0.026695
v 0.000159 0.110091 -0.029629
v 0.013014 0.110091 -0.026695
v 0.023323 0.110091 -0.018473
v 0.029045 0.110091 -0.006593
v 0.029045 0.110091 0.006593
v 0.023323 0.110091 0.018473
v 0.013014 0.110091 0.026695
v -0.011366 0.114063 0.023930
v 0.000159 0.114063 0.026561
v -0.020607 0.114063 0.016560
v -0.025736 0.114063 0.005910
v -0.025736 0.114063 -0.005910
v -0.020607 0.114063 -0.016560
v -0.011366 0.114063 -0.023930
v 0.000159 0.114063 -0.026561
v 0.011683 0.114063 -0.023930
v 0.020925 0.114063 -0.016560
v 0.026053 0.114063 -0.005910
v 0.026053 0.114063 0.005910
v 0.020925 0.114063 0.016560
v 0.011683 0.114063 0.023930
v -0.008085 0.077753 0.017118
v -0.007926 0.073260 0.016789
v 0.000159 0.073260 0.018634
v 0.000159 0.077753 0.018999
v -0.014696 0.077753 0.011846
v -0.014410 0.073260 0.011618
v -0.018364 0.077753 0.004228
v -0.018008 0.073260 0.004146
v -0.018364 0.077753 -0.004228
v -0.018008 0.073260 -0.004146
v -0.014696 0.077753 -0.011846
v -0.014410 0.073260 -0.011618
v -0.008085 0.077753 -0.017118
v -0.007926 0.073260 -0.016789
v 0.000159 0.077753 -0.018999
v 0.000159 0.073260 -0.018634
v 0.008402 0.077753 -0.017118
v 0.008244 0.073260 -0.016789
v 0.015013 0.077753 -0.011846
v 0.014727 0.073260 -0.011618
v 0.018681 0.077753 -0.004228
v 0.018325 0.073260 -0.004146
v 0.018681 0.077753 0.004228
v 0.018325 0.073260 0.004146
v 0.015013 0.077753 0.011846
v 0.014727 0.073260 0.011618
v 0.008402 0.077753 0.017118
v 0.008244 0.073260 0.016789
v -0.007190 0.069609 0.015259
v -0.005952 0.066438 0.012690
v 0.000159 0.066438 0.014085
v 0.000159 0.069609 0.016936
v -0.013082 0.069609 0.010559
v -0.010853 0.066438 0.008782
v -0.016353 0.069609 0.003769
v -0.013573 0.066438 0.003134
v -0.016353 0.069609 -0.003769
v -0.013573 0.066438 -0.003134
v -0.013082 0.069609 -0.010559
v -0.010853 0.066438 -0.008782
v -0.007190 0.069609 -0.015259
v -0.005952 0.066438 -0.012690
v 0.000159 0.069609 -0.016936
v 0.000159 0.066438 -0.014085
v 0.007507 0.069609 -0.015259
v 0.006270 0.066438 -0.012690
v 0.013400 0.069609 -0.010559
v 0.011170 0.066438 -0.008782
v 0.016670 0.069609 -0.003769
v 0.013890 0.066438 -0.003134
v 0.016670 0.069609 0.003769
v 0.013890 0.066438 0.003134
v 0.013400 0.069609 0.010559
v 0.011170 0.066438 0.008782
v 0.007507 0.069609 0.015259
v 0.006270 0.066438 0.012690
v -0.007109 0.083529 0.015091
v -0.007670 0.080915 0.016256
v 0.000159 0.080915 0.018043
v 0.000159 0.083529 0.016749
v -0.012936 0.083529 0.010443
v -0.013948 0.080915 0.011250
v -0.016171 0.083529 0.003727
v -0.017432 0.080915 0.004015
v -0.016171 0.083529 -0.003727
v -0.017432 0.080915 -0.004015
v -0.012936 0.083529 -0.010443
v -0.013948 0.080915 -0.011250
v -0.007109 0.083529 -0.015091
v -0.007670 0.080915 -0.016256
v 0.000159 0.083529 -0.016749
v 0.000159 0.080915 -0.018043
v 0.007426 0.083529 -0.015091
v 0.007987 0.080915 -0.016256
v 0.013254 0.083529 -0.010443
v 0.014265 0.080915 -0.011250
v 0.016488 0.083529 -0.003727
v 0.017749 0.080915 -0.004015
v 0.016488 0.083529 0.003727
v 0.017749 0.080915 0.004015
v 0.013254 0.083529 0.010443
v 0.014265 0.080915 0.011250
v 0.007426 0.083529 0.015091
v 0.007987 0.080915 0.016256
v -0.012697 0.115598 0.026695
v 0.000159 0.115598 0.029629
v -0.023006 0.115598 0.018473
v -0.028728 0.115598 0.006593
v -0.028728 0.115598 -0.006593
v -0.023006 0.115598 -0.018473
v -0.012697 0.115598 -0.026695
v 0.000159 0.115598 -0.029629
v 0.013014 0.115598 -0.026695
v 0.023323 0.115598 -0.018473
v 0.029045 0.115598 -0.006593
v 0.029045 0.115598 0.006593
v 0.023323 0.115598 0.018473
v 0.013014 0.115598 0.026695
v -0.004990 0.036955 0.010692
v 0.000159 0.036955 0.011867
v -0.009120 0.036955 0.007399
v -0.011411 0.036955 0.002641
v -0.011411 0.036955 -0.002641
v -0.009120 0.036955 -0.007399
v -0.004990 0.036955 -0.010692
v 0.000159 0.036955 -0.011867
v 0.005308 0.036955 -0.010692
v 0.009437 0.036955 -0.007399
v 0.011728 0.036955 -0.002641
v 0.011728 0.036955 0.002641
v 0.009437 0.036955 0.007399
v 0.005308 0.036955 0.010692
v -0.004858 0.041031 0.010416
v 0.000159 0.041031 0.011561
v -0.008880 0.041031 0.007208
v -0.011113 0.041031 0.002573
v -0.011113 0.041031 -0.002573
v -0.008880 0.041031 -0.007208
v -0.004858 0.041031 -0.010416
v 0.000159 0.041031 -0.011561
v 0.005175 0.041031 -0.010416
v 0.009198 0.041031 -0.007208
v 0.011430 0.041031 -0.002573
v 0.011430 0.041031 0.002573
v 0.009198 0.041031 0.007208
v 0.005175 0.041031 0.010416
v 0.000000 0.218382 0.001225
v 0.000000 0.114776 0.016287
v -0.000531 0.218382 0.001103
v -0.007067 0.114776 0.014674
v -0.000957 0.218382 0.000764
v -0.012734 0.114776 0.010155
v -0.001194 0.218382 0.000273
v -0.015879 0.114776 0.003624
v -0.001194 0.218382 -0.000273
v -0.015879 0.114776 -0.003624
v -0.000957 0.218382 -0.000764
v -0.012734 0.114776 -0.010155
v -0.000531 0.218382 -0.001103
v -0.007067 0.114776 -0.014674
v 0.000000 0.218382 -0.001225
v 0.000000 0.114776 -0.016287
v 0.000531 0.218382 -0.001103
v 0.007067 0.114776 -0.014674
v 0.000957 0.218382 -0.000764
v 0.012734 0.114776 -0.010155
v 0.001194 0.218382 -0.000273
v 0.015879 0.114776 -0.003624
v 0.001194 0.218382 0.000273
v 0.015879 0.114776 0.003624
v 0.000957 0.218382 0.000764
v 0.012734 0.114776 0.010155
v 0.000531 0.218382 0.001103
v 0.007067 0.114776 0.014674
v 0.000000 0.228660 0.001225
v -0.000531 0.228660 0.001103
v -0.000957 0.228660 0.000764
v -0.001194 0.228660 0.000273
v -0.001194 0.228660 -0.000273
v -0.000957 0.228660 -0.000764
v -0.000531 0.228660 -0.001103
v 0.000000 0.228660 -0.001225
v 0.000531 0.228660 -0.001103
v 0.000957 0.228660 -0.000764
v 0.001194 0.228660 -0.000273
v 0.001194 0.228660 0.000273
v 0.000957 0.228660 0.000764
v 0.000531 0.228660 0.001103
v 0.000000 0.218382 0.013328
v 0.000000 0.209207 0.016287
v 0.000000 0.217153 0.014808
v 0.000000 0.213795 0.015891
v -0.007067 0.209207 0.014674
v -0.005783 0.218382 0.012008
v -0.006895 0.213795 0.014317
v -0.006425 0.217153 0.013341
v -0.012734 0.209207 0.010155
v -0.010420 0.218382 0.008310
v -0.012424 0.213795 0.009908
v -0.011577 0.217153 0.009232
v -0.015879 0.209207 0.003624
v -0.012994 0.218382 0.002966
v -0.015492 0.213795 0.003536
v -0.014436 0.217153 0.003295
v -0.015879 0.209207 -0.003624
v -0.012994 0.218382 -0.002966
v -0.015492 0.213795 -0.003536
v -0.014436 0.217153 -0.003295
v -0.012734 0.209207 -0.010155
v -0.010420 0.218382 -0.008310
v -0.012424 0.213795 -0.009908
v -0.011577 0.217153 -0.009232
v -0.007067 0.209207 -0.014674
v -0.005783 0.218382 -0.012008
v -0.006895 0.213795 -0.014317
v -0.006425 0.217153 -0.013341
v 0.000000 0.209207 -0.016287
v 0.000000 0.218382 -0.013328
v 0.000000 0.213795 -0.015891
v 0.000000 0.217153 -0.014808
v 0.007067 0.209207 -0.014674
v 0.005783 0.218382 -0.012008
v 0.006895 0.213795 -0.014317
v 0.006425 0.217153 -0.013341
v 0.012734 0.209207 -0.010155
v 0.010420 0.218382 -0.008310
v 0.012424 0.213795 -0.009908
v 0.011577 0.217153 -0.009232
v 0.015879 0.209207 -0.003624
v 0.012994 0.218382 -0.002966
v 0.015492 0.213795 -0.003536
v 0.014436 0.217153 -0.003295
v 0.015879 0.209207 0.003624
v 0.012994 0.218382 0.002966
v 0.015492 0.213795 0.003536
v 0.014436 0.217153 0.003295
v 0.012734 0.209207 0.010155
v 0.010420 0.218382 0.008310
v 0.012424 0.213795 0.009908
v 0.011577 0.217153 0.009232
v 0.007067 0.209207 0.014674
v 0.005783 0.218382 0.012008
v 0.006895 0.213795 0.014317
v 0.006425 0.217153 0.013341
vn -0.3777 0.9259 -0.0000
vn -0.5104 0.8599 -0.0000
vn 0.9815 0.1916 -0.0000
vn 0.9614 0.2751 -0.0000
vn -0.2962 0.9551 -0.0000
vn -0.3358 0.9419 -0.0000
vn 0.9334 0.3588 -0.0000
vn -0.4564 0.8898 -0.0000
vn 0.1901 0.9818 -0.0000
vn 0.0772 0.9970 -0.0000
vn 0.8908 0.4544 -0.0000
vn -0.8904 -0.4551 -0.0000
vn -0.8243 -0.5662 -0.0000
vn -0.6158 0.7879 -0.0000
vn -0.7021 0.7120 -0.0000
vn 0.7302 0.6833 -0.0000
vn 0.6261 0.7797 -0.0000
vn 0.4543 -0.8908 -0.0000
vn 0.5810 -0.8139 -0.0000
vn -0.7750 0.6319 -0.0000
vn 0.5407 0.8412 -0.0000
vn -0.8386 0.5447 -0.0000
vn 0.4699 0.8827 -0.0000
vn 0.6546 -0.7560 -0.0000
vn 0.7097 -0.7045 -0.0000
vn 0.5100 -0.8602 -0.0000
vn 0.6156 -0.7881 -0.0000
vn 0.4060 0.9139 -0.0000
vn 0.7684 -0.6399 -0.0000
vn 0.8383 -0.5452 -0.0000
vn 0.8666 -0.4990 -0.0000
vn 0.3093 0.9510 -0.0000
vn -0.7297 -0.6837 -0.0000
vn -0.5798 0.8148 -0.0000
vn -0.6541 0.7564 -0.0000
vn -0.7698 0.6383 -0.0000
vn -0.8426 0.5385 -0.0000
vn -0.0294 0.9996 -0.0000
vn 0.8415 -0.5403 -0.0000
vn 0.9023 -0.4311 -0.0000
vn 0.9417 -0.3364 -0.0000
vn -0.1281 0.9918 -0.0000
vn 0.9700 -0.2433 -0.0000
vn 0.9883 -0.1523 -0.0000
vn -0.2402 0.9707 -0.0000
vn 0.9980 -0.0638 -0.0000
vn 0.9997 0.0228 -0.0000
vn 0.2412 -0.9705 -0.0000
vn 0.3780 -0.9258 -0.0000
vn 0.9942 0.1079 -0.0000
vn -0.9814 -0.1917 -0.0000
vn -0.9614 -0.2753 -0.0000
vn -0.0000 -0.0000 1.0000
vn -0.9335 -0.3587 -0.0000
vn -0.1913 -0.9815 -0.0000
vn -0.0777 -0.9970 -0.0000
vn -0.0000 -0.0000 -1.0000
vn 0.7021 -0.7121 -0.0000
vn -0.6265 -0.7794 -0.0000
vn 0.7750 -0.6320 -0.0000
vn -0.5408 -0.8411 -0.0000
vn -0.4705 -0.8824 -0.0000
vn -0.7097 0.7045 -0.0000
vn -0.4044 -0.9146 -0.0000
vn -0.3083 -0.9513 -0.0000
vn 0.0291 -0.9996 -0.0000
vn -0.9023 0.4311 -0.0000
vn -0.9416 0.3366 -0.0000
vn 0.1284 -0.9917 -0.0000
vn -0.9700 0.2433 -0.0000
vn -0.9883 0.1526 -0.0000
vn -0.9980 0.0637 -0.0000
vn -0.9997 -0.0226 -0.0000
vn -0.9942 -0.1076 -0.0000
vn 0.4732 0.8809 -0.0000
vn 0.8252 0.5648 -0.0000
vn 0.2969 -0.9549 -0.0000
vn 0.3329 -0.9430 -0.0000
vn -0.8672 0.4980 -0.0000
vn 0.5736 0.8192 -0.0000
vn 0.3935 0.9193 -0.0000
vn 0.9611 0.2760 -0.0000
vn 0.9550 0.2965 -0.0000
vn 0.2069 0.9784 -0.0000
vn 0.2864 0.9581 -0.0000
vn 0.1944 0.9809 -0.0000
vn 0.8999 0.4361 -0.0000
vn 0.8200 0.5724 -0.0000
vn 0.9416 0.3366 -0.0000
vn 0.4262 0.9046 -0.0000
vn 0.0930 0.9957 -0.0000
vn 0.6200 0.7846 -0.0000
vn 0.9177 0.3972 -0.0000
vn 0.6199 0.7847 -0.0000
vn 0.8779 0.4789 -0.0000
vn 0.2863 0.9581 -0.0000
vn 0.8136 0.5814 -0.0000
vn 0.9329 0.3601 -0.0000
vn 0.7148 0.6994 -0.0000
vn 0.9611 0.2762 -0.0000
vn 0.1815 0.9834 -0.0000
vn -0.5735 -0.8192 -0.0000
vn -0.3936 -0.9193 -0.0000
vn -0.9611 -0.2760 -0.0000
vn -0.9550 -0.2965 -0.0000
vn -0.2069 -0.9784 -0.0000
vn -0.2862 -0.9582 -0.0000
vn -0.1944 -0.9809 -0.0000
vn -0.8999 -0.4361 -0.0000
vn -0.8200 -0.5724 -0.0000
vn -0.9416 -0.3366 -0.0000
vn -0.4263 -0.9046 -0.0000
vn -0.0930 -0.9957 -0.0000
vn -0.6200 -0.7846 -0.0000
vn -0.9178 -0.3971 -0.0000
vn -0.6201 -0.7845 -0.0000
vn -0.8779 -0.4788 -0.0000
vn -0.2864 -0.9581 -0.0000
vn -0.8137 -0.5813 -0.0000
vn -0.9329 -0.3602 -0.0000
vn -0.7147 -0.6994 -0.0000
vn -0.9611 -0.2763 -0.0000
vn -0.1815 -0.9834 -0.0000
vn -0.0525 -0.0671 0.9964
vn -0.0741 -0.0485 0.9961
vn -0.0705 -0.0516 0.9962
vn -0.0530 -0.0667 0.9964
vn 0.0880 0.0364 -0.9955
vn 0.0975 0.0282 -0.9948
vn 0.0979 0.0279 -0.9948
vn 0.0923 0.0327 -0.9952
vn -0.0929 -0.0323 0.9952
vn -0.0963 -0.0293 0.9949
vn -0.0953 -0.0302 0.9950
vn -0.0914 -0.0335 0.9953
vn -0.0364 -0.0809 0.9961
vn -0.0388 -0.0793 0.9961
vn -0.0877 -0.0368 0.9955
vn -0.0859 -0.0383 0.9956
vn 0.0834 0.0404 -0.9957
vn 0.0741 0.0485 -0.9961
vn 0.0705 0.0516 -0.9962
vn -0.0254 -0.0903 0.9956
vn -0.0278 -0.0883 0.9957
vn 0.0963 0.0293 -0.9949
vn 0.0953 0.0302 -0.9950
vn -0.0807 -0.0427 0.9958
vn -0.0790 -0.0443 0.9959
vn 0.0525 0.0671 -0.9964
vn 0.0530 0.0667 -0.9964
vn -0.0193 -0.0955 0.9952
vn -0.0207 -0.0943 0.9953
vn 0.0929 0.0323 -0.9952
vn 0.0914 0.0335 -0.9953
vn -0.0720 -0.0503 0.9961
vn -0.0706 -0.0515 0.9962
vn 0.0364 0.0809 -0.9961
vn 0.0387 0.0790 -0.9961
vn -0.0179 -0.0967 0.9952
vn -0.7584 0.6518 -0.0000
vn 0.0877 0.0368 -0.9955
vn 0.0859 0.0383 -0.9956
vn -0.0614 -0.0595 0.9963
vn -0.0608 -0.0600 0.9963
vn 0.0254 0.0903 -0.9956
vn 0.0278 0.0883 -0.9957
vn -0.0195 -0.0958 0.9952
vn 0.0807 0.0427 -0.9958
vn 0.0790 0.0443 -0.9959
vn -0.0490 -0.0707 0.9963
vn -0.0494 -0.0697 0.9963
vn 0.0193 0.0955 -0.9952
vn 0.0209 0.0946 -0.9953
vn 0.0720 0.0503 -0.9961
vn 0.0708 0.0517 -0.9961
vn -0.0335 -0.0834 0.9960
vn 0.0179 0.0971 -0.9951
vn 0.0179 0.0967 -0.9952
vn -0.0387 -0.0790 0.9961
vn 0.7581 -0.6522 -0.0000
vn 0.0614 0.0595 -0.9963
vn 0.0608 0.0600 -0.9963
vn -0.0158 -0.0985 0.9950
vn -0.0215 -0.0936 0.9954
vn 0.0207 0.0943 -0.9953
vn 0.0195 0.0958 -0.9952
vn -0.0530 -0.0666 0.9964
vn -0.0525 -0.0670 0.9964
vn 0.0489 0.0706 -0.9963
vn 0.0494 0.0697 -0.9963
vn -0.0097 -0.1040 0.9945
vn -0.0740 -0.0485 0.9961
vn 0.0335 0.0834 -0.9960
vn -0.0880 -0.0364 0.9955
vn -0.0923 -0.0327 0.9952
vn 0.0158 0.0985 -0.9950
vn 0.0215 0.0936 -0.9954
vn 0.0530 0.0666 -0.9964
vn 0.0525 0.0670 -0.9964
vn -0.0975 -0.0282 0.9948
vn -0.0982 -0.0279 0.9948
vn 0.0097 0.1037 -0.9946
vn 0.0740 0.0485 -0.9961
vn -0.0979 -0.0279 0.9948
vn -0.0834 -0.0404 0.9957
vn -0.4339 -0.0000 0.9010
vn -0.7818 -0.0000 0.6235
vn -0.9749 -0.0000 0.2225
vn -0.9749 -0.0000 -0.2225
vn -0.7818 -0.0000 -0.6235
vn -0.4339 -0.0000 -0.9010
vn 0.4339 -0.0000 -0.9010
vn 0.7818 -0.0000 -0.6235
vn 0.9749 -0.0000 -0.2225
vn 0.9749 -0.0000 0.2225
vn 0.7818 -0.0000 0.6235
vn -0.7072 -0.6883 -0.1614
vn -0.7072 -0.6883 0.1614
vn -0.7991 -0.5728 0.1824
vn -0.7991 -0.5728 -0.1824
vn 0.4339 -0.0000 0.9010
vn -0.0000 -1.0000 -0.0000
vn -0.6409 -0.5728 0.5111
vn -0.3556 -0.5728 0.7385
vn -0.3843 -0.4644 0.7979
vn -0.6924 -0.4644 0.5522
vn 0.5671 -0.6883 -0.4523
vn 0.3147 -0.6883 -0.6536
vn 0.3556 -0.5728 -0.7385
vn 0.6408 -0.5728 -0.5111
vn -0.0000 -0.6883 0.7254
vn 0.3147 -0.6883 0.6536
vn 0.3556 -0.5728 0.7385
vn -0.0000 -0.5728 0.8197
vn -0.5671 -0.6883 0.4523
vn -0.3147 -0.6883 0.6536
vn -0.0000 -0.6883 -0.7254
vn -0.3147 -0.6883 -0.6536
vn -0.3556 -0.5728 -0.7385
vn -0.0000 -0.5728 -0.8197
vn 0.5671 -0.6883 0.4523
vn 0.7072 -0.6883 0.1614
vn 0.7991 -0.5728 0.1824
vn 0.6408 -0.5728 0.5111
vn -0.5671 -0.6883 -0.4523
vn -0.6409 -0.5728 -0.5111
vn 0.7072 -0.6883 -0.1614
vn 0.7991 -0.5728 -0.1824
vn -0.3117 0.6957 -0.6472
vn -0.5616 0.6957 -0.4479
vn -0.6511 0.5536 -0.5192
vn -0.3613 0.5536 -0.7503
vn 0.6924 -0.4644 -0.5522
vn 0.8634 -0.4644 -0.1971
vn -0.8634 -0.4644 0.1971
vn 0.8634 -0.4644 0.1971
vn -0.8634 -0.4644 -0.1971
vn 0.6924 -0.4644 0.5522
vn -0.6924 -0.4644 -0.5522
vn 0.3843 -0.4644 0.7979
vn -0.3843 -0.4644 -0.7979
vn -0.0000 -0.4644 0.8856
vn -0.0000 -0.4644 -0.8856
vn 0.3843 -0.4644 -0.7979
vn -0.0000 0.8503 -0.5263
vn 0.2284 0.8503 -0.4742
vn 0.4115 0.8503 -0.3282
vn 0.5131 0.8503 -0.1171
vn 0.5131 0.8503 0.1171
vn 0.4115 0.8503 0.3282
vn 0.2284 0.8503 0.4742
vn -0.0000 0.8503 0.5263
vn -0.2284 0.8503 0.4742
vn -0.4115 0.8503 0.3281
vn -0.5131 0.8503 0.1171
vn -0.5131 0.8503 -0.1171
vn -0.4115 0.8503 -0.3281
vn -0.2284 0.8503 -0.4742
vn -0.0000 1.0000 -0.0000
vn 0.3613 0.5536 -0.7503
vn -0.0000 0.5536 -0.8328
vn -0.0000 0.3641 -0.9314
vn 0.4041 0.3641 -0.8391
vn -0.0000 0.6957 0.7184
vn 0.3117 0.6957 0.6472
vn 0.3613 0.5536 0.7503
vn -0.0000 0.5536 0.8328
vn -0.0000 0.6957 -0.7184
vn 0.3117 0.6957 -0.6472
vn -0.3117 0.6957 0.6472
vn -0.3613 0.5536 0.7503
vn 0.5616 0.6957 -0.4479
vn 0.6511 0.5536 -0.5192
vn -0.5616 0.6957 0.4479
vn -0.6511 0.5536 0.5192
vn 0.7004 0.6957 -0.1598
vn 0.8119 0.5536 -0.1853
vn -0.7004 0.6957 0.1599
vn -0.8119 0.5536 0.1853
vn 0.7004 0.6957 0.1598
vn 0.8119 0.5536 0.1853
vn -0.7004 0.6957 -0.1599
vn -0.8119 0.5536 -0.1853
vn 0.5616 0.6957 0.4479
vn 0.6511 0.5536 0.5192
vn 0.0009 1.0000 0.0002
vn 0.0010 1.0000 0.0010
vn 0.0007 1.0000 0.0006
vn -0.0000 0.3641 0.9314
vn -0.4041 0.3641 0.8391
vn 0.7282 0.3641 -0.5807
vn -0.7281 0.3641 0.5807
vn 0.9080 0.3641 -0.2072
vn -0.9080 0.3641 0.2073
vn 0.9080 0.3641 0.2072
vn -0.9080 0.3641 -0.2073
vn 0.7282 0.3641 0.5807
vn -0.7281 0.3641 -0.5807
vn 0.4041 0.3641 0.8391
vn -0.4041 0.3641 -0.8391
vn 0.9217 0.3259 0.2104
vn 0.9217 0.3259 -0.2104
vn 0.8792 0.4321 -0.2007
vn 0.8792 0.4321 0.2007
vn -0.0004 -1.0000 -0.0009
vn -0.0009 -1.0000 -0.0009
vn -0.0007 -1.0000 -0.0006
vn 0.0009 1.0000 -0.0002
vn -0.0009 -1.0000 -0.0002
vn 0.0010 1.0000 -0.0010
vn 0.0007 1.0000 -0.0006
vn -0.0009 -1.0000 0.0002
vn 0.0006 1.0000 -0.0011
vn 0.0004 1.0000 -0.0009
vn -0.0009 -1.0000 0.0009
vn -0.0007 -1.0000 0.0006
vn -0.0000 1.0000 -0.0010
vn -0.0004 -1.0000 0.0009
vn -0.0004 1.0000 -0.0009
vn -0.0000 -1.0000 0.0010
vn -0.0009 1.0000 -0.0009
vn -0.0007 1.0000 -0.0006
vn 0.0004 -1.0000 0.0009
vn -0.7051 0.4321 -0.5623
vn -0.8793 0.4320 -0.2007
vn -0.9313 0.2959 -0.2126
vn -0.7468 0.2959 -0.5956
vn -0.9218 0.3258 -0.2104
vn -0.9218 0.3258 0.2104
vn -0.8793 0.4320 0.2007
vn 0.7391 0.3259 0.5895
vn 0.7051 0.4321 0.5623
vn -0.7392 0.3258 -0.5895
vn 0.4102 0.3259 0.8518
vn 0.3913 0.4321 0.8125
vn -0.4102 0.3259 -0.8518
vn -0.3913 0.4321 -0.8125
vn -0.0000 0.3260 0.9454
vn -0.0000 0.4321 0.9018
vn -0.0000 0.3260 -0.9454
vn -0.0000 0.4321 -0.9018
vn 0.4102 0.3259 -0.8518
vn 0.3913 0.4321 -0.8125
vn -0.4102 0.3259 0.8518
vn -0.3913 0.4321 0.8125
vn 0.7391 0.3259 -0.5895
vn 0.7051 0.4321 -0.5623
vn -0.7392 0.3258 0.5895
vn -0.7051 0.4321 0.5623
vn -0.0000 0.2959 0.9552
vn 0.4144 0.2959 0.8606
vn 0.4186 -0.2632 0.8692
vn -0.0000 -0.2632 0.9647
vn 0.7468 0.2959 0.5956
vn -0.4144 0.2959 -0.8606
vn -0.0000 0.2959 -0.9552
vn 0.4144 0.2959 -0.8606
vn -0.4144 0.2959 0.8606
vn 0.7468 0.2959 -0.5956
vn -0.7468 0.2959 0.5956
vn 0.9313 0.2959 -0.2126
vn -0.9313 0.2959 0.2126
vn 0.9313 0.2959 0.2126
vn 0.4186 -0.2632 -0.8692
vn -0.0000 -0.2632 -0.9647
vn -0.0000 -0.6751 -0.7378
vn 0.3201 -0.6751 -0.6647
vn -0.4186 -0.2632 -0.8692
vn -0.4186 -0.2632 0.8692
vn 0.7543 -0.2632 -0.6015
vn -0.7543 -0.2632 0.6015
vn 0.9405 -0.2632 -0.2148
vn -0.9405 -0.2632 0.2148
vn 0.9405 -0.2632 0.2148
vn -0.9405 -0.2632 -0.2148
vn 0.7543 -0.2632 0.6015
vn -0.7543 -0.2632 -0.6015
vn -0.0000 -0.6751 0.7378
vn -0.3201 -0.6751 0.6647
vn 0.5768 -0.6750 -0.4600
vn -0.5768 -0.6750 0.4600
vn 0.7193 -0.6751 -0.1642
vn -0.7192 -0.6751 0.1643
vn 0.7193 -0.6751 0.1642
vn -0.7192 -0.6751 -0.1643
vn 0.5768 -0.6750 0.4600
vn -0.5768 -0.6750 -0.4600
vn 0.3201 -0.6751 0.6647
vn -0.3201 -0.6751 -0.6647
vn 0.7435 0.3094 -0.5929
vn 0.4125 0.3094 -0.8568
vn 0.4232 -0.2202 -0.8789
vn 0.7626 -0.2202 -0.6082
vn -0.9510 -0.2202 0.2171
vn -0.7626 -0.2202 0.6082
vn -0.6509 -0.5539 0.5191
vn -0.8117 -0.5539 0.1853
vn -0.7435 0.3094 0.5929
vn -0.4125 0.3094 0.8568
vn -0.4232 -0.2203 0.8789
vn 0.9271 0.3094 -0.2116
vn 0.9510 -0.2202 -0.2171
vn -0.9271 0.3094 0.2116
vn 0.9271 0.3094 0.2116
vn 0.9510 -0.2202 0.2171
vn -0.9271 0.3094 -0.2116
vn -0.9510 -0.2202 -0.2171
vn 0.7435 0.3094 0.5929
vn 0.7626 -0.2202 0.6082
vn -0.7435 0.3094 -0.5929
vn -0.7626 -0.2202 -0.6082
vn 0.4125 0.3094 0.8568
vn 0.4232 -0.2202 0.8789
vn -0.4125 0.3094 -0.8568
vn -0.4232 -0.2203 -0.8789
vn -0.0000 0.3094 0.9509
vn -0.0000 -0.2203 0.9754
vn -0.0000 0.3094 -0.9509
vn -0.0000 -0.2203 -0.9754
vn 0.6509 -0.5539 0.5191
vn 0.8117 -0.5539 0.1853
vn 0.7326 -0.6598 0.1672
vn 0.5875 -0.6598 0.4685
vn 0.8117 -0.5539 -0.1853
vn -0.8117 -0.5539 -0.1853
vn -0.6509 -0.5539 -0.5191
vn 0.3612 -0.5539 0.7501
vn -0.3612 -0.5539 -0.7501
vn -0.0000 -0.5539 0.8326
vn -0.0000 -0.5539 -0.8326
vn 0.3612 -0.5539 -0.7501
vn -0.3612 -0.5539 0.7501
vn 0.6509 -0.5539 -0.5191
vn -0.7326 -0.6598 -0.1672
vn -0.5875 -0.6598 -0.4685
vn 0.3260 -0.6598 0.6770
vn -0.3260 -0.6598 -0.6770
vn -0.0000 -0.6598 0.7514
vn -0.0000 -0.6598 -0.7514
vn 0.3260 -0.6598 -0.6770
vn -0.3260 -0.6598 0.6770
vn 0.5875 -0.6598 -0.4685
vn -0.5875 -0.6598 0.4685
vn 0.7326 -0.6598 -0.1672
vn -0.7326 -0.6598 0.1672
vn 0.9749 -0.0000 -0.2226
vn -0.9749 -0.0000 0.2226
vn 0.9749 -0.0000 0.2226
vn -0.9749 -0.0000 -0.2226
vn -0.4201 -0.2494 0.8725
vn -0.0000 -0.2494 0.9684
vn -0.0000 0.1034 0.9946
vn -0.4315 0.1034 0.8961
vn -0.7571 -0.2494 0.6038
vn -0.7777 0.1034 0.6201
vn -0.9441 -0.2494 0.2155
vn -0.9697 0.1034 0.2213
vn -0.9441 -0.2494 -0.2155
vn -0.9697 0.1034 -0.2213
vn -0.7571 -0.2494 -0.6038
vn -0.7777 0.1034 -0.6201
vn -0.4201 -0.2494 -0.8725
vn -0.4315 0.1034 -0.8961
vn -0.0000 -0.2494 -0.9684
vn -0.0000 0.1034 -0.9946
vn 0.4202 -0.2494 -0.8725
vn 0.4315 0.1034 -0.8961
vn 0.7571 -0.2494 -0.6038
vn 0.7777 0.1034 -0.6201
vn 0.9441 -0.2494 -0.2155
vn 0.9697 0.1034 -0.2213
vn 0.9441 -0.2494 0.2155
vn 0.9697 0.1034 0.2213
vn 0.7571 -0.2494 0.6038
vn 0.7777 0.1034 0.6201
vn 0.4202 -0.2494 0.8725
vn 0.4315 0.1034 0.8961
vn -0.2959 -0.7314 0.6144
vn -0.0000 -0.7314 0.6820
vn -0.0000 -0.5418 0.8405
vn -0.3647 -0.5418 0.7573
vn -0.5332 -0.7314 0.4252
vn -0.6572 -0.5418 0.5241
vn -0.6648 -0.7314 0.1518
vn -0.8195 -0.5418 0.1871
vn -0.6648 -0.7314 -0.1518
vn -0.8195 -0.5418 -0.1871
vn -0.5332 -0.7314 -0.4252
vn -0.6572 -0.5418 -0.5241
vn -0.2959 -0.7314 -0.6144
vn -0.3647 -0.5418 -0.7573
vn -0.0000 -0.7314 -0.6820
vn -0.0000 -0.5418 -0.8405
vn 0.2959 -0.7314 -0.6144
vn 0.3647 -0.5418 -0.7573
vn 0.5332 -0.7314 -0.4252
vn 0.6572 -0.5418 -0.5240
vn 0.6648 -0.7314 -0.1517
vn 0.8195 -0.5417 -0.1871
vn 0.6648 -0.7314 0.1517
vn 0.8195 -0.5417 0.1871
vn 0.5332 -0.7314 0.4252
vn 0.6572 -0.5418 0.5240
vn 0.2959 -0.7314 0.6144
vn 0.3647 -0.5418 0.7573
vn -0.4041 0.3638 0.8392
vn -0.0000 0.3638 0.9315
vn -0.0000 0.5021 0.8648
vn -0.3752 0.5021 0.7792
vn -0.7282 0.3639 0.5808
vn -0.6761 0.5021 0.5392
vn -0.9081 0.3638 0.2073
vn -0.8431 0.5021 0.1924
vn -0.9081 0.3638 -0.2073
vn -0.8431 0.5021 -0.1924
vn -0.7282 0.3639 -0.5808
vn -0.6761 0.5021 -0.5392
vn -0.4041 0.3638 -0.8392
vn -0.3752 0.5021 -0.7792
vn -0.0000 0.3638 -0.9315
vn -0.0000 0.5021 -0.8648
vn 0.4041 0.3638 -0.8392
vn 0.3752 0.5021 -0.7792
vn 0.7282 0.3638 -0.5808
vn 0.6762 0.5021 -0.5392
vn 0.9081 0.3638 -0.2073
vn 0.8431 0.5021 -0.1924
vn 0.9081 0.3638 0.2073
vn 0.8431 0.5021 0.1924
vn 0.7282 0.3638 0.5808
vn 0.6762 0.5021 0.5392
vn 0.4041 0.3638 0.8392
vn 0.3752 0.5021 0.7792
vn -0.0000 0.8943 -0.4474
vn 0.1941 0.8943 -0.4031
vn 0.3498 0.8943 -0.2789
vn 0.4361 0.8944 -0.0996
vn 0.4361 0.8944 0.0996
vn 0.3498 0.8943 0.2789
vn 0.1941 0.8943 0.4031
vn -0.0000 0.8943 0.4474
vn -0.1941 0.8943 0.4031
vn -0.3498 0.8943 0.2790
vn -0.4362 0.8943 0.0996
vn -0.4362 0.8943 -0.0996
vn -0.3498 0.8943 -0.2790
vn -0.1941 0.8943 -0.4031
vn 0.7796 0.0749 -0.6217
vn 0.4327 0.0749 -0.8984
vn 0.7797 0.0749 -0.6217
vn -0.7796 0.0749 0.6217
vn -0.4326 0.0749 0.8985
vn -0.4327 0.0749 0.8984
vn -0.7796 0.0749 0.6218
vn 0.9722 0.0748 -0.2219
vn -0.9722 0.0749 0.2219
vn -0.9722 0.0748 0.2219
vn 0.9722 0.0748 0.2219
vn -0.9722 0.0748 -0.2219
vn 0.7796 0.0749 0.6217
vn 0.7797 0.0749 0.6217
vn -0.7796 0.0749 -0.6217
vn -0.7796 0.0749 -0.6218
vn 0.4327 0.0749 0.8984
vn -0.4326 0.0749 -0.8985
vn -0.4327 0.0749 -0.8984
vn -0.0000 0.0749 0.9972
vn -0.0000 0.0749 -0.9972
vn -0.0000 -1.0000 -0.0010
vn 0.0006 1.0000 0.0011
vn 0.0004 1.0000 0.0009
vn 0.0004 -1.0000 -0.0009
vn -0.0000 1.0000 0.0010
vn 0.0009 -1.0000 -0.0009
vn 0.0007 -1.0000 -0.0006
vn -0.0004 1.0000 0.0009
vn 0.0009 -1.0000 -0.0002
vn -0.0009 1.0000 0.0009
vn -0.0007 1.0000 0.0006
vn 0.0009 -1.0000 0.0002
vn -0.0009 1.0000 0.0002
vn 0.0009 -1.0000 0.0009
vn 0.0007 -1.0000 0.0006
vn -0.0009 1.0000 -0.0002
vn -0.4341 -0.0000 0.9009
vn -0.7817 -0.0000 0.6236
vn 0.7817 -0.0000 -0.6236
vn 0.7817 -0.0000 0.6236
vn -0.7817 -0.0000 -0.6236
vn 0.4341 -0.0000 0.9009
vn -0.4341 -0.0000 -0.9009
vn 0.4341 -0.0000 -0.9009
vn -0.0000 0.0428 0.9991
vn -0.0000 0.1947 0.9809
vn -0.4256 0.1948 0.8837
vn -0.4335 0.0428 0.9001
vn -0.0000 0.5427 0.8399
vn -0.3645 0.5427 0.7567
vn -0.0000 0.7693 0.6389
vn -0.2773 0.7692 0.5757
vn -0.7669 0.1948 0.6115
vn -0.7811 0.0428 0.6229
vn -0.6567 0.5427 0.5236
vn -0.4996 0.7692 0.3984
vn -0.9563 0.1948 0.2182
vn -0.9740 0.0429 0.2223
vn -0.8189 0.5427 0.1869
vn -0.6230 0.7692 0.1422
vn -0.9563 0.1948 -0.2182
vn -0.9740 0.0429 -0.2223
vn -0.8189 0.5427 -0.1869
vn -0.6230 0.7692 -0.1422
vn -0.7669 0.1948 -0.6115
vn -0.7811 0.0428 -0.6229
vn -0.6567 0.5427 -0.5236
vn -0.4996 0.7692 -0.3984
vn -0.4256 0.1948 -0.8837
vn -0.4335 0.0428 -0.9001
vn -0.3645 0.5427 -0.7567
vn -0.2773 0.7692 -0.5757
vn -0.0000 0.1947 -0.9809
vn -0.0000 0.0428 -0.9991
vn -0.0000 0.5425 -0.8401
vn -0.0000 0.7693 -0.6389
vn 0.4256 0.1948 -0.8837
vn 0.4335 0.0428 -0.9001
vn 0.3645 0.5427 -0.7567
vn 0.2773 0.7692 -0.5757
vn 0.7669 0.1948 -0.6115
vn 0.7811 0.0428 -0.6229
vn 0.6567 0.5427 -0.5236
vn 0.4996 0.7692 -0.3984
vn 0.9563 0.1948 -0.2182
vn 0.9740 0.0429 -0.2223
vn 0.8189 0.5427 -0.1869
vn 0.6230 0.7692 -0.1422
vn 0.9563 0.1948 0.2182
vn 0.9740 0.0429 0.2223
vn 0.8189 0.5427 0.1869
vn 0.6230 0.7692 0.1422
vn 0.7669 0.1948 0.6115
vn 0.7811 0.0428 0.6229
vn 0.6567 0.5427 0.5236
vn 0.4996 0.7692 0.3984
vn 0.4256 0.1948 0.8837
vn 0.4335 0.0428 0.9001
vn 0.3645 0.5427 0.7567
vn 0.2773 0.7692 0.5757
vt 0.031553 0.383318
vt 0.031553 0.388350
vt 0.018590 0.388350
vt 0.018590 0.383318
vt 0.385078 0.063045
vt 0.398058 0.063045
vt 0.398058 0.068677
vt 0.385078 0.068677
vt 0.084277 0.000521
vt 0.088373 0.000521
vt 0.088373 0.014563
vt 0.084277 0.014563
vt 0.398058 0.074064
vt 0.385078 0.074064
vt 0.093642 0.000521
vt 0.093642 0.014563
vt 0.031553 0.353112
vt 0.031553 0.359482
vt 0.018590 0.359482
vt 0.018590 0.353112
vt 0.398058 0.079150
vt 0.385078 0.079150
vt 0.014563 0.090282
vt 0.014563 0.097087
vt 0.001574 0.097087
vt 0.001574 0.090282
vt 0.068831 0.026581
vt 0.068831 0.020922
vt 0.082524 0.020922
vt 0.082524 0.026581
vt 0.031553 0.326719
vt 0.031553 0.331095
vt 0.018590 0.331095
vt 0.018590 0.326719
vt 0.002984 0.116505
vt 0.000317 0.116505
vt 0.000317 0.102949
vt 0.002984 0.102949
vt 0.068831 0.014757
vt 0.082524 0.014757
vt 0.031553 0.335647
vt 0.018590 0.335647
vt 0.068831 0.008264
vt 0.082524 0.008264
vt 0.031553 0.340328
vt 0.018590 0.340328
vt 0.398058 0.005044
vt 0.398058 0.008200
vt 0.385078 0.008200
vt 0.385078 0.005044
vt 0.031553 0.081635
vt 0.031553 0.087379
vt 0.018468 0.087379
vt 0.018468 0.081635
vt 0.031553 0.345090
vt 0.018590 0.345090
vt 0.398058 0.011424
vt 0.385078 0.011424
vt 0.302109 0.008674
vt 0.302109 0.001455
vt 0.315534 0.001455
vt 0.315534 0.008674
vt 0.031553 0.350178
vt 0.018590 0.350178
vt 0.031553 0.002144
vt 0.031553 0.007935
vt 0.018468 0.007935
vt 0.018468 0.002144
vt 0.014563 0.001896
vt 0.014563 0.005324
vt 0.001574 0.005324
vt 0.001574 0.001896
vt 0.014563 0.012759
vt 0.014563 0.018483
vt 0.001574 0.018483
vt 0.001574 0.012759
vt 0.031553 0.366141
vt 0.018590 0.366141
vt 0.385078 0.015849
vt 0.398058 0.015849
vt 0.398058 0.021436
vt 0.385078 0.021436
vt 0.398058 0.027225
vt 0.385078 0.027225
vt 0.031553 0.372636
vt 0.018590 0.372636
vt 0.398058 0.033157
vt 0.385078 0.033157
vt 0.398058 0.039179
vt 0.385078 0.039179
vt 0.031553 0.378513
vt 0.018590 0.378513
vt 0.398058 0.045235
vt 0.385078 0.045235
vt 0.398058 0.051268
vt 0.385078 0.051268
vt 0.031553 0.068898
vt 0.031553 0.075156
vt 0.018468 0.075156
vt 0.018468 0.068898
vt 0.398058 0.057223
vt 0.385078 0.057223
vt 0.014563 0.072079
vt 0.014563 0.078421
vt 0.001574 0.078421
vt 0.001574 0.072079
vt 0.150340 0.583600
vt 0.145557 0.585791
vt 0.143080 0.577637
vt 0.146949 0.575861
vt 0.014563 0.084507
vt 0.001574 0.084507
vt 0.154418 0.582093
vt 0.152398 0.573888
vt 0.031553 0.038880
vt 0.031553 0.046544
vt 0.018468 0.046544
vt 0.018468 0.038880
vt 0.762521 0.090537
vt 0.761108 0.097534
vt 0.752742 0.096477
vt 0.754386 0.088263
vt 0.302109 0.029126
vt 0.302109 0.022776
vt 0.315534 0.022776
vt 0.315534 0.029126
vt 0.031553 0.013116
vt 0.018468 0.013116
vt 0.097087 0.000521
vt 0.097087 0.014563
vt 0.302109 0.015910
vt 0.315534 0.015910
vt 0.031553 0.018411
vt 0.018468 0.018411
vt 0.823614 0.045685
vt 0.820348 0.045143
vt 0.821243 0.036740
vt 0.825634 0.037480
vt 0.031553 0.023704
vt 0.018468 0.023704
vt 0.014563 0.008994
vt 0.001574 0.008994
vt 0.806118 0.149275
vt 0.812801 0.149326
vt 0.813210 0.157767
vt 0.805561 0.157707
vt 0.031553 0.028910
vt 0.018468 0.028910
vt 0.825953 0.147261
vt 0.832077 0.145239
vt 0.834952 0.153186
vt 0.828154 0.155420
vt 0.031553 0.035127
vt 0.018468 0.035127
vt 0.215770 0.649103
vt 0.223905 0.651372
vt 0.222250 0.656445
vt 0.214327 0.653519
vt 0.816658 0.044932
vt 0.816788 0.036482
vt 0.809118 0.045366
vt 0.804416 0.046306
vt 0.801945 0.038224
vt 0.808007 0.036989
vt 0.031553 0.054288
vt 0.018468 0.054288
vt 0.014563 0.024884
vt 0.001574 0.024884
vt 0.014563 0.031559
vt 0.001574 0.031559
vt 0.031553 0.061841
vt 0.018468 0.061841
vt 0.014563 0.038349
vt 0.001574 0.038349
vt 0.014563 0.045195
vt 0.001574 0.045195
vt 0.014563 0.052042
vt 0.001574 0.052042
vt 0.014563 0.058839
vt 0.001574 0.058839
vt 0.204865 0.669229
vt 0.208842 0.664555
vt 0.215657 0.669545
vt 0.210952 0.675086
vt 0.014563 0.065535
vt 0.001574 0.065535
vt 0.212581 0.657826
vt 0.220323 0.661201
vt 0.819470 0.148639
vt 0.820785 0.156987
vt 0.210408 0.662225
vt 0.217643 0.666584
vt 0.812822 0.045018
vt 0.812330 0.036581
vt 0.760743 0.103457
vt 0.752304 0.103787
vt 0.171914 0.685683
vt 0.178439 0.684847
vt 0.180059 0.693140
vt 0.172470 0.694115
vt 0.145954 0.681647
vt 0.152079 0.683669
vt 0.149878 0.691828
vt 0.143080 0.689594
vt 0.200076 0.673698
vt 0.205522 0.680156
vt 0.161374 0.581339
vt 0.157684 0.581550
vt 0.156789 0.573148
vt 0.161244 0.572890
vt 0.194855 0.677692
vt 0.199649 0.684648
vt 0.168914 0.581774
vt 0.170024 0.573397
vt 0.176087 0.574632
vt 0.173616 0.582713
vt 0.189582 0.680942
vt 0.193575 0.688387
vt 0.799066 0.048206
vt 0.795822 0.040403
vt 0.793931 0.050669
vt 0.789904 0.043240
vt 0.184634 0.683177
vt 0.187465 0.691139
vt 0.789042 0.053647
vt 0.784312 0.046645
vt 0.832475 0.049383
vt 0.827692 0.047192
vt 0.831082 0.039453
vt 0.834952 0.041229
vt 0.784430 0.057095
vt 0.779072 0.050562
vt 0.780126 0.060967
vt 0.774209 0.054937
vt 0.776162 0.065218
vt 0.769746 0.059721
vt 0.769190 0.128147
vt 0.773167 0.132821
vt 0.767080 0.138678
vt 0.762375 0.133138
vt 0.772568 0.069800
vt 0.765709 0.064870
vt 0.769376 0.074669
vt 0.762123 0.070339
vt 0.165231 0.685734
vt 0.164822 0.694175
vt 0.063107 0.043248
vt 0.063107 0.055825
vt 0.054778 0.055825
vt 0.054778 0.043248
vt 0.766617 0.079779
vt 0.759019 0.076088
vt 0.764321 0.085084
vt 0.756428 0.082075
vt 0.158561 0.685047
vt 0.157247 0.693395
vt 0.216924 0.633941
vt 0.215511 0.626945
vt 0.223646 0.624671
vt 0.225290 0.632885
vt 0.165209 0.581425
vt 0.165702 0.572989
vt 0.761237 0.108151
vt 0.752907 0.109548
vt 0.799593 0.148439
vt 0.797973 0.156733
vt 0.762262 0.112695
vt 0.754126 0.114964
vt 0.763704 0.117111
vt 0.755781 0.120037
vt 0.765451 0.121418
vt 0.757708 0.124794
vt 0.178966 0.584614
vt 0.182209 0.576811
vt 0.767624 0.125817
vt 0.760389 0.130176
vt 0.184101 0.587076
vt 0.188128 0.579648
vt 0.188990 0.590055
vt 0.193720 0.583053
vt 0.217289 0.639865
vt 0.225728 0.640195
vt 0.193602 0.593503
vt 0.198959 0.586969
vt 0.197905 0.597375
vt 0.203823 0.591344
vt 0.201870 0.601625
vt 0.208286 0.596129
vt 0.777956 0.137290
vt 0.772510 0.143748
vt 0.205463 0.606208
vt 0.212323 0.601277
vt 0.208656 0.611077
vt 0.215909 0.606747
vt 0.783177 0.141284
vt 0.778383 0.148241
vt 0.211415 0.616187
vt 0.219013 0.612495
vt 0.213710 0.621491
vt 0.221603 0.618483
vt 0.788450 0.144534
vt 0.784457 0.151980
vt 0.793398 0.146770
vt 0.790567 0.154731
vt 0.031553 0.321768
vt 0.018590 0.321768
vt 0.216795 0.644559
vt 0.225124 0.645956
vt 0.012136 0.116505
vt 0.007028 0.116505
vt 0.007028 0.102949
vt 0.012136 0.102949
vt 0.068831 0.031553
vt 0.082524 0.031553
vt 0.398058 0.084951
vt 0.385078 0.084951
vt 0.068831 0.001625
vt 0.082524 0.001625
vt 0.398058 0.002204
vt 0.385078 0.002204
vt 0.365046 0.028155
vt 0.378641 0.028155
vt 0.378641 0.043865
vt 0.365046 0.043865
vt 0.804210 0.884025
vt 0.817961 0.884025
vt 0.817961 0.899342
vt 0.804210 0.899342
vt 0.804210 0.793854
vt 0.817961 0.793854
vt 0.817961 0.807943
vt 0.804210 0.807943
vt 0.378641 0.061133
vt 0.365046 0.061133
vt 0.099870 0.014563
vt 0.099870 0.000082
vt 0.111650 0.000082
vt 0.111650 0.014563
vt 0.817961 0.914693
vt 0.804210 0.914693
vt 0.817961 0.821277
vt 0.804210 0.821277
vt 0.378641 0.080097
vt 0.365046 0.080097
vt 0.804210 0.714602
vt 0.817961 0.714602
vt 0.817961 0.725296
vt 0.804210 0.725296
vt 0.817961 0.929616
vt 0.804210 0.929616
vt 0.817961 0.833479
vt 0.804210 0.833479
vt 0.817961 0.737499
vt 0.804210 0.737499
vt 0.817961 0.943643
vt 0.804210 0.943643
vt 0.817961 0.844173
vt 0.804210 0.844173
vt 0.817961 0.750833
vt 0.804210 0.750833
vt 0.817961 0.956311
vt 0.804210 0.956311
vt 0.817961 0.855360
vt 0.804210 0.855360
vt 0.817961 0.764922
vt 0.804210 0.764922
vt 0.365046 0.000873
vt 0.378641 0.000873
vt 0.378641 0.013870
vt 0.365046 0.013870
vt 0.817961 0.869210
vt 0.804210 0.869210
vt 0.817961 0.779388
vt 0.804210 0.779388
vt 0.014563 0.311881
vt 0.014563 0.327384
vt 0.000823 0.327384
vt 0.000823 0.311881
vt 0.932039 0.170131
vt 0.932039 0.185511
vt 0.918232 0.185511
vt 0.918232 0.170131
vt 0.932039 0.080610
vt 0.932039 0.094735
vt 0.918232 0.094735
vt 0.918232 0.080610
vt 0.014563 0.344724
vt 0.000823 0.344724
vt 0.050971 0.051412
vt 0.050419 0.063107
vt 0.036046 0.062429
vt 0.036598 0.050733
vt 0.932039 0.200926
vt 0.918232 0.200926
vt 0.932039 0.107985
vt 0.918232 0.107985
vt 0.014563 0.364078
vt 0.000823 0.364078
vt 0.932039 0.001982
vt 0.932039 0.012171
vt 0.918232 0.012171
vt 0.918232 0.001982
vt 0.932039 0.215911
vt 0.918232 0.215911
vt 0.932039 0.119923
vt 0.918232 0.119923
vt 0.932039 0.024109
vt 0.918232 0.024109
vt 0.932039 0.229997
vt 0.918232 0.229997
vt 0.932039 0.130113
vt 0.918232 0.130113
vt 0.932039 0.037360
vt 0.918232 0.037360
vt 0.932039 0.242718
vt 0.918232 0.242718
vt 0.932039 0.141347
vt 0.918232 0.141347
vt 0.932039 0.051485
vt 0.918232 0.051485
vt 0.014563 0.285693
vt 0.014563 0.298042
vt 0.000823 0.298042
vt 0.000823 0.285693
vt 0.932039 0.155254
vt 0.918232 0.155254
vt 0.932039 0.066047
vt 0.918232 0.066047
vt 0.911238 0.628712
vt 0.911262 0.616718
vt 0.922330 0.617775
vt 0.922306 0.629768
vt 0.921960 0.319948
vt 0.915214 0.332921
vt 0.904146 0.333978
vt 0.910892 0.321005
vt 0.895290 0.800567
vt 0.888157 0.785738
vt 0.899224 0.786795
vt 0.906358 0.801624
vt 0.907985 0.640419
vt 0.919053 0.641475
vt 0.907876 0.346642
vt 0.896809 0.347698
vt 0.901629 0.815755
vt 0.912697 0.816812
vt 0.881315 0.179608
vt 0.877305 0.191961
vt 0.866237 0.193017
vt 0.870248 0.180665
vt 0.902312 0.651910
vt 0.913379 0.652967
vt 0.900410 0.360981
vt 0.889342 0.362038
vt 0.906712 0.831174
vt 0.917780 0.832230
vt 0.877329 0.203954
vt 0.866261 0.205011
vt 0.895024 0.663259
vt 0.906092 0.664316
vt 0.893277 0.375810
vt 0.882209 0.376866
vt 0.910077 0.846693
vt 0.921145 0.847750
vt 0.880582 0.215661
vt 0.869514 0.216718
vt 0.886929 0.674536
vt 0.897997 0.675592
vt 0.036046 0.040422
vt 0.050419 0.041101
vt 0.886938 0.390998
vt 0.875870 0.392054
vt 0.911262 0.862184
vt 0.922330 0.863241
vt 0.886255 0.227153
vt 0.875188 0.228210
vt 0.878834 0.685812
vt 0.889902 0.686869
vt 0.881855 0.406416
vt 0.870787 0.407473
vt 0.909806 0.877517
vt 0.920874 0.878573
vt 0.893543 0.238502
vt 0.882475 0.239558
vt 0.871547 0.697161
vt 0.882615 0.698217
vt 0.878490 0.421936
vt 0.867422 0.422992
vt 0.905247 0.892562
vt 0.916315 0.893619
vt 0.901638 0.249778
vt 0.890570 0.250835
vt 0.865873 0.708652
vt 0.876941 0.709709
vt 0.234946 0.246543
vt 0.234946 0.232259
vt 0.245146 0.233289
vt 0.245146 0.247573
vt 0.877305 0.437427
vt 0.866237 0.438483
vt 0.897123 0.907191
vt 0.908190 0.908248
vt 0.909733 0.261055
vt 0.898665 0.262112
vt 0.862620 0.720359
vt 0.873688 0.721416
vt 0.878761 0.452760
vt 0.867693 0.453816
vt 0.884972 0.921274
vt 0.896039 0.922330
vt 0.917020 0.272403
vt 0.905952 0.273460
vt 0.862596 0.732353
vt 0.873664 0.733410
vt 0.883320 0.467805
vt 0.872252 0.468862
vt 0.922694 0.283895
vt 0.911626 0.284952
vt 0.866607 0.744706
vt 0.877674 0.745762
vt 0.891444 0.482434
vt 0.880377 0.483490
vt 0.925946 0.295602
vt 0.914879 0.296659
vt 0.873353 0.757678
vt 0.884421 0.758735
vt 0.903595 0.496516
vt 0.892528 0.497573
vt 0.925971 0.307596
vt 0.914903 0.308653
vt 0.880690 0.771399
vt 0.891758 0.772456
vt 0.907252 0.604366
vt 0.918319 0.605422
vt 0.924468 0.660892
vt 0.950243 0.660892
vt 0.950243 0.733533
vt 0.924468 0.733533
vt 0.950243 0.806174
vt 0.924468 0.806174
vt 0.950243 0.878815
vt 0.924468 0.878815
vt 0.950243 0.951456
vt 0.924468 0.951456
vt 1.000000 0.436893
vt 0.974225 0.436893
vt 0.974225 0.364252
vt 1.000000 0.364252
vt 0.974225 0.291611
vt 1.000000 0.291611
vt 0.974225 0.218970
vt 1.000000 0.218970
vt 0.974225 0.146329
vt 1.000000 0.146329
vt 0.974225 0.073687
vt 1.000000 0.073687
vt 0.974225 0.001046
vt 1.000000 0.001046
vt 0.924468 0.370327
vt 0.950243 0.370327
vt 0.950243 0.442968
vt 0.924468 0.442968
vt 0.950243 0.515610
vt 0.924468 0.515610
vt 0.680825 0.760922
vt 0.595785 0.760922
vt 0.595784 0.732315
vt 0.680825 0.732315
vt 0.950243 0.588251
vt 0.924468 0.588251
vt 0.628922 0.016174
vt 0.685715 0.061465
vt 0.717233 0.126913
vt 0.717233 0.199554
vt 0.685715 0.265001
vt 0.628922 0.310292
vt 0.558102 0.326456
vt 0.487282 0.310292
vt 0.430489 0.265001
vt 0.398971 0.199554
vt 0.398971 0.126913
vt 0.430489 0.061465
vt 0.487282 0.016174
vt 0.558102 0.000010
vt 0.510744 0.732315
vt 0.425703 0.732315
vt 0.425703 0.699750
vt 0.510744 0.699750
vt 0.802899 0.626133
vt 0.802899 0.541102
vt 0.831509 0.541102
vt 0.831509 0.626133
vt 0.340662 0.760922
vt 0.255621 0.760922
vt 0.255621 0.732315
vt 0.340662 0.732315
vt 0.510744 0.760922
vt 0.425703 0.760922
vt 0.802899 0.456070
vt 0.802899 0.371038
vt 0.831509 0.371038
vt 0.831509 0.456070
vt 0.170580 0.760922
vt 0.085540 0.760922
vt 0.085540 0.732315
vt 0.170580 0.732315
vt 0.802899 0.286006
vt 0.802899 0.200974
vt 0.831509 0.200974
vt 0.831509 0.286006
vt 0.802899 0.711165
vt 0.831509 0.711165
vt 0.000499 0.760922
vt 0.000499 0.732315
vt 0.092569 0.394732
vt 0.115459 0.394732
vt 0.115459 0.423702
vt 0.092569 0.423702
vt 0.864078 0.626133
vt 0.864078 0.711165
vt 0.595785 0.699750
vt 0.000499 0.699750
vt 0.085540 0.699750
vt 0.680825 0.699750
vt 0.170580 0.699750
vt 0.864078 0.200974
vt 0.864078 0.286006
vt 0.255621 0.699750
vt 0.864078 0.371038
vt 0.340662 0.699750
vt 0.864078 0.456070
vt 0.864078 0.541102
vt 0.338787 0.316064
vt 0.373422 0.244034
vt 0.396836 0.249248
vt 0.357649 0.330983
vt 0.373507 0.164141
vt 0.396845 0.158707
vt 0.338968 0.092190
vt 0.357626 0.077188
vt 0.276695 0.042339
vt 0.287015 0.020780
vt 0.199087 0.024226
vt 0.199166 0.000461
vt 0.121228 0.041986
vt 0.110786 0.020157
vt 0.058484 0.091578
vt 0.039647 0.076688
vt 0.023899 0.163525
vt 0.000516 0.158320
vt 0.023816 0.243312
vt 0.000516 0.248731
vt 0.058257 0.315182
vt 0.039626 0.330104
vt 0.120209 0.365151
vt 0.109820 0.386452
vt 0.197833 0.383189
vt 0.197582 0.407160
vt 0.275924 0.365671
vt 0.286357 0.387585
vt 0.251425 0.246180
vt 0.264610 0.219019
vt 0.264706 0.188863
vt 0.251706 0.161660
vt 0.228196 0.142792
vt 0.198833 0.135988
vt 0.169392 0.142608
vt 0.145739 0.161351
vt 0.132572 0.188500
vt 0.132485 0.218640
vt 0.145463 0.245829
vt 0.168937 0.264699
vt 0.198298 0.271530
vt 0.227750 0.264932
vt 0.046788 0.423702
vt 0.069678 0.423702
vt 0.069678 0.441646
vt 0.046788 0.441646
vt 0.749756 0.241023
vt 0.762560 0.241023
vt 0.762560 0.292816
vt 0.749756 0.292816
vt 0.069678 0.394732
vt 0.046788 0.394732
vt 0.736953 0.241023
vt 0.736953 0.292816
vt 0.023897 0.394732
vt 0.023897 0.423702
vt 0.724149 0.241023
vt 0.724149 0.292816
vt 0.001007 0.394732
vt 0.001007 0.423702
vt 0.711345 0.241023
vt 0.711345 0.292816
vt 0.788167 0.241023
vt 0.800971 0.241023
vt 0.800971 0.292816
vt 0.788167 0.292816
vt 0.698542 0.241023
vt 0.698542 0.292816
vt 0.775364 0.241023
vt 0.775364 0.292816
vt 0.138349 0.394732
vt 0.138349 0.423702
vt 0.138349 0.459310
vt 0.115459 0.459310
vt 0.115459 0.456328
vt 0.138349 0.456328
vt 0.749756 0.324896
vt 0.736953 0.324896
vt 0.023897 0.441646
vt 0.724149 0.324896
vt 0.001007 0.441646
vt 0.711345 0.324896
vt 0.800971 0.324896
vt 0.788167 0.324896
vt 0.698542 0.324896
vt 0.775364 0.324896
vt 0.138349 0.441646
vt 0.115459 0.441646
vt 0.762560 0.324896
vt 0.092569 0.441646
vt 0.788167 0.356475
vt 0.800971 0.356475
vt 0.800971 0.381519
vt 0.788167 0.381519
vt 0.115459 0.444628
vt 0.092569 0.444628
vt 0.711345 0.356475
vt 0.698542 0.356475
vt 0.698542 0.351144
vt 0.711345 0.351144
vt 0.138349 0.444628
vt 0.724149 0.356475
vt 0.724149 0.351144
vt 0.711345 0.330227
vt 0.698542 0.330227
vt 0.736953 0.356475
vt 0.736953 0.351144
vt 0.724149 0.330227
vt 0.749756 0.356475
vt 0.749756 0.351144
vt 0.736953 0.330227
vt 0.762560 0.356475
vt 0.762560 0.351144
vt 0.749756 0.330227
vt 0.775364 0.356475
vt 0.775364 0.351144
vt 0.762560 0.330227
vt 0.115459 0.473318
vt 0.138350 0.473318
vt 0.138349 0.490619
vt 0.115459 0.490619
vt 0.711345 0.381519
vt 0.698542 0.381519
vt 0.775364 0.381519
vt 0.762560 0.381519
vt 0.092569 0.459310
vt 0.092569 0.473318
vt 0.749756 0.381519
vt 0.069678 0.459310
vt 0.069678 0.473318
vt 0.046788 0.459310
vt 0.046788 0.473318
vt 0.736953 0.381519
vt 0.023897 0.459310
vt 0.023897 0.473318
vt 0.724149 0.381519
vt 0.001007 0.459310
vt 0.001007 0.473318
vt 0.749756 0.412449
vt 0.762560 0.412449
vt 0.762560 0.446837
vt 0.749756 0.446837
vt 0.775364 0.412449
vt 0.092569 0.490619
vt 0.069678 0.490619
vt 0.046788 0.490619
vt 0.736953 0.412449
vt 0.023897 0.490619
vt 0.724149 0.412449
vt 0.001007 0.490619
vt 0.711345 0.412449
vt 0.800971 0.412449
vt 0.788167 0.412449
vt 0.698542 0.412449
vt 0.046788 0.509854
vt 0.069678 0.509854
vt 0.069678 0.525057
vt 0.046788 0.525057
vt 0.092569 0.509854
vt 0.736953 0.446837
vt 0.023897 0.509854
vt 0.724149 0.446837
vt 0.001007 0.509854
vt 0.711345 0.446837
vt 0.800971 0.446837
vt 0.788167 0.446837
vt 0.698542 0.446837
vt 0.775364 0.446837
vt 0.138349 0.509854
vt 0.115459 0.509854
vt 0.749756 0.474018
vt 0.736953 0.474018
vt 0.023897 0.525057
vt 0.724149 0.474018
vt 0.001007 0.525057
vt 0.711345 0.474018
vt 0.800971 0.474018
vt 0.788167 0.474018
vt 0.698542 0.474018
vt 0.775364 0.474018
vt 0.138350 0.525057
vt 0.115459 0.525057
vt 0.762560 0.474018
vt 0.092569 0.525057
vt 0.023897 0.621508
vt 0.046788 0.621508
vt 0.046788 0.644211
vt 0.023897 0.644211
vt 0.711345 0.687042
vt 0.724149 0.687041
vt 0.724149 0.731088
vt 0.711345 0.731088
vt 0.724149 0.646452
vt 0.736953 0.646452
vt 0.736953 0.687042
vt 0.001007 0.621508
vt 0.001007 0.644211
vt 0.711345 0.646452
vt 0.788167 0.646452
vt 0.800971 0.646452
vt 0.800971 0.687041
vt 0.788167 0.687042
vt 0.698542 0.646452
vt 0.698542 0.687041
vt 0.775364 0.646452
vt 0.775364 0.687041
vt 0.115459 0.621508
vt 0.138350 0.621508
vt 0.138350 0.644211
vt 0.115459 0.644211
vt 0.762560 0.646452
vt 0.762560 0.687042
vt 0.092569 0.621508
vt 0.092569 0.644211
vt 0.749756 0.646452
vt 0.749756 0.687042
vt 0.069678 0.621508
vt 0.069678 0.644211
vt 0.775364 0.731088
vt 0.788167 0.731088
vt 0.788167 0.763350
vt 0.775364 0.763350
vt 0.800971 0.731088
vt 0.698542 0.731088
vt 0.138350 0.668848
vt 0.115459 0.668848
vt 0.762560 0.731088
vt 0.092569 0.668848
vt 0.749756 0.731088
vt 0.069678 0.668848
vt 0.046788 0.668848
vt 0.736953 0.731088
vt 0.023897 0.668848
vt 0.001007 0.668848
vt 0.746757 0.084414
vt 0.746757 0.114766
vt 0.716303 0.121717
vt 0.716303 0.077463
vt 0.138349 0.686893
vt 0.115459 0.686893
vt 0.762560 0.763350
vt 0.092569 0.686893
vt 0.749756 0.763350
vt 0.069678 0.686893
vt 0.046788 0.686893
vt 0.736953 0.763350
vt 0.023897 0.686893
vt 0.724149 0.763350
vt 0.001007 0.686893
vt 0.711345 0.763350
vt 0.800971 0.763350
vt 0.698542 0.763350
vt 0.952391 0.046051
vt 0.952391 0.001797
vt 0.970874 0.001797
vt 0.970874 0.046051
vt 0.866570 0.142113
vt 0.879740 0.114767
vt 0.910194 0.121718
vt 0.890993 0.161589
vt 0.759927 0.057068
vt 0.735504 0.037591
vt 0.783657 0.038143
vt 0.770104 0.009999
vt 0.842840 0.161037
vt 0.856393 0.189182
vt 0.813249 0.031389
vt 0.813249 0.000151
vt 0.813249 0.167791
vt 0.813249 0.199029
vt 0.842840 0.038143
vt 0.856393 0.009999
vt 0.783657 0.161037
vt 0.770104 0.189182
vt 0.866570 0.057068
vt 0.890993 0.037591
vt 0.759927 0.142113
vt 0.735504 0.161589
vt 0.879740 0.084414
vt 0.910194 0.077463
vt 0.286387 0.417604
vt 0.317381 0.442125
vt 0.334526 0.477706
vt 0.334421 0.517350
vt 0.317381 0.553162
vt 0.286533 0.577854
vt 0.247975 0.586582
vt 0.209285 0.577772
vt 0.178159 0.553167
vt 0.160878 0.517478
vt 0.160899 0.477827
vt 0.178216 0.442136
vt 0.209123 0.417518
vt 0.247690 0.408867
vt 0.952391 0.355832
vt 0.952391 0.311578
vt 0.970874 0.311578
vt 0.970874 0.355832
vt 0.952391 0.090305
vt 0.970874 0.090305
vt 0.952391 0.400087
vt 0.970874 0.400087
vt 0.952391 0.134560
vt 0.970874 0.134560
vt 0.952391 0.444341
vt 0.970874 0.444341
vt 0.952391 0.178814
vt 0.970874 0.178814
vt 0.952391 0.488596
vt 0.970874 0.488596
vt 0.952391 0.223069
vt 0.970874 0.223069
vt 0.952391 0.532850
vt 0.970874 0.532850
vt 0.952391 0.267323
vt 0.970874 0.267323
vt 0.952391 0.577105
vt 0.970874 0.577105
vt 0.952391 0.621359
vt 0.970874 0.621359
vt 0.736953 0.553803
vt 0.749756 0.553804
vt 0.749756 0.576875
vt 0.736953 0.576875
vt 0.724149 0.553803
vt 0.724149 0.576875
vt 0.711345 0.553804
vt 0.711345 0.576875
vt 0.698542 0.553804
vt 0.698542 0.576875
vt 0.115459 0.569685
vt 0.138350 0.569685
vt 0.138350 0.582590
vt 0.115459 0.582590
vt 0.092569 0.569685
vt 0.092569 0.582590
vt 0.069678 0.569685
vt 0.069678 0.582590
vt 0.046788 0.569685
vt 0.046788 0.582590
vt 0.023897 0.569685
vt 0.023897 0.582590
vt 0.001007 0.569685
vt 0.001007 0.582590
vt 0.788167 0.553803
vt 0.800971 0.553804
vt 0.800971 0.576875
vt 0.788167 0.576875
vt 0.775364 0.553803
vt 0.775364 0.576875
vt 0.762560 0.553803
vt 0.762560 0.576875
vt 0.736953 0.511370
vt 0.749756 0.511370
vt 0.749756 0.533200
vt 0.736953 0.533200
vt 0.724149 0.511370
vt 0.724149 0.533200
vt 0.711345 0.511370
vt 0.711345 0.533200
vt 0.698542 0.511370
vt 0.698542 0.533200
vt 0.115459 0.545950
vt 0.138349 0.545950
vt 0.138350 0.558160
vt 0.115459 0.558160
vt 0.092569 0.545950
vt 0.092569 0.558160
vt 0.069678 0.545950
vt 0.069678 0.558160
vt 0.046788 0.545950
vt 0.046788 0.558160
vt 0.023897 0.545950
vt 0.023897 0.558160
vt 0.001007 0.545950
vt 0.001007 0.558160
vt 0.788167 0.511370
vt 0.800971 0.511370
vt 0.800971 0.533200
vt 0.788167 0.533200
vt 0.775364 0.511370
vt 0.775364 0.533200
vt 0.762560 0.511370
vt 0.762560 0.533200
vt 0.736953 0.593785
vt 0.749756 0.593785
vt 0.749756 0.608714
vt 0.736953 0.608714
vt 0.724149 0.593785
vt 0.724149 0.608714
vt 0.711345 0.593785
vt 0.711345 0.608714
vt 0.698542 0.593785
vt 0.698542 0.608714
vt 0.115459 0.592048
vt 0.138349 0.592048
vt 0.138349 0.600399
vt 0.115459 0.600399
vt 0.092569 0.592048
vt 0.092569 0.600399
vt 0.069678 0.592048
vt 0.069678 0.600399
vt 0.046788 0.592048
vt 0.046788 0.600399
vt 0.023897 0.592048
vt 0.023897 0.600399
vt 0.001007 0.592048
vt 0.001007 0.600399
vt 0.788167 0.593785
vt 0.800971 0.593785
vt 0.800971 0.608714
vt 0.788167 0.608714
vt 0.775364 0.593785
vt 0.775364 0.608714
vt 0.762560 0.593785
vt 0.762560 0.608714
vt 0.291439 0.407026
vt 0.326419 0.434892
vt 0.247651 0.397217
vt 0.204129 0.407090
vt 0.169147 0.434813
vt 0.149447 0.475193
vt 0.149544 0.520076
vt 0.169001 0.560518
vt 0.204267 0.588259
vt 0.247966 0.598301
vt 0.291560 0.588285
vt 0.326481 0.560441
vt 0.345874 0.519952
vt 0.345874 0.475073
vt 0.023897 0.444628
vt 0.046788 0.444628
vt 0.046788 0.456328
vt 0.023897 0.456328
vt 0.001007 0.444628
vt 0.001007 0.456328
vt 0.788167 0.330227
vt 0.800971 0.330227
vt 0.800971 0.351144
vt 0.788167 0.351144
vt 0.775364 0.330227
vt 0.092569 0.456328
vt 0.069678 0.444628
vt 0.069678 0.456328
vt 0.151546 0.226992
vt 0.170565 0.242160
vt 0.194282 0.247573
vt 0.217999 0.242160
vt 0.237018 0.226992
vt 0.247573 0.205075
vt 0.247573 0.180748
vt 0.237018 0.158831
vt 0.217999 0.143664
vt 0.194282 0.138250
vt 0.170565 0.143664
vt 0.151546 0.158831
vt 0.140991 0.180748
vt 0.140991 0.205075
vt 0.041158 0.001914
vt 0.041158 0.036408
vt 0.042987 0.036408
vt 0.042987 0.001914
vt 0.069656 0.040494
vt 0.070450 0.042142
vt 0.071880 0.043282
vt 0.073663 0.043689
vt 0.075446 0.043282
vt 0.076876 0.042142
vt 0.077670 0.040494
vt 0.077670 0.038665
vt 0.076876 0.037017
vt 0.075446 0.035876
vt 0.073663 0.035469
vt 0.071880 0.035876
vt 0.070450 0.037017
vt 0.069656 0.038665
vt 0.055790 0.001914
vt 0.055790 0.036408
vt 0.057620 0.036408
vt 0.057620 0.001914
vt 0.044816 0.036408
vt 0.044816 0.001914
vt 0.059449 0.036408
vt 0.059449 0.001914
vt 0.046645 0.036408
vt 0.046645 0.001914
vt 0.061278 0.036408
vt 0.061278 0.001914
vt 0.048474 0.036408
vt 0.048474 0.001914
vt 0.063107 0.036408
vt 0.063107 0.001914
vt 0.050303 0.036408
vt 0.050303 0.001914
vt 0.037499 0.001914
vt 0.037499 0.036408
vt 0.039328 0.036408
vt 0.039328 0.001914
vt 0.052132 0.036408
vt 0.052132 0.001914
vt 0.053961 0.036408
vt 0.053961 0.001914
vt 0.357102 0.661626
vt 0.360140 0.678519
vt 0.384528 0.673394
vt 0.382108 0.657932
vt 0.364001 0.691227
vt 0.386846 0.685200
vt 0.367108 0.697816
vt 0.388210 0.691755
vt 0.407661 0.670318
vt 0.406211 0.655211
vt 0.408901 0.682163
vt 0.409641 0.688964
vt 0.430782 0.668443
vt 0.429885 0.653391
vt 0.431423 0.680470
vt 0.431851 0.687506
vt 0.454141 0.667187
vt 0.453514 0.652136
vt 0.454649 0.679418
vt 0.454940 0.686834
vt 0.477545 0.666504
vt 0.477073 0.651475
vt 0.478006 0.678601
vt 0.478197 0.685725
vt 0.500638 0.666093
vt 0.500396 0.651087
vt 0.500824 0.678108
vt 0.500916 0.684955
vt 0.523744 0.665697
vt 0.523684 0.650778
vt 0.523812 0.677803
vt 0.523856 0.685122
vt 0.546796 0.665862
vt 0.546950 0.650933
vt 0.546775 0.677853
vt 0.546755 0.684669
vt 0.569738 0.666256
vt 0.570176 0.651278
vt 0.569403 0.678215
vt 0.569267 0.685233
vt 0.592910 0.666946
vt 0.593588 0.651900
vt 0.592297 0.679022
vt 0.592029 0.686134
vt 0.616324 0.668037
vt 0.617280 0.652945
vt 0.615528 0.680209
vt 0.615065 0.687542
vt 0.639721 0.670015
vt 0.641186 0.654778
vt 0.638550 0.682025
vt 0.637798 0.688957
vt 0.663118 0.673170
vt 0.665538 0.657510
vt 0.660888 0.685177
vt 0.659525 0.691809
vt 0.687839 0.678241
vt 0.690820 0.661150
vt 0.684018 0.691129
vt 0.680915 0.697816
vt 0.294616 0.635795
vt 0.255013 0.644834
vt 0.263651 0.662770
vt 0.295410 0.637443
vt 0.374889 0.338847
vt 0.350049 0.339361
vt 0.696602 0.339149
vt 0.671886 0.338705
vt 0.279215 0.675182
vt 0.296840 0.638583
vt 0.399695 0.338388
vt 0.294616 0.633966
vt 0.255013 0.624927
vt 0.424473 0.337998
vt 0.295410 0.632318
vt 0.263651 0.606991
vt 0.449231 0.337690
vt 0.296840 0.631177
vt 0.279215 0.594579
vt 0.473975 0.337467
vt 0.298623 0.630770
vt 0.298623 0.590149
vt 0.498705 0.337331
vt 0.300406 0.631177
vt 0.318031 0.594579
vt 0.523426 0.337283
vt 0.301836 0.632318
vt 0.333595 0.606991
vt 0.548142 0.337322
vt 0.302630 0.633966
vt 0.342233 0.624927
vt 0.572858 0.337444
vt 0.302630 0.635795
vt 0.342233 0.644834
vt 0.597582 0.337649
vt 0.301836 0.637443
vt 0.333595 0.662770
vt 0.622320 0.337934
vt 0.300406 0.638583
vt 0.318031 0.675182
vt 0.647084 0.338292
vt 0.298623 0.638990
vt 0.298623 0.679612
s 1
f 70/1/1 71/2/2 33/3/2 32/4/1
f 16/5/3 54/6/3 55/7/4 17/8/4
f 77/9/5 78/10/6 116/11/6 115/12/5
f 17/8/4 55/7/4 56/13/7 18/14/7
f 78/10/6 79/15/8 117/16/8 116/11/6
f 65/17/9 66/18/10 28/19/10 27/20/9
f 18/14/7 56/13/7 57/21/11 19/22/11
f 95/23/12 96/24/13 134/25/13 133/26/12
f 72/27/14 73/28/15 35/29/15 34/30/14
f 59/31/16 60/32/17 22/33/17 21/34/16
f 41/35/18 42/36/19 4/37/19 3/38/18
f 73/28/15 74/39/20 36/40/20 35/29/15
f 60/32/17 61/41/21 23/42/21 22/33/17
f 74/39/20 75/43/22 37/44/22 36/40/20
f 61/41/21 62/45/23 24/46/23 23/42/21
f 43/47/24 44/48/25 6/49/25 5/50/24
f 109/51/26 110/52/27 148/53/27 147/54/26
f 62/45/23 63/55/28 25/56/28 24/46/23
f 44/48/25 45/57/29 7/58/29 6/49/25
f 113/59/30 114/60/31 152/61/31 151/62/30
f 63/55/28 64/63/32 26/64/32 25/56/28
f 96/65/13 97/66/33 135/67/33 134/68/13
f 80/69/34 81/70/35 119/71/35 118/72/34
f 26/64/32 64/63/32 65/17/9 27/20/9
f 83/73/36 84/74/37 122/75/37 121/76/36
f 66/18/10 67/77/38 29/78/38 28/19/10
f 8/79/39 46/80/39 47/81/40 9/82/40
f 9/82/40 47/81/40 48/83/41 10/84/41
f 67/77/38 68/85/42 30/86/42 29/78/38
f 10/84/41 48/83/41 49/87/43 11/88/43
f 11/88/43 49/87/43 50/89/44 12/90/44
f 68/85/42 69/91/45 31/92/45 30/86/42
f 12/90/44 50/89/44 51/93/46 13/94/46
f 13/94/46 51/93/46 52/95/47 14/96/47
f 107/97/48 108/98/49 146/99/49 145/100/48
f 14/96/47 52/95/47 53/101/50 15/102/50
f 15/102/50 53/101/50 54/6/3 16/5/3
f 108/98/49 109/51/26 147/54/26 146/99/49
f 92/103/51 93/104/52 131/105/52 130/106/51
f 40/107/53 39/108/53 115/109/53 116/110/53
f 93/104/52 94/111/54 132/112/54 131/105/52
f 41/113/53 40/107/53 116/110/53 117/114/53
f 103/115/55 104/116/56 142/117/56 141/118/55
f 94/111/54 95/23/12 133/26/12 132/112/54
f 19/119/57 20/120/57 96/121/57 95/122/57
f 110/123/27 111/124/58 149/125/58 148/126/27
f 97/66/33 98/127/59 136/128/59 135/67/33
f 79/15/8 80/129/34 118/130/34 117/16/8
f 111/124/58 112/131/60 150/132/60 149/125/58
f 98/127/59 99/133/61 137/134/61 136/128/59
f 3/135/57 4/136/57 80/137/57 79/138/57
f 112/131/60 113/59/30 151/62/30 150/132/60
f 99/133/61 100/139/62 138/140/62 137/134/61
f 81/70/35 82/141/63 120/142/63 119/71/35
f 34/143/57 35/144/57 111/145/57 110/146/57
f 100/139/62 101/147/64 139/148/64 138/140/62
f 82/141/63 83/73/36 121/76/36 120/142/63
f 37/149/57 38/150/57 114/151/57 113/152/57
f 101/147/64 102/153/65 140/154/65 139/148/64
f 61/155/53 137/156/53 138/157/53 62/158/53
f 4/136/57 5/159/57 81/160/57 80/137/57
f 102/153/65 103/115/55 141/118/55 140/154/65
f 7/161/57 8/162/57 84/163/57 83/164/57
f 104/116/56 105/165/66 143/166/66 142/117/56
f 84/74/37 85/167/67 123/168/67 122/75/37
f 85/167/67 86/169/68 124/170/68 123/168/67
f 105/165/66 106/171/69 144/172/69 143/166/66
f 86/169/68 87/173/70 125/174/70 124/170/68
f 87/173/70 88/175/71 126/176/71 125/174/70
f 106/171/69 107/97/48 145/100/48 144/172/69
f 88/175/71 89/177/72 127/178/72 126/176/71
f 89/177/72 90/179/73 128/180/73 127/178/72
f 66/181/53 65/182/53 141/183/53 142/184/53
f 90/179/73 91/185/74 129/186/74 128/180/73
f 91/185/74 92/103/51 130/106/51 129/186/74
f 63/187/53 62/158/53 138/157/53 139/188/53
f 35/144/57 36/189/57 112/190/57 111/145/57
f 64/191/53 63/187/53 139/188/53 140/192/53
f 36/189/57 37/149/57 113/152/57 112/190/57
f 5/159/57 6/193/57 82/194/57 81/160/57
f 20/120/57 21/195/57 97/196/57 96/121/57
f 72/197/53 71/198/53 147/199/53 148/200/53
f 6/193/57 7/161/57 83/164/57 82/194/57
f 65/182/53 64/191/53 140/192/53 141/183/53
f 76/201/53 75/202/53 151/203/53 152/204/53
f 67/205/53 66/181/53 142/184/53 143/206/53
f 43/207/53 42/208/53 118/209/53 119/210/53
f 68/211/53 67/205/53 143/206/53 144/212/53
f 45/213/53 121/214/53 122/215/53 46/216/53
f 69/217/53 68/211/53 144/212/53 145/218/53
f 8/162/57 9/219/57 85/220/57 84/163/57
f 9/219/57 10/221/57 86/222/57 85/220/57
f 70/223/53 69/217/53 145/218/53 146/224/53
f 10/221/57 11/225/57 87/226/57 86/222/57
f 1/227/57 2/228/57 78/229/57 77/230/57
f 11/225/57 12/231/57 88/232/57 87/226/57
f 71/198/53 70/223/53 146/224/53 147/199/53
f 2/228/57 3/135/57 79/138/57 78/229/57
f 12/231/57 13/233/57 89/234/57 88/232/57
f 13/233/57 14/235/57 90/236/57 89/234/57
f 27/237/57 28/238/57 104/239/57 103/240/57
f 14/235/57 15/241/57 91/242/57 90/236/57
f 15/241/57 16/243/57 92/244/57 91/242/57
f 73/245/53 72/197/53 148/200/53 149/246/53
f 42/208/53 41/113/53 117/114/53 118/209/53
f 38/247/75 76/248/75 152/249/75 114/250/75
f 16/243/57 17/251/57 93/252/57 92/244/57
f 17/251/57 18/253/57 94/254/57 93/252/57
f 74/255/53 73/245/53 149/246/53 150/256/53
f 18/253/57 19/119/57 95/122/57 94/254/57
f 58/257/53 57/258/53 133/259/53 134/260/53
f 75/202/53 74/255/53 150/256/53 151/203/53
f 44/261/53 43/207/53 119/210/53 120/262/53
f 21/195/57 22/263/57 98/264/57 97/196/57
f 33/265/57 34/143/57 110/146/57 109/266/57
f 45/213/53 44/261/53 120/262/53 121/214/53
f 22/263/57 23/267/57 99/268/57 98/264/57
f 23/267/57 24/269/57 100/270/57 99/268/57
f 45/57/29 46/80/39 8/79/39 7/58/29
f 24/269/57 25/271/57 101/272/57 100/270/57
f 47/273/53 46/216/53 122/215/53 123/274/53
f 25/271/57 26/275/57 102/276/57 101/272/57
f 48/277/53 47/273/53 123/274/53 124/278/53
f 49/279/53 48/277/53 124/278/53 125/280/53
f 59/281/53 58/257/53 134/260/53 135/282/53
f 50/283/53 49/279/53 125/280/53 126/284/53
f 51/285/53 50/283/53 126/284/53 127/286/53
f 26/275/57 27/237/57 103/240/57 102/276/57
f 52/287/53 51/285/53 127/286/53 128/288/53
f 28/238/57 29/289/57 105/290/57 104/239/57
f 53/291/53 52/287/53 128/288/53 129/292/53
f 54/293/53 53/291/53 129/292/53 130/294/53
f 29/289/57 30/295/57 106/296/57 105/290/57
f 55/297/53 54/293/53 130/294/53 131/298/53
f 56/299/53 55/297/53 131/298/53 132/300/53
f 30/295/57 31/301/57 107/302/57 106/296/57
f 57/258/53 56/299/53 132/300/53 133/259/53
f 69/91/45 70/1/1 32/4/1 31/92/45
f 31/301/57 32/303/57 108/304/57 107/302/57
f 58/305/76 59/31/16 21/34/16 20/306/76
f 60/307/53 59/281/53 135/282/53 136/308/53
f 32/303/57 33/265/57 109/266/57 108/304/57
f 39/309/77 40/310/78 2/311/78 1/312/77
f 61/155/53 60/307/53 136/308/53 137/156/53
f 71/313/2 72/27/14 34/30/14 33/314/2
f 57/21/11 58/315/76 20/316/76 19/22/11
f 75/43/22 76/317/79 38/318/79 37/44/22
f 40/310/78 41/35/18 3/38/18 2/311/78
f 42/319/19 43/47/24 5/50/24 4/320/19
f 174/321/80 199/322/80 200/323/81 175/324/81
f 167/325/82 192/326/82 193/327/83 168/328/83
f 160/329/84 185/330/84 186/331/85 161/332/85
f 175/324/81 200/323/81 201/333/86 176/334/86
f 153/335/87 178/336/87 179/337/88 154/338/88
f 168/328/83 193/327/83 194/339/89 169/340/89
f 161/332/85 186/331/85 187/341/90 162/342/90
f 176/334/86 201/333/86 202/343/91 177/344/91
f 154/345/88 179/346/88 180/347/92 155/348/92
f 169/340/89 194/339/89 195/349/93 170/350/93
f 162/342/90 187/341/90 188/351/94 163/352/94
f 155/348/92 180/347/92 181/353/90 156/354/90
f 170/350/93 195/349/93 196/355/95 171/356/95
f 163/352/94 188/351/94 189/357/88 164/358/88
f 156/354/90 181/353/90 182/359/96 157/360/96
f 171/356/95 196/355/95 197/361/97 172/362/97
f 164/358/88 189/357/88 190/363/98 165/364/98
f 157/360/96 182/359/96 183/365/84 158/366/84
f 172/367/97 197/368/97 198/369/99 173/370/99
f 165/364/98 190/363/98 191/371/100 166/372/100
f 158/366/84 183/365/84 184/373/101 159/374/101
f 173/370/99 198/369/99 199/322/80 174/321/80
f 166/372/100 191/371/100 192/326/82 167/325/82
f 159/374/101 184/373/101 185/330/84 160/329/84
f 224/375/102 225/376/103 250/377/103 249/378/102
f 217/379/104 218/380/105 243/381/105 242/382/104
f 210/383/106 211/384/107 236/385/107 235/386/106
f 225/376/103 226/387/108 251/388/108 250/377/103
f 203/389/109 204/390/110 229/391/110 228/392/109
f 218/380/105 219/393/111 244/394/111 243/381/105
f 211/384/107 212/395/112 237/396/112 236/385/107
f 226/387/108 227/397/113 252/398/113 251/388/108
f 204/399/110 205/400/114 230/401/114 229/402/110
f 219/393/111 220/403/115 245/404/115 244/394/111
f 212/395/112 213/405/116 238/406/116 237/396/112
f 205/400/114 206/407/112 231/408/112 230/401/114
f 220/403/115 221/409/117 246/410/117 245/404/115
f 213/405/116 214/411/110 239/412/110 238/406/116
f 206/407/112 207/413/118 232/414/118 231/408/112
f 221/409/117 222/415/119 247/416/119 246/410/117
f 214/411/110 215/417/120 240/418/120 239/412/110
f 207/413/118 208/419/106 233/420/106 232/414/118
f 222/421/119 223/422/121 248/423/121 247/424/119
f 215/417/120 216/425/122 241/426/122 240/418/120
f 208/419/106 209/427/123 234/428/123 233/420/106
f 223/422/121 224/375/102 249/378/102 248/423/121
f 216/425/122 217/379/104 242/382/104 241/426/122
f 209/427/123 210/383/106 235/386/106 234/428/123
f 180/429/124 179/430/125 229/431/126 230/432/127
f 165/433/128 166/434/129 216/435/130 215/436/131
f 194/437/132 193/438/133 243/439/134 244/440/135
f 181/441/136 180/429/124 230/432/127 231/442/137
f 166/434/129 167/443/130 217/444/129 216/435/130
f 195/445/138 194/437/132 244/440/135 245/446/139
f 153/447/140 154/448/141 204/449/142 203/450/140
f 182/451/143 181/441/136 231/442/137 232/452/144
f 167/443/130 168/453/145 218/454/146 217/444/129
f 196/455/147 195/445/138 245/446/139 246/456/148
f 154/448/141 155/457/149 205/458/150 204/449/142
f 183/459/151 182/451/143 232/452/144 233/460/152
f 168/453/145 169/461/153 219/462/154 218/454/146
f 197/463/155 196/455/147 246/456/148 247/464/156
f 155/457/149 156/465/157 206/466/158 205/458/150
f 184/467/159 183/459/151 233/460/152 234/468/159
f 178/469/160 153/470/160 203/389/160 228/392/160
f 169/461/153 170/471/161 220/472/162 219/462/154
f 198/473/163 197/463/155 247/464/156 248/474/164
f 156/465/157 157/475/165 207/476/166 206/466/158
f 185/477/152 184/467/159 234/468/159 235/478/167
f 170/471/161 171/479/168 221/480/169 220/472/162
f 199/481/170 198/473/163 248/474/164 249/482/171
f 157/475/165 158/483/172 208/484/173 207/476/166
f 186/485/144 185/477/152 235/478/167 236/486/143
f 171/479/168 172/487/174 222/488/175 221/480/169
f 200/489/176 199/481/170 249/482/171 250/490/136
f 158/483/172 159/491/177 209/492/178 208/484/173
f 187/493/179 186/485/144 236/486/143 237/494/136
f 177/495/180 202/496/180 252/497/180 227/498/180
f 172/487/174 173/499/181 223/500/182 222/488/175
f 201/501/183 200/489/176 250/490/136 251/502/184
f 159/491/177 160/503/185 210/504/186 209/492/178
f 188/505/187 187/493/179 237/494/136 238/506/188
f 173/499/181 174/507/189 224/508/190 223/500/182
f 202/509/191 201/501/183 251/502/184 252/510/191
f 160/503/185 161/511/166 211/512/165 210/504/186
f 189/513/126 188/505/187 238/506/188 239/514/192
f 174/507/189 175/515/193 225/516/157 224/508/190
f 161/511/166 162/517/158 212/518/157 211/512/165
f 190/519/194 189/513/126 239/514/192 240/520/195
f 175/515/193 176/521/196 226/522/197 225/516/157
f 162/517/158 163/523/198 213/524/199 212/518/157
f 191/525/200 190/519/194 240/520/195 241/526/201
f 176/521/196 177/527/202 227/528/202 226/522/197
f 163/523/198 164/529/142 214/530/203 213/524/199
f 192/531/204 191/525/200 241/526/201 242/532/200
f 179/430/125 178/533/205 228/534/205 229/431/126
f 164/529/142 165/433/128 215/436/131 214/530/203
f 193/438/133 192/531/204 242/532/200 243/439/134
f 253/535/53 254/536/53 256/537/206 255/538/206
f 255/538/206 256/537/206 258/539/207 257/540/207
f 257/540/207 258/539/207 260/541/208 259/542/208
f 259/542/208 260/541/208 262/543/209 261/544/209
f 261/545/209 262/546/209 264/547/210 263/548/210
f 263/548/210 264/547/210 266/549/211 265/550/211
f 265/550/211 266/549/211 268/551/57 267/552/57
f 267/552/57 268/551/57 270/553/212 269/554/212
f 269/554/212 270/553/212 272/555/213 271/556/213
f 271/556/213 272/555/213 274/557/214 273/558/214
f 273/559/214 274/560/214 276/561/215 275/562/215
f 275/562/215 276/561/215 278/563/216 277/564/216
f 262/565/217 260/566/218 284/567/219 285/568/220
f 277/564/216 278/563/216 280/569/221 279/570/221
f 279/570/221 280/569/221 254/536/53 253/535/53
f 253/571/222 255/572/222 257/573/222 259/574/222 261/575/222 263/576/222 265/577/222 267/578/222 269/579/222 271/580/222 273/581/222 275/582/222 277/583/222 279/584/222
f 283/585/223 281/586/224 309/587/225 311/588/226
f 272/589/227 270/590/228 289/591/229 290/592/230
f 254/593/231 280/594/232 294/595/233 282/596/234
f 258/597/235 256/598/236 281/586/224 283/585/223
f 268/599/237 266/600/238 287/601/239 288/602/240
f 278/603/241 276/604/242 292/605/243 293/606/244
f 264/607/245 262/608/217 285/609/220 286/610/246
f 274/611/247 272/589/227 290/592/230 291/612/248
f 260/566/218 258/597/235 283/585/223 284/567/219
f 270/590/228 268/599/237 288/602/240 289/591/229
f 256/598/236 254/593/231 282/596/234 281/586/224
f 280/594/232 278/603/241 293/606/244 294/595/233
f 266/600/238 264/607/245 286/610/246 287/601/239
f 276/604/242 274/613/247 291/614/248 292/605/243
f 301/615/249 300/616/250 342/617/251 343/618/252
f 291/612/248 290/592/230 318/619/253 319/620/254
f 284/567/219 283/585/223 311/588/226 312/621/255
f 292/605/243 291/614/248 319/622/254 320/623/256
f 285/568/220 284/567/219 312/621/255 313/624/257
f 293/606/244 292/605/243 320/623/256 321/625/258
f 286/610/246 285/609/220 313/626/257 314/627/259
f 294/595/233 293/606/244 321/625/258 322/628/260
f 287/601/239 286/610/246 314/627/259 315/629/261
f 282/596/234 294/595/233 322/628/260 310/630/262
f 288/602/240 287/601/239 315/629/261 316/631/263
f 289/591/229 288/602/240 316/631/263 317/632/264
f 281/586/224 282/596/234 310/630/262 309/587/225
f 290/592/230 289/591/229 317/632/264 318/619/253
f 324/633/265 323/634/266 309/635/266 310/636/265
f 323/634/266 325/637/267 311/638/267 309/635/266
f 325/637/267 326/639/268 312/640/268 311/638/267
f 326/639/268 327/641/269 313/642/269 312/640/268
f 327/641/269 328/643/270 314/644/270 313/642/269
f 328/643/270 329/645/271 315/646/271 314/644/270
f 329/645/271 330/647/272 316/648/272 315/646/271
f 330/647/272 331/649/273 317/650/273 316/648/272
f 331/649/273 332/651/274 318/652/274 317/650/273
f 332/651/274 333/653/275 319/654/275 318/652/274
f 333/653/275 334/655/276 320/656/276 319/654/275
f 334/655/276 335/657/277 321/658/277 320/656/276
f 335/657/277 336/659/278 322/660/278 321/658/277
f 336/659/278 324/633/265 310/636/265 322/660/278
f 296/661/279 295/662/279 323/634/279 324/633/279
f 295/662/279 297/663/279 325/637/279 323/634/279
f 297/663/279 298/664/279 326/639/279 325/637/279
f 298/664/279 299/665/279 327/641/279 326/639/279
f 299/665/279 300/666/279 328/643/279 327/641/279
f 300/666/279 301/667/279 329/645/279 328/643/279
f 301/667/279 302/668/279 330/647/279 329/645/279
f 302/668/279 303/669/279 331/649/279 330/647/279
f 303/669/279 304/670/279 332/651/279 331/649/279
f 304/670/279 305/671/279 333/653/279 332/651/279
f 305/671/279 306/672/279 334/655/279 333/653/279
f 306/672/279 307/673/279 335/657/279 334/655/279
f 307/673/279 308/674/279 336/659/279 335/657/279
f 308/674/279 296/661/279 324/633/279 336/659/279
f 345/675/280 344/676/281 358/677/282 359/678/283
f 296/679/284 308/680/285 350/681/286 338/682/287
f 302/683/288 301/615/249 343/618/252 344/676/281
f 303/684/289 302/683/288 344/676/281 345/675/280
f 295/685/290 296/679/284 338/682/287 337/686/291
f 304/687/292 303/684/289 345/675/280 346/688/293
f 297/689/294 295/685/290 337/686/291 339/690/295
f 305/691/296 304/687/292 346/688/293 347/692/297
f 298/693/298 297/689/294 339/690/295 340/694/299
f 306/695/300 305/696/296 347/697/297 348/698/301
f 299/699/302 298/693/298 340/694/299 341/700/303
f 307/701/304 306/695/300 348/698/301 349/702/305
f 300/616/250 299/703/302 341/704/303 342/617/251
f 308/680/285 307/701/304 349/702/305 350/681/286
f 369/705/306 370/706/307 636/707/308 635/708/306
f 337/686/291 338/682/287 352/709/309 351/710/310
f 346/688/293 345/675/280 359/678/283 360/711/311
f 339/690/295 337/686/291 351/710/310 353/712/312
f 347/692/297 346/688/293 360/711/311 361/713/313
f 340/694/299 339/690/295 353/712/312 354/714/314
f 348/698/301 347/697/297 361/715/313 362/716/315
f 341/700/303 340/694/299 354/714/314 355/717/316
f 349/702/305 348/698/301 362/716/315 363/718/317
f 342/617/251 341/704/303 355/719/316 356/720/318
f 350/681/286 349/702/305 363/718/317 364/721/319
f 343/618/252 342/617/251 356/720/318 357/722/320
f 338/682/287 350/681/286 364/721/319 352/709/309
f 344/676/281 343/618/252 357/722/320 358/677/282
f 376/723/321 375/724/322 389/725/323 390/726/324
f 357/722/325 356/720/326 622/727/327 623/728/325
f 368/729/328 369/730/306 635/731/306 634/732/328
f 356/720/326 355/719/329 621/733/329 622/727/327
f 367/734/330 368/729/328 634/732/328 633/735/331
f 355/717/329 354/714/332 620/736/332 621/737/329
f 365/738/333 367/734/330 633/735/331 631/739/334
f 354/714/332 353/712/335 619/740/336 620/736/332
f 366/741/337 365/738/333 631/739/334 632/742/337
f 353/712/335 351/710/338 617/743/338 619/740/336
f 378/744/339 366/741/337 632/742/337 644/745/339
f 351/710/338 352/709/340 618/746/340 617/743/338
f 377/747/341 378/744/339 644/745/339 643/748/342
f 352/709/340 364/721/343 630/749/343 618/746/340
f 384/750/344 383/751/345 397/752/346 398/753/347
f 369/730/348 368/729/349 382/754/350 383/755/345
f 377/747/351 376/723/321 390/726/324 391/756/352
f 370/706/353 369/705/348 383/751/345 384/750/344
f 378/744/354 377/747/351 391/756/352 392/757/355
f 371/758/356 370/706/353 384/750/344 385/759/357
f 366/741/358 378/744/354 392/757/355 380/760/359
f 372/761/360 371/758/356 385/759/357 386/762/361
f 373/763/362 372/761/360 386/762/361 387/764/363
f 365/738/364 366/741/358 380/760/359 379/765/365
f 374/766/366 373/763/362 387/764/363 388/767/367
f 367/734/368 365/738/364 379/765/365 381/768/369
f 375/769/322 374/766/366 388/767/367 389/770/323
f 368/729/349 367/734/368 381/768/369 382/754/350
f 394/771/370 406/772/371 420/773/372 408/774/373
f 392/757/355 391/756/352 405/775/374 406/772/371
f 385/759/357 384/750/344 398/753/347 399/776/375
f 380/760/359 392/757/355 406/772/371 394/771/370
f 386/762/361 385/759/357 399/776/375 400/777/376
f 387/764/363 386/762/361 400/777/376 401/778/377
f 379/765/365 380/760/359 394/771/370 393/779/378
f 388/767/367 387/764/363 401/778/377 402/780/379
f 381/768/369 379/765/365 393/779/378 395/781/380
f 389/770/323 388/767/367 402/780/379 403/782/381
f 382/754/350 381/768/369 395/781/380 396/783/382
f 390/726/324 389/725/323 403/784/381 404/785/383
f 383/755/345 382/754/350 396/783/382 397/786/346
f 391/756/352 390/726/324 404/785/383 405/775/374
f 415/787/384 414/788/385 428/789/386 429/790/387
f 400/777/376 399/776/375 413/791/388 414/788/385
f 401/778/377 400/777/376 414/788/385 415/787/384
f 393/779/378 394/771/370 408/774/373 407/792/389
f 402/780/379 401/778/377 415/787/384 416/793/390
f 395/781/380 393/779/378 407/792/389 409/794/391
f 403/782/381 402/780/379 416/793/390 417/795/392
f 396/783/382 395/781/380 409/794/391 410/796/393
f 404/785/383 403/784/381 417/797/392 418/798/394
f 397/786/346 396/783/382 410/796/393 411/799/395
f 405/775/374 404/785/383 418/798/394 419/800/396
f 398/753/347 397/752/346 411/801/395 412/802/397
f 406/772/371 405/775/374 419/800/396 420/773/372
f 399/776/375 398/753/347 412/802/397 413/791/388
f 407/792/389 408/774/373 422/803/398 421/804/399
f 416/793/390 415/787/384 429/790/387 430/805/400
f 409/794/391 407/792/389 421/804/399 423/806/401
f 417/795/392 416/793/390 430/805/400 431/807/402
f 410/796/393 409/794/391 423/806/401 424/808/403
f 418/798/394 417/797/392 431/809/402 432/810/404
f 411/799/395 410/796/393 424/808/403 425/811/405
f 419/800/396 418/798/394 432/810/404 433/812/406
f 412/802/397 411/801/395 425/813/405 426/814/407
f 420/773/372 419/800/396 433/812/406 434/815/408
f 413/791/388 412/802/397 426/814/407 427/816/409
f 408/774/373 420/773/372 434/815/408 422/803/398
f 414/788/385 413/791/388 427/816/409 428/789/386
f 444/817/410 443/818/411 457/819/412 458/820/413
f 452/821/414 451/822/415 465/823/416 466/824/417
f 437/825/418 435/826/419 449/827/420 451/822/415
f 445/828/421 444/817/410 458/820/413 459/829/422
f 438/830/423 437/825/418 451/822/415 452/821/414
f 446/831/424 445/832/421 459/833/422 460/834/425
f 439/835/426 438/830/423 452/821/414 453/836/427
f 447/837/428 446/831/424 460/834/425 461/838/429
f 440/839/430 439/840/426 453/841/427 454/842/431
f 448/843/432 447/837/428 461/838/429 462/844/433
f 441/845/434 440/839/430 454/842/431 455/846/435
f 436/847/436 448/843/432 462/844/433 450/848/437
f 442/849/438 441/845/434 455/846/435 456/850/439
f 443/818/411 442/849/438 456/850/439 457/819/412
f 435/826/419 436/847/436 450/848/437 449/827/420
f 475/851/440 474/852/441 488/853/442 489/854/443
f 460/834/425 459/833/422 473/855/444 474/852/441
f 453/836/427 452/821/414 466/824/417 467/856/445
f 461/838/429 460/834/425 474/852/441 475/851/440
f 454/842/431 453/841/427 467/857/445 468/858/446
f 462/844/433 461/838/429 475/851/440 476/859/447
f 455/846/435 454/842/431 468/858/446 469/860/448
f 450/848/437 462/844/433 476/859/447 464/861/449
f 456/850/439 455/846/435 469/860/448 470/862/450
f 457/819/412 456/850/439 470/862/450 471/863/451
f 449/827/420 450/848/437 464/861/449 463/864/452
f 458/820/413 457/819/412 471/863/451 472/865/453
f 451/822/415 449/827/420 463/864/452 465/823/416
f 459/829/422 458/820/413 472/865/453 473/866/444
f 483/867/222 482/868/222 496/869/222 497/870/222
f 468/858/446 467/857/445 481/871/454 482/872/455
f 476/859/447 475/851/440 489/854/443 490/873/456
f 469/860/448 468/858/446 482/872/455 483/874/457
f 464/861/449 476/859/447 490/873/456 478/875/458
f 470/862/450 469/860/448 483/874/457 484/876/459
f 471/863/451 470/862/450 484/876/459 485/877/460
f 463/864/452 464/861/449 478/875/458 477/878/461
f 472/865/453 471/863/451 485/877/460 486/879/462
f 465/823/416 463/864/452 477/878/461 479/880/463
f 473/866/444 472/865/453 486/879/462 487/881/464
f 466/824/417 465/823/416 479/880/463 480/882/465
f 474/852/441 473/855/444 487/883/464 488/853/442
f 467/856/445 466/824/417 480/882/465 481/884/454
f 499/885/212 498/886/57 610/887/57 611/888/212
f 478/889/222 490/890/222 504/891/222 492/892/222
f 484/893/222 483/867/222 497/870/222 498/894/222
f 485/895/222 484/893/222 498/894/222 499/896/222
f 477/897/222 478/889/222 492/892/222 491/898/222
f 486/899/222 485/895/222 499/896/222 500/900/222
f 479/901/222 477/897/222 491/898/222 493/902/222
f 487/903/222 486/899/222 500/900/222 501/904/222
f 480/905/222 479/901/222 493/902/222 494/906/222
f 488/907/222 487/903/222 501/904/222 502/908/222
f 481/909/222 480/905/222 494/906/222 495/910/222
f 489/911/222 488/907/222 502/908/222 503/912/222
f 482/868/222 481/909/222 495/910/222 496/869/222
f 490/890/222 489/911/222 503/912/222 504/891/222
f 505/913/279 506/914/279 518/915/279 517/916/279 516/917/279 515/918/279 514/919/279 513/920/279 512/921/279 511/922/279 510/923/279 509/924/279 508/925/279 507/926/279
f 491/927/206 492/928/53 604/929/53 603/930/206
f 500/931/213 499/885/212 611/888/212 612/932/213
f 493/933/207 491/927/206 603/930/206 605/934/207
f 501/935/466 500/931/213 612/932/213 613/936/466
f 494/937/467 493/933/207 605/934/207 606/938/467
f 502/939/468 501/935/466 613/936/466 614/940/468
f 495/941/469 494/937/467 606/938/467 607/942/469
f 503/943/216 502/939/468 614/940/468 615/944/216
f 496/945/210 495/941/469 607/942/469 608/946/210
f 504/947/221 503/943/216 615/944/216 616/948/221
f 497/949/211 496/945/210 608/946/210 609/950/211
f 492/928/53 504/947/221 616/948/221 604/929/53
f 498/951/57 497/949/211 609/950/211 610/952/57
f 520/953/470 521/954/471 522/955/472 519/956/473
f 524/957/474 520/953/470 519/956/473 523/958/475
f 526/959/476 524/957/474 523/958/475 525/960/477
f 528/961/478 526/959/476 525/960/477 527/962/479
f 530/963/480 528/964/478 527/965/479 529/966/481
f 532/967/482 530/963/480 529/966/481 531/968/483
f 534/969/484 532/967/482 531/968/483 533/970/485
f 536/971/486 534/969/484 533/970/485 535/972/487
f 538/973/488 536/971/486 535/972/487 537/974/489
f 540/975/490 538/973/488 537/974/489 539/976/491
f 542/977/492 540/978/490 539/979/491 541/980/493
f 544/981/494 542/977/492 541/980/493 543/982/495
f 546/983/496 544/981/494 543/982/495 545/984/497
f 521/954/471 546/983/496 545/984/497 522/955/472
f 548/985/498 549/986/499 550/987/500 547/988/501
f 552/989/502 548/985/498 547/988/501 551/990/503
f 554/991/504 552/989/502 551/990/503 553/992/505
f 556/993/506 554/991/504 553/992/505 555/994/507
f 558/995/508 556/996/506 555/997/507 557/998/509
f 560/999/510 558/995/508 557/998/509 559/1000/511
f 562/1001/512 560/999/510 559/1000/511 561/1002/513
f 564/1003/514 562/1001/512 561/1002/513 563/1004/515
f 566/1005/516 564/1003/514 563/1004/515 565/1006/517
f 568/1007/518 566/1005/516 565/1006/517 567/1008/519
f 570/1009/520 568/1010/518 567/1011/519 569/1012/521
f 572/1013/522 570/1009/520 569/1012/521 571/1014/523
f 574/1015/524 572/1013/522 571/1014/523 573/1016/525
f 549/986/499 574/1015/524 573/1016/525 550/987/500
f 547/988/501 550/987/500 521/954/471 520/953/470
f 423/806/401 421/804/399 548/985/498 552/989/502
f 421/804/399 422/803/398 549/986/499 548/985/498
f 551/990/503 547/988/501 520/953/470 524/957/474
f 550/987/500 573/1016/525 546/983/496 521/954/471
f 422/803/398 434/815/408 574/1015/524 549/986/499
f 424/808/403 423/806/401 552/989/502 554/991/504
f 553/992/505 551/990/503 524/957/474 526/959/476
f 425/811/405 424/808/403 554/991/504 556/993/506
f 555/994/507 553/992/505 526/959/476 528/961/478
f 426/814/407 425/813/405 556/996/506 558/995/508
f 557/998/509 555/997/507 528/964/478 530/963/480
f 427/816/409 426/814/407 558/995/508 560/999/510
f 559/1000/511 557/998/509 530/963/480 532/967/482
f 428/789/386 427/816/409 560/999/510 562/1001/512
f 561/1002/513 559/1000/511 532/967/482 534/969/484
f 429/790/387 428/789/386 562/1001/512 564/1003/514
f 563/1004/515 561/1002/513 534/969/484 536/971/486
f 430/805/400 429/790/387 564/1003/514 566/1005/516
f 565/1006/517 563/1004/515 536/971/486 538/973/488
f 431/807/402 430/805/400 566/1005/516 568/1007/518
f 567/1008/519 565/1006/517 538/973/488 540/975/490
f 432/810/404 431/809/402 568/1010/518 570/1009/520
f 569/1012/521 567/1011/519 540/978/490 542/977/492
f 433/812/406 432/810/404 570/1009/520 572/1013/522
f 571/1014/523 569/1012/521 542/977/492 544/981/494
f 434/815/408 433/812/406 572/1013/522 574/1015/524
f 573/1016/525 571/1014/523 544/981/494 546/983/496
f 576/1017/526 577/1018/527 578/1019/528 575/1020/529
f 580/1021/530 576/1017/526 575/1020/529 579/1022/531
f 582/1023/532 580/1021/530 579/1022/531 581/1024/533
f 584/1025/534 582/1023/532 581/1024/533 583/1026/535
f 586/1027/536 584/1028/534 583/1029/535 585/1030/537
f 588/1031/538 586/1027/536 585/1030/537 587/1032/539
f 590/1033/540 588/1031/538 587/1032/539 589/1034/541
f 592/1035/542 590/1033/540 589/1034/541 591/1036/543
f 594/1037/544 592/1035/542 591/1036/543 593/1038/545
f 596/1039/546 594/1037/544 593/1038/545 595/1040/547
f 598/1041/548 596/1042/546 595/1043/547 597/1044/549
f 600/1045/550 598/1041/548 597/1044/549 599/1046/551
f 602/1047/552 600/1045/550 599/1046/551 601/1048/553
f 577/1018/527 602/1047/552 601/1048/553 578/1019/528
f 519/956/473 522/955/472 577/1018/527 576/1017/526
f 575/1020/529 578/1019/528 436/847/436 435/826/419
f 523/958/475 519/956/473 576/1017/526 580/1021/530
f 579/1022/531 575/1020/529 435/826/419 437/825/418
f 578/1019/528 601/1048/553 448/843/432 436/847/436
f 522/955/472 545/984/497 602/1047/552 577/1018/527
f 525/960/477 523/958/475 580/1021/530 582/1023/532
f 581/1024/533 579/1022/531 437/825/418 438/830/423
f 527/962/479 525/960/477 582/1023/532 584/1025/534
f 583/1026/535 581/1024/533 438/830/423 439/835/426
f 529/966/481 527/965/479 584/1028/534 586/1027/536
f 585/1030/537 583/1029/535 439/840/426 440/839/430
f 531/968/483 529/966/481 586/1027/536 588/1031/538
f 587/1032/539 585/1030/537 440/839/430 441/845/434
f 533/970/485 531/968/483 588/1031/538 590/1033/540
f 589/1034/541 587/1032/539 441/845/434 442/849/438
f 535/972/487 533/970/485 590/1033/540 592/1035/542
f 591/1036/543 589/1034/541 442/849/438 443/818/411
f 537/974/489 535/972/487 592/1035/542 594/1037/544
f 593/1038/545 591/1036/543 443/818/411 444/817/410
f 539/976/491 537/974/489 594/1037/544 596/1039/546
f 595/1040/547 593/1038/545 444/817/410 445/828/421
f 541/980/493 539/979/491 596/1042/546 598/1041/548
f 597/1044/549 595/1043/547 445/832/421 446/831/424
f 543/982/495 541/980/493 598/1041/548 600/1045/550
f 599/1046/551 597/1044/549 446/831/424 447/837/428
f 545/984/497 543/982/495 600/1045/550 602/1047/552
f 601/1048/553 599/1046/551 447/837/428 448/843/432
f 506/914/554 505/913/555 603/1049/555 604/1050/554
f 505/913/555 507/926/556 605/1051/556 603/1049/555
f 507/926/556 508/925/557 606/1052/557 605/1051/556
f 508/925/557 509/924/558 607/1053/558 606/1052/557
f 509/924/558 510/923/559 608/1054/559 607/1053/558
f 510/923/559 511/922/560 609/1055/560 608/1054/559
f 511/922/560 512/921/561 610/1056/561 609/1055/560
f 512/921/561 513/920/562 611/1057/562 610/1056/561
f 513/920/562 514/919/563 612/1058/563 611/1057/562
f 514/919/563 515/918/564 613/1059/564 612/1058/563
f 515/918/564 516/917/565 614/1060/565 613/1059/564
f 516/917/565 517/916/566 615/1061/566 614/1060/565
f 517/916/566 518/915/567 616/1062/567 615/1061/566
f 518/915/567 506/914/554 604/1050/554 616/1062/567
f 626/1063/568 625/1064/569 639/1065/569 640/1066/570
f 619/740/571 617/743/572 631/739/573 633/735/574
f 627/1067/575 626/1063/568 640/1066/570 641/1068/575
f 620/736/576 619/740/571 633/735/574 634/732/577
f 628/1069/578 627/1070/575 641/1071/575 642/1072/578
f 621/737/579 620/736/576 634/732/577 635/731/579
f 629/1073/580 628/1069/578 642/1072/578 643/748/581
f 622/727/582 621/733/579 635/708/579 636/707/583
f 630/749/584 629/1073/580 643/748/581 644/745/584
f 623/728/585 622/727/582 636/707/583 637/1074/586
f 618/746/587 630/749/584 644/745/584 632/742/587
f 624/1075/588 623/728/585 637/1074/586 638/1076/588
f 625/1064/569 624/1075/588 638/1076/588 639/1065/569
f 617/743/572 618/746/587 632/742/587 631/739/573
f 358/677/589 357/722/325 623/728/325 624/1075/589
f 370/706/307 371/758/590 637/1074/591 636/707/308
f 359/678/592 358/677/589 624/1075/589 625/1064/592
f 371/758/590 372/761/593 638/1076/593 637/1074/591
f 360/711/594 359/678/592 625/1064/592 626/1063/595
f 372/761/593 373/763/596 639/1065/596 638/1076/593
f 361/713/597 360/711/594 626/1063/595 627/1067/597
f 373/763/596 374/766/598 640/1066/599 639/1065/596
f 362/716/600 361/715/597 627/1070/597 628/1069/600
f 374/766/598 375/769/601 641/1068/601 640/1066/599
f 363/718/602 362/716/600 628/1069/600 629/1073/603
f 375/724/601 376/723/604 642/1072/604 641/1071/601
f 364/721/343 363/718/602 629/1073/603 630/749/343
f 376/723/604 377/747/341 643/748/342 642/1072/604
f 648/1077/222 650/1078/222 652/1079/222 654/1080/222 656/1081/222 658/1082/222 660/1083/222 662/1084/222 664/1085/222 666/1086/222 668/1087/222 670/1088/222 672/1089/222 646/1090/222
f 647/1091/605 674/1092/605 675/1093/606 649/1094/606
f 673/1095/279 686/1096/279 685/1097/279 684/1098/279 683/1099/279 682/1100/279 681/1101/279 680/1102/279 679/1103/279 678/1104/279 677/1105/279 676/1106/279 675/1107/279 674/1108/279
f 663/1109/607 682/1110/607 683/1111/214 665/1112/214
f 649/1094/606 675/1093/606 676/1113/208 651/1114/208
f 665/1112/214 683/1111/214 684/1115/215 667/1116/215
f 651/1114/208 676/1113/208 677/1117/209 653/1118/209
f 667/1116/215 684/1115/215 685/1119/608 669/1120/608
f 653/1118/209 677/1117/209 678/1121/609 655/1122/609
f 669/1120/608 685/1119/608 686/1123/610 671/1124/610
f 655/1122/609 678/1121/609 679/1125/611 657/1126/611
f 671/1127/610 686/1128/610 673/1129/53 645/1130/53
f 657/1126/611 679/1125/611 680/1131/57 659/1132/57
f 659/1132/57 680/1131/57 681/1133/612 661/1134/612
f 645/1130/53 673/1129/53 674/1092/605 647/1091/605
f 661/1134/612 681/1133/612 682/1110/607 663/1109/607
f 688/1135/613 690/1136/614 693/1137/615 691/1138/616
f 690/1136/614 689/1139/617 694/1140/618 693/1137/615
f 689/1139/617 687/1141/619 692/1142/620 694/1140/618
f 691/1138/616 693/1137/615 697/1143/621 695/1144/622
f 693/1137/615 694/1140/618 698/1145/623 697/1143/621
f 694/1140/618 692/1142/620 696/1146/624 698/1145/623
f 695/1144/622 697/1143/621 701/1147/625 699/1148/626
f 697/1143/621 698/1145/623 702/1149/627 701/1147/625
f 698/1145/623 696/1146/624 700/1150/628 702/1149/627
f 699/1148/626 701/1147/625 705/1151/629 703/1152/630
f 701/1147/625 702/1149/627 706/1153/631 705/1151/629
f 702/1149/627 700/1150/628 704/1154/632 706/1153/631
f 703/1152/630 705/1151/629 709/1155/633 707/1156/634
f 705/1151/629 706/1153/631 710/1157/635 709/1155/633
f 706/1153/631 704/1154/632 708/1158/636 710/1157/635
f 707/1156/634 709/1155/633 713/1159/637 711/1160/638
f 709/1155/633 710/1157/635 714/1161/639 713/1159/637
f 710/1157/635 708/1158/636 712/1162/640 714/1161/639
f 711/1160/638 713/1159/637 717/1163/641 715/1164/642
f 713/1159/637 714/1161/639 718/1165/643 717/1163/641
f 714/1161/639 712/1162/640 716/1166/644 718/1165/643
f 715/1164/642 717/1163/641 721/1167/645 719/1168/646
f 717/1163/641 718/1165/643 722/1169/647 721/1167/645
f 718/1165/643 716/1166/644 720/1170/648 722/1169/647
f 719/1168/646 721/1167/645 725/1171/649 723/1172/650
f 721/1167/645 722/1169/647 726/1173/651 725/1171/649
f 722/1169/647 720/1170/648 724/1174/652 726/1173/651
f 723/1172/650 725/1171/649 729/1175/653 727/1176/654
f 725/1171/649 726/1173/651 730/1177/655 729/1175/653
f 726/1173/651 724/1174/652 728/1178/656 730/1177/655
f 727/1176/654 729/1175/653 733/1179/657 731/1180/658
f 729/1175/653 730/1177/655 734/1181/659 733/1179/657
f 730/1177/655 728/1178/656 732/1182/660 734/1181/659
f 731/1180/658 733/1179/657 737/1183/661 735/1184/662
f 733/1179/657 734/1181/659 738/1185/663 737/1183/661
f 734/1181/659 732/1182/660 736/1186/664 738/1185/663
f 735/1184/662 737/1183/661 741/1187/665 739/1188/666
f 737/1183/661 738/1185/663 742/1189/667 741/1187/665
f 738/1185/663 736/1186/664 740/1190/668 742/1189/667
f 739/1188/666 741/1187/665 690/1191/614 688/1192/613
f 741/1187/665 742/1189/667 689/1193/617 690/1191/614
f 742/1189/667 740/1190/668 687/1194/619 689/1193/617
f 647/1195/279 692/1196/279 687/1197/279 645/1198/279
f 688/1135/613 691/1138/616 648/1199/206 646/1200/53
f 739/1188/666 688/1192/613 646/1201/53 672/1202/221
f 645/1198/279 687/1197/279 740/1203/279 671/1204/279
f 691/1138/616 695/1144/622 650/1205/207 648/1199/206
f 649/1206/279 696/1207/279 692/1196/279 647/1195/279
f 695/1144/622 699/1148/626 652/1208/208 650/1205/207
f 651/1209/279 700/1210/279 696/1207/279 649/1206/279
f 699/1148/626 703/1152/630 654/1211/209 652/1208/208
f 653/1212/279 704/1213/279 700/1210/279 651/1209/279
f 703/1152/630 707/1156/634 656/1214/210 654/1211/209
f 655/1215/279 708/1216/279 704/1213/279 653/1212/279
f 707/1156/634 711/1160/638 658/1217/211 656/1214/210
f 657/1218/279 712/1219/279 708/1216/279 655/1215/279
f 711/1160/638 715/1164/642 660/1220/57 658/1217/211
f 659/1221/279 716/1222/279 712/1219/279 657/1218/279
f 715/1164/642 719/1168/646 662/1223/212 660/1220/57
f 661/1224/279 720/1225/279 716/1222/279 659/1221/279
f 719/1168/646 723/1172/650 664/1226/213 662/1223/212
f 663/1227/279 724/1228/279 720/1225/279 661/1224/279
f 723/1172/650 727/1176/654 666/1229/214 664/1226/213
f 665/1230/279 728/1231/279 724/1228/279 663/1227/279
f 727/1176/654 731/1180/658 668/1232/215 666/1229/214
f 667/1233/279 732/1234/279 728/1231/279 665/1230/279
f 731/1180/658 735/1184/662 670/1235/216 668/1232/215
f 669/1236/279 736/1237/279 732/1234/279 667/1233/279
f 735/1184/662 739/1188/666 672/1202/221 670/1235/216
f 671/1204/279 740/1203/279 736/1237/279 669/1236/279
