# Blender 5.0.1
# www.blender.org
o Cylinder.002
v -0.031789 1.329959 -0.701994
v -0.015869 1.329959 -0.696821
v -0.006029 1.329959 -0.683279
v -0.006029 1.329959 -0.666539
v -0.015869 1.329959 -0.652996
v -0.031789 1.329959 -0.647823
v -0.047710 1.329959 -0.652996
v -0.057549 1.329959 -0.666539
v -0.057549 1.329959 -0.683279
v -0.047710 1.329959 -0.696821
v -0.022099 1.344798 -0.688245
v -0.031789 1.344798 -0.691394
v -0.016110 1.344798 -0.680003
v -0.016110 1.344798 -0.669814
v -0.022099 1.344798 -0.661572
v -0.031789 1.344798 -0.658423
v -0.041479 1.344798 -0.661572
v -0.047467 1.344798 -0.669814
v -0.047467 1.344798 -0.680003
v -0.041479 1.344798 -0.688245
v -0.022099 1.352054 -0.688245
v -0.031789 1.352054 -0.691394
v -0.016110 1.352054 -0.680003
v -0.016110 1.352054 -0.669814
v -0.022099 1.352054 -0.661572
v -0.031789 1.352054 -0.658423
v -0.041479 1.352054 -0.661572
v -0.047467 1.352054 -0.669814
v -0.047467 1.352054 -0.680003
v -0.041479 1.352054 -0.688245
v -0.016191 1.373448 -0.696378
v -0.017833 1.364113 -0.694117
v -0.031789 1.364113 -0.698652
v -0.031789 1.373448 -0.701446
v -0.006550 1.373448 -0.683109
v -0.009208 1.364113 -0.682246
v -0.006550 1.373448 -0.666708
v -0.009208 1.364113 -0.667572
v -0.016191 1.373448 -0.653439
v -0.017833 1.364113 -0.655700
v -0.031789 1.373448 -0.648371
v -0.031789 1.364113 -0.651165
v -0.047387 1.373448 -0.653439
v -0.045745 1.364113 -0.655700
v -0.057027 1.373448 -0.666708
v -0.054370 1.364113 -0.667572
v -0.057027 1.373448 -0.683109
v -0.054370 1.364113 -0.682246
v -0.047387 1.373448 -0.696378
v -0.045745 1.364113 -0.694117
v -0.018152 1.394469 -0.693678
v -0.016191 1.385155 -0.696378
v -0.031789 1.385155 -0.701446
v -0.031789 1.394469 -0.698108
v -0.009725 1.394469 -0.682078
v -0.006550 1.385155 -0.683109
v -0.009725 1.394469 -0.667739
v -0.006550 1.385155 -0.666708
v -0.018152 1.394469 -0.656140
v -0.016191 1.385155 -0.653439
v -0.031789 1.394469 -0.651709
v -0.031789 1.385155 -0.648371
v -0.045426 1.394469 -0.656140
v -0.047387 1.385155 -0.653439
v -0.053854 1.394469 -0.667739
v -0.057027 1.385155 -0.666708
v -0.053854 1.394469 -0.682078
v -0.057027 1.385155 -0.683109
v -0.045426 1.394469 -0.693678
v -0.047387 1.385155 -0.696378
v -0.029822 1.408406 -0.677615
v -0.020810 1.400730 -0.690021
v -0.024799 1.406158 -0.684530
v -0.031789 1.400730 -0.693588
v -0.031789 1.408406 -0.678254
v -0.031789 1.406158 -0.686801
v -0.028607 1.408406 -0.675942
v -0.014024 1.400730 -0.680681
v -0.020479 1.406158 -0.678584
v -0.028607 1.408406 -0.673875
v -0.014024 1.400730 -0.669136
v -0.020479 1.406158 -0.671233
v -0.029822 1.408406 -0.672202
v -0.020810 1.400730 -0.659797
v -0.024799 1.406158 -0.665287
v -0.031789 1.408406 -0.671563
v -0.031789 1.400730 -0.656229
v -0.031789 1.406158 -0.663016
v -0.033756 1.408406 -0.672202
v -0.042769 1.400730 -0.659797
v -0.038779 1.406158 -0.665287
v -0.034971 1.408406 -0.673875
v -0.049554 1.400730 -0.669136
v -0.043100 1.406158 -0.671233
v -0.034971 1.408406 -0.675942
v -0.049554 1.400730 -0.680681
v -0.043100 1.406158 -0.678584
v -0.033756 1.408406 -0.677615
v -0.042769 1.400730 -0.690021
v -0.038779 1.406158 -0.684530
v -0.031789 1.331941 -0.701994
v -0.031789 1.340816 -0.697214
v -0.018678 1.340816 -0.692954
v -0.015869 1.331941 -0.696821
v -0.010576 1.340816 -0.681801
v -0.006029 1.331941 -0.683279
v -0.010576 1.340816 -0.668016
v -0.006029 1.331941 -0.666539
v -0.018678 1.340816 -0.656864
v -0.015869 1.331941 -0.652996
v -0.031789 1.340816 -0.652604
v -0.031789 1.331941 -0.647823
v -0.044899 1.340816 -0.656864
v -0.047710 1.331941 -0.652996
v -0.053002 1.340816 -0.668016
v -0.057549 1.331941 -0.666539
v -0.053002 1.340816 -0.681801
v -0.057549 1.331941 -0.683279
v -0.044899 1.340816 -0.692954
v -0.047710 1.331941 -0.696821
v 0.001540 -0.000739 -0.024188
v 0.001540 0.067471 -0.024951
v 0.015757 -0.000739 -0.019569
v 0.016205 0.067471 -0.020186
v 0.024544 -0.000739 -0.007475
v 0.025269 0.067471 -0.007710
v 0.024544 -0.000739 0.007475
v 0.025269 0.067471 0.007710
v 0.015757 -0.000739 0.019569
v 0.016205 0.067471 0.020186
v 0.001540 -0.000739 0.024188
v 0.001540 0.067471 0.024951
v -0.012678 -0.000739 0.019569
v -0.013126 0.067471 0.020186
v -0.021465 -0.000739 0.007475
v -0.022190 0.067471 0.007710
v -0.021465 -0.000739 -0.007475
v -0.022190 0.067471 -0.007710
v -0.012678 -0.000739 -0.019569
v -0.013126 0.067471 -0.020186
v 0.001540 0.015856 -0.024188
v 0.015757 0.015856 -0.019569
v 0.024544 0.015856 -0.007475
v 0.024544 0.015856 0.007475
v 0.015757 0.015856 0.019569
v 0.001540 0.015856 0.024188
v -0.012678 0.015856 0.019569
v -0.021465 0.015856 0.007475
v -0.021465 0.015856 -0.007475
v -0.012678 0.015856 -0.019569
v 0.001540 -0.000739 -0.029501
v 0.018880 -0.000739 -0.023867
v 0.029596 -0.000739 -0.009116
v 0.029596 -0.000739 0.009116
v 0.018880 -0.000739 0.023867
v 0.001540 -0.000739 0.029501
v -0.015800 -0.000739 0.023867
v -0.026517 -0.000739 0.009116
v -0.026517 -0.000739 -0.009116
v -0.015800 -0.000739 -0.023867
v 0.018880 0.011575 -0.023867
v 0.016234 0.015856 -0.020225
v 0.029596 0.011575 -0.009116
v 0.025316 0.015856 -0.007725
v 0.029596 0.011575 0.009116
v 0.025316 0.015856 0.007725
v 0.018880 0.011575 0.023867
v 0.016234 0.015856 0.020225
v 0.001540 0.011575 0.029501
v 0.001540 0.015856 0.025000
v -0.015800 0.011575 0.023867
v -0.013155 0.015856 0.020225
v -0.026517 0.011575 0.009116
v -0.022237 0.015856 0.007725
v -0.026517 0.011575 -0.009116
v -0.022237 0.015856 -0.007725
v -0.015800 0.011575 -0.023867
v -0.013155 0.015856 -0.020225
v 0.001540 0.015856 -0.025000
v 0.001540 0.011575 -0.029501
v 0.020550 0.067471 -0.026165
v 0.001540 0.067471 -0.032342
v 0.032299 0.067471 -0.009994
v 0.032299 0.067471 0.009994
v 0.020550 0.067471 0.026165
v 0.001540 0.067471 0.032342
v -0.017471 0.067471 0.026165
v -0.029219 0.067471 0.009994
v -0.029219 0.067471 -0.009994
v -0.017471 0.067471 -0.026165
v 0.001540 0.123703 -0.024917
v 0.016186 0.123703 -0.020158
v 0.025237 0.123703 -0.007700
v 0.025237 0.123703 0.007700
v 0.016186 0.123703 0.020158
v 0.001540 0.123703 0.024917
v -0.013106 0.123703 0.020158
v -0.022158 0.123703 0.007700
v -0.022158 0.123703 -0.007700
v -0.013106 0.123703 -0.020158
v 0.001540 0.154969 -0.024917
v 0.016186 0.154969 -0.020158
v 0.025237 0.154969 -0.007700
v 0.025237 0.154969 0.007700
v 0.016186 0.154969 0.020158
v 0.001540 0.154969 0.024917
v -0.013106 0.154969 0.020158
v -0.022158 0.154969 0.007700
v -0.022158 0.154969 -0.007700
v -0.013106 0.154969 -0.020158
v 0.001540 0.096818 -0.036160
v 0.001540 0.109231 -0.032932
v 0.020897 0.109231 -0.026643
v 0.022794 0.096818 -0.029254
v 0.032860 0.109231 -0.010177
v 0.035929 0.096818 -0.011174
v 0.032860 0.109231 0.010177
v 0.035929 0.096818 0.011174
v 0.020897 0.109231 0.026643
v 0.022794 0.096818 0.029254
v 0.001540 0.109231 0.032932
v 0.001540 0.096818 0.036160
v -0.017817 0.109231 0.026643
v -0.019714 0.096818 0.029254
v -0.029781 0.109231 0.010177
v -0.032850 0.096818 0.011174
v -0.029781 0.109231 -0.010177
v -0.032850 0.096818 -0.011174
v -0.017817 0.109231 -0.026643
v -0.019714 0.096818 -0.029254
v 0.001540 0.076521 -0.031538
v 0.001540 0.090594 -0.036160
v 0.022794 0.090594 -0.029254
v 0.020077 0.076521 -0.025514
v 0.035929 0.090594 -0.011174
v 0.031534 0.076521 -0.009746
v 0.035929 0.090594 0.011174
v 0.031534 0.076521 0.009746
v 0.022794 0.090594 0.029254
v 0.020077 0.076521 0.025514
v 0.001540 0.090594 0.036160
v 0.001540 0.076521 0.031538
v -0.019714 0.090594 0.029254
v -0.016998 0.076521 0.025514
v -0.032850 0.090594 0.011174
v -0.028454 0.076521 0.009746
v -0.032850 0.090594 -0.011174
v -0.028454 0.076521 -0.009746
v -0.019714 0.090594 -0.029254
v -0.016998 0.076521 -0.025514
v 0.001540 0.142603 0.024917
v -0.013106 0.142603 0.020158
v 0.025237 0.142603 -0.007700
v 0.025237 0.142603 0.007700
v -0.013106 0.142603 -0.020158
v 0.001540 0.142603 -0.024917
v -0.022158 0.142603 0.007700
v 0.016186 0.142603 0.020158
v 0.016186 0.142603 -0.020158
v -0.022158 0.142603 -0.007700
v 0.001540 0.347230 -0.048351
v 0.029960 0.347230 -0.039117
v 0.047524 0.347230 -0.014941
v 0.047524 0.347230 0.014941
v 0.029960 0.347230 0.039117
v 0.001540 0.347230 0.048351
v -0.026880 0.347230 0.039117
v -0.044445 0.347230 0.014941
v -0.044445 0.347230 -0.014941
v -0.026880 0.347230 -0.039117
v 0.018380 0.154969 -0.023178
v 0.001540 0.154969 -0.028650
v 0.028788 0.154969 -0.008854
v 0.028788 0.154969 0.008854
v 0.018380 0.154969 0.023178
v 0.001540 0.154969 0.028650
v -0.015300 0.154969 0.023178
v -0.025708 0.154969 0.008854
v -0.025708 0.154969 -0.008854
v -0.015300 0.154969 -0.023178
v 0.001540 0.142603 0.028650
v 0.028788 0.142603 -0.008854
v -0.015300 0.142603 -0.023178
v -0.015300 0.142603 0.023178
v 0.028788 0.142603 0.008854
v 0.001540 0.142603 -0.028650
v -0.025708 0.142603 0.008854
v 0.018380 0.142603 0.023178
v 0.018380 0.142603 -0.023178
v -0.025708 0.142603 -0.008854
v 0.001540 0.359829 -0.028948
v 0.018555 0.359829 -0.023420
v 0.029071 0.359829 -0.008946
v 0.029071 0.359829 0.008945
v 0.018555 0.359829 0.023420
v 0.001540 0.359829 0.028948
v -0.015476 0.359829 0.023420
v -0.025992 0.359829 0.008945
v -0.025992 0.359829 -0.008946
v -0.015476 0.359829 -0.023420
v 0.001540 0.382929 -0.028948
v 0.018555 0.382929 -0.023420
v 0.029071 0.382929 -0.008946
v 0.029071 0.382929 0.008945
v 0.018555 0.382929 0.023420
v 0.001540 0.382929 0.028948
v -0.015476 0.382929 0.023420
v -0.025992 0.382929 0.008945
v -0.025992 0.382929 -0.008946
v -0.015476 0.382929 -0.023420
v 0.001540 0.382929 -0.034342
v 0.021725 0.382929 -0.027783
v 0.034200 0.382929 -0.010612
v 0.034200 0.382929 0.010612
v 0.021725 0.382929 0.027783
v 0.001540 0.382929 0.034342
v -0.018646 0.382929 0.027783
v -0.031121 0.382929 0.010612
v -0.031121 0.382929 -0.010612
v -0.018646 0.382929 -0.027783
v 0.019328 0.359829 -0.024483
v 0.022386 0.357968 -0.028693
v 0.001540 0.357968 -0.035466
v 0.001540 0.359829 -0.030263
v 0.030321 0.359829 -0.009352
v 0.035270 0.357968 -0.010960
v 0.030321 0.359829 0.009351
v 0.035270 0.357968 0.010960
v 0.019328 0.359829 0.024483
v 0.022386 0.357968 0.028693
v 0.001540 0.359829 0.030263
v 0.001540 0.357968 0.035466
v -0.016248 0.359829 0.024483
v -0.019307 0.357968 0.028693
v -0.027242 0.359829 0.009351
v -0.032190 0.357968 0.010960
v -0.027242 0.359829 -0.009352
v -0.032190 0.357968 -0.010960
v -0.016248 0.359829 -0.024483
v -0.019307 0.357968 -0.028693
v 0.019323 0.444060 -0.024477
v 0.001540 0.444060 -0.030256
v 0.030314 0.444060 -0.009349
v 0.030314 0.444060 0.009349
v 0.019323 0.444060 0.024477
v 0.001540 0.444060 0.030255
v -0.016244 0.444060 0.024477
v -0.027235 0.444060 0.009349
v -0.027235 0.444060 -0.009349
v -0.016244 0.444060 -0.024477
v 0.019323 0.460160 -0.024477
v 0.001540 0.460160 -0.030256
v 0.030314 0.460160 -0.009349
v 0.030314 0.460160 0.009349
v 0.019323 0.460160 0.024477
v 0.001540 0.460160 0.030255
v -0.016244 0.460160 0.024477
v -0.027235 0.460160 0.009349
v -0.027235 0.460160 -0.009349
v -0.016244 0.460160 -0.024477
v 0.024493 0.460160 -0.031593
v 0.001540 0.460160 -0.039051
v 0.038680 0.460160 -0.012067
v 0.038680 0.460160 0.012067
v 0.024493 0.460160 0.031593
v 0.001540 0.460160 0.039051
v -0.021414 0.460160 0.031593
v -0.035600 0.460160 0.012067
v -0.035600 0.460160 -0.012067
v -0.021414 0.460160 -0.031593
v 0.024493 0.496092 -0.031593
v 0.001540 0.496092 -0.039051
v 0.038680 0.496092 -0.012067
v 0.038680 0.496092 0.012067
v 0.024493 0.496092 0.031593
v 0.001540 0.496092 0.039051
v -0.021414 0.496092 0.031593
v -0.035600 0.496092 0.012067
v -0.035600 0.496092 -0.012067
v -0.021414 0.496092 -0.031593
v 0.001540 0.416495 -0.043821
v 0.001540 0.429069 -0.040049
v 0.025080 0.429069 -0.032400
v 0.027297 0.416495 -0.035452
v 0.039628 0.429069 -0.012376
v 0.043216 0.416495 -0.013542
v 0.039628 0.429069 0.012376
v 0.043216 0.416495 0.013542
v 0.025080 0.429069 0.032400
v 0.027297 0.416495 0.035452
v 0.001540 0.429069 0.040049
v 0.001540 0.416495 0.043821
v -0.022000 0.429069 0.032400
v -0.024218 0.416495 0.035452
v -0.036549 0.429069 0.012376
v -0.040137 0.416495 0.013542
v -0.036549 0.429069 -0.012376
v -0.040137 0.416495 -0.013542
v -0.022000 0.429069 -0.032400
v -0.024218 0.416495 -0.035452
v 0.001540 0.388858 -0.038166
v 0.001540 0.407916 -0.043821
v 0.027297 0.407916 -0.035452
v 0.023973 0.388858 -0.030877
v 0.043216 0.407916 -0.013542
v 0.037838 0.388858 -0.011794
v 0.043216 0.407916 0.013542
v 0.037838 0.388858 0.011794
v 0.027297 0.407916 0.035452
v 0.023973 0.388858 0.030877
v 0.001540 0.407916 0.043821
v 0.001540 0.388858 0.038166
v -0.024218 0.407916 0.035452
v -0.020894 0.388858 0.030877
v -0.040137 0.407916 0.013542
v -0.034758 0.388858 0.011794
v -0.040137 0.407916 -0.013542
v -0.034758 0.388858 -0.011794
v -0.024218 0.407916 -0.035452
v -0.020894 0.388858 -0.030877
v -0.055935 0.605820 0.055935
v -0.055935 0.605820 -0.055935
v 0.055935 0.605820 0.055935
v 0.055935 0.605820 -0.055935
v -0.006913 0.493950 0.055935
v -0.055935 0.542972 0.055935
v -0.055935 0.493950 0.006913
v -0.030974 0.501224 0.055935
v -0.030974 0.493950 0.048661
v -0.042076 0.499700 0.050185
v -0.055935 0.518911 0.048661
v -0.048661 0.518911 0.055935
v -0.050185 0.507809 0.050185
v -0.048661 0.493950 0.030974
v -0.055935 0.501224 0.030974
v -0.050185 0.499700 0.042076
v -0.055935 0.493950 -0.006913
v -0.055935 0.542972 -0.055935
v -0.006913 0.493950 -0.055935
v -0.055935 0.501224 -0.030974
v -0.048661 0.493950 -0.030974
v -0.050185 0.499700 -0.042076
v -0.048661 0.518911 -0.055935
v -0.055935 0.518911 -0.048661
v -0.050185 0.507809 -0.050185
v -0.030974 0.493950 -0.048661
v -0.030974 0.501224 -0.055935
v -0.042076 0.499700 -0.050185
v 0.055935 0.493950 0.006913
v 0.055935 0.542972 0.055935
v 0.006913 0.493950 0.055935
v 0.055935 0.501224 0.030974
v 0.048661 0.493950 0.030974
v 0.050185 0.499700 0.042076
v 0.048661 0.518911 0.055935
v 0.055935 0.518911 0.048661
v 0.050185 0.507809 0.050185
v 0.030974 0.493950 0.048661
v 0.030974 0.501224 0.055935
v 0.042076 0.499700 0.050185
v 0.006913 0.493950 -0.055935
v 0.055935 0.542972 -0.055935
v 0.055935 0.493950 -0.006913
v 0.030974 0.501224 -0.055935
v 0.030974 0.493950 -0.048661
v 0.042076 0.499700 -0.050185
v 0.055935 0.518911 -0.048661
v 0.048661 0.518911 -0.055935
v 0.050185 0.507809 -0.050185
v 0.048661 0.493950 -0.030974
v 0.055935 0.501224 -0.030974
v 0.050185 0.499700 -0.042076
v 0.456890 -0.000739 -0.024188
v 0.456890 0.067471 -0.024951
v 0.471108 -0.000739 -0.019569
v 0.471556 0.067471 -0.020186
v 0.479895 -0.000739 -0.007475
v 0.480620 0.067471 -0.007710
v 0.479895 -0.000739 0.007475
v 0.480620 0.067471 0.007710
v 0.471108 -0.000739 0.019569
v 0.471556 0.067471 0.020186
v 0.456890 -0.000739 0.024188
v 0.456890 0.067471 0.024951
v 0.442672 -0.000739 0.019569
v 0.442224 0.067471 0.020186
v 0.433886 -0.000739 0.007475
v 0.433161 0.067471 0.007710
v 0.433886 -0.000739 -0.007475
v 0.433161 0.067471 -0.007710
v 0.442672 -0.000739 -0.019569
v 0.442224 0.067471 -0.020186
v 0.456890 0.015856 -0.024188
v 0.471108 0.015856 -0.019569
v 0.479895 0.015856 -0.007475
v 0.479895 0.015856 0.007475
v 0.471108 0.015856 0.019569
v 0.456890 0.015856 0.024188
v 0.442672 0.015856 0.019569
v 0.433886 0.015856 0.007475
v 0.433886 0.015856 -0.007475
v 0.442672 0.015856 -0.019569
v 0.456890 -0.000739 -0.029501
v 0.474230 -0.000739 -0.023867
v 0.484947 -0.000739 -0.009116
v 0.484947 -0.000739 0.009116
v 0.474230 -0.000739 0.023867
v 0.456890 -0.000739 0.029501
v 0.439550 -0.000739 0.023867
v 0.428833 -0.000739 0.009116
v 0.428833 -0.000739 -0.009116
v 0.439550 -0.000739 -0.023867
v 0.474230 0.011575 -0.023867
v 0.471585 0.015856 -0.020225
v 0.484947 0.011575 -0.009116
v 0.480666 0.015856 -0.007725
v 0.484947 0.011575 0.009116
v 0.480666 0.015856 0.007725
v 0.474230 0.011575 0.023867
v 0.471585 0.015856 0.020225
v 0.456890 0.011575 0.029501
v 0.456890 0.015856 0.025000
v 0.439550 0.011575 0.023867
v 0.442196 0.015856 0.020225
v 0.428833 0.011575 0.009116
v 0.433114 0.015856 0.007725
v 0.428833 0.011575 -0.009116
v 0.433114 0.015856 -0.007725
v 0.439550 0.011575 -0.023867
v 0.442196 0.015856 -0.020225
v 0.456890 0.015856 -0.025000
v 0.456890 0.011575 -0.029501
v 0.475900 0.067471 -0.026165
v 0.456890 0.067471 -0.032342
v 0.487649 0.067471 -0.009994
v 0.487649 0.067471 0.009994
v 0.475900 0.067471 0.026165
v 0.456890 0.067471 0.032342
v 0.437880 0.067471 0.026165
v 0.426131 0.067471 0.009994
v 0.426131 0.067471 -0.009994
v 0.437880 0.067471 -0.026165
v 0.456890 0.123703 -0.024917
v 0.471536 0.123703 -0.020158
v 0.480588 0.123703 -0.007700
v 0.480588 0.123703 0.007700
v 0.471536 0.123703 0.020158
v 0.456890 0.123703 0.024917
v 0.442244 0.123703 0.020158
v 0.433193 0.123703 0.007700
v 0.433193 0.123703 -0.007700
v 0.442244 0.123703 -0.020158
v 0.456890 0.154969 -0.024917
v 0.471536 0.154969 -0.020158
v 0.480588 0.154969 -0.007700
v 0.480588 0.154969 0.007700
v 0.471536 0.154969 0.020158
v 0.456890 0.154969 0.024917
v 0.442244 0.154969 0.020158
v 0.433193 0.154969 0.007700
v 0.433193 0.154969 -0.007700
v 0.442244 0.154969 -0.020158
v 0.456890 0.096818 -0.036160
v 0.456890 0.109231 -0.032932
v 0.476247 0.109231 -0.026643
v 0.478144 0.096818 -0.029254
v 0.488210 0.109231 -0.010177
v 0.491280 0.096818 -0.011174
v 0.488210 0.109231 0.010177
v 0.491280 0.096818 0.011174
v 0.476247 0.109231 0.026643
v 0.478144 0.096818 0.029254
v 0.456890 0.109231 0.032932
v 0.456890 0.096818 0.036160
v 0.437533 0.109231 0.026643
v 0.435636 0.096818 0.029254
v 0.425569 0.109231 0.010177
v 0.422500 0.096818 0.011174
v 0.425569 0.109231 -0.010177
v 0.422500 0.096818 -0.011174
v 0.437533 0.109231 -0.026643
v 0.435636 0.096818 -0.029254
v 0.456890 0.076521 -0.031538
v 0.456890 0.090594 -0.036160
v 0.478144 0.090594 -0.029254
v 0.475428 0.076521 -0.025514
v 0.491280 0.090594 -0.011174
v 0.486884 0.076521 -0.009746
v 0.491280 0.090594 0.011174
v 0.486884 0.076521 0.009746
v 0.478144 0.090594 0.029254
v 0.475428 0.076521 0.025514
v 0.456890 0.090594 0.036160
v 0.456890 0.076521 0.031538
v 0.435636 0.090594 0.029254
v 0.438353 0.076521 0.025514
v 0.422500 0.090594 0.011174
v 0.426896 0.076521 0.009746
v 0.422500 0.090594 -0.011174
v 0.426896 0.076521 -0.009746
v 0.435636 0.090594 -0.029254
v 0.438353 0.076521 -0.025514
v 0.456890 0.142603 0.024917
v 0.442244 0.142603 0.020158
v 0.480588 0.142603 -0.007700
v 0.480588 0.142603 0.007700
v 0.442244 0.142603 -0.020158
v 0.456890 0.142603 -0.024917
v 0.433193 0.142603 0.007700
v 0.471536 0.142603 0.020158
v 0.471536 0.142603 -0.020158
v 0.433193 0.142603 -0.007700
v 0.456890 0.347230 -0.048351
v 0.485310 0.347230 -0.039117
v 0.502875 0.347230 -0.014941
v 0.502875 0.347230 0.014941
v 0.485310 0.347230 0.039117
v 0.456890 0.347230 0.048351
v 0.428470 0.347230 0.039117
v 0.410905 0.347230 0.014941
v 0.410905 0.347230 -0.014941
v 0.428470 0.347230 -0.039117
v 0.473730 0.154969 -0.023178
v 0.456890 0.154969 -0.028650
v 0.484138 0.154969 -0.008854
v 0.484138 0.154969 0.008854
v 0.473730 0.154969 0.023178
v 0.456890 0.154969 0.028650
v 0.440050 0.154969 0.023178
v 0.429642 0.154969 0.008854
v 0.429642 0.154969 -0.008854
v 0.440050 0.154969 -0.023178
v 0.456890 0.142603 0.028650
v 0.484138 0.142603 -0.008854
v 0.440050 0.142603 -0.023178
v 0.440050 0.142603 0.023178
v 0.484138 0.142603 0.008854
v 0.456890 0.142603 -0.028650
v 0.429642 0.142603 0.008854
v 0.473730 0.142603 0.023178
v 0.473730 0.142603 -0.023178
v 0.429642 0.142603 -0.008854
v 0.456890 0.359829 -0.028948
v 0.473906 0.359829 -0.023420
v 0.484421 0.359829 -0.008946
v 0.484421 0.359829 0.008945
v 0.473906 0.359829 0.023420
v 0.456890 0.359829 0.028948
v 0.439875 0.359829 0.023420
v 0.429358 0.359829 0.008945
v 0.429358 0.359829 -0.008946
v 0.439875 0.359829 -0.023420
v 0.456890 0.382929 -0.028948
v 0.473906 0.382929 -0.023420
v 0.484422 0.382929 -0.008946
v 0.484422 0.382929 0.008945
v 0.473906 0.382929 0.023420
v 0.456890 0.382929 0.028948
v 0.439875 0.382929 0.023420
v 0.429358 0.382929 0.008945
v 0.429358 0.382929 -0.008946
v 0.439875 0.382929 -0.023420
v 0.456890 0.382929 -0.034342
v 0.477076 0.382929 -0.027783
v 0.489551 0.382929 -0.010612
v 0.489551 0.382929 0.010612
v 0.477076 0.382929 0.027783
v 0.456890 0.382929 0.034342
v 0.436704 0.382929 0.027783
v 0.424229 0.382929 0.010612
v 0.424229 0.382929 -0.010612
v 0.436704 0.382929 -0.027783
v 0.474678 0.359829 -0.024483
v 0.477736 0.357968 -0.028693
v 0.456890 0.357968 -0.035466
v 0.456890 0.359829 -0.030263
v 0.485672 0.359829 -0.009352
v 0.490620 0.357968 -0.010960
v 0.485672 0.359829 0.009351
v 0.490620 0.357968 0.010960
v 0.474678 0.359829 0.024483
v 0.477736 0.357968 0.028693
v 0.456890 0.359829 0.030263
v 0.456890 0.357968 0.035466
v 0.439102 0.359829 0.024483
v 0.436043 0.357968 0.028693
v 0.428108 0.359829 0.009351
v 0.423160 0.357968 0.010960
v 0.428108 0.359829 -0.009352
v 0.423160 0.357968 -0.010960
v 0.439102 0.359829 -0.024483
v 0.436043 0.357968 -0.028693
v 0.474674 0.444060 -0.024477
v 0.456890 0.444060 -0.030256
v 0.485665 0.444060 -0.009349
v 0.485665 0.444060 0.009349
v 0.474674 0.444060 0.024477
v 0.456890 0.444060 0.030255
v 0.439107 0.444060 0.024477
v 0.428116 0.444060 0.009349
v 0.428116 0.444060 -0.009349
v 0.439107 0.444060 -0.024477
v 0.474674 0.460160 -0.024477
v 0.456890 0.460160 -0.030256
v 0.485665 0.460160 -0.009349
v 0.485665 0.460160 0.009349
v 0.474674 0.460160 0.024477
v 0.456890 0.460160 0.030255
v 0.439107 0.460160 0.024477
v 0.428116 0.460160 0.009349
v 0.428116 0.460160 -0.009349
v 0.439107 0.460160 -0.024477
v 0.479844 0.460160 -0.031593
v 0.456890 0.460160 -0.039051
v 0.494030 0.460160 -0.012067
v 0.494030 0.460160 0.012067
v 0.479844 0.460160 0.031593
v 0.456890 0.460160 0.039051
v 0.433936 0.460160 0.031593
v 0.419750 0.460160 0.012067
v 0.419750 0.460160 -0.012067
v 0.433936 0.460160 -0.031593
v 0.479844 0.496092 -0.031593
v 0.456890 0.496092 -0.039051
v 0.494030 0.496092 -0.012067
v 0.494030 0.496092 0.012067
v 0.479844 0.496092 0.031593
v 0.456890 0.496092 0.039051
v 0.433936 0.496092 0.031593
v 0.419750 0.496092 0.012067
v 0.419750 0.496092 -0.012067
v 0.433936 0.496092 -0.031593
v 0.456890 0.416495 -0.043821
v 0.456890 0.429069 -0.040049
v 0.480430 0.429069 -0.032400
v 0.482647 0.416495 -0.035452
v 0.494979 0.429069 -0.012376
v 0.498567 0.416495 -0.013542
v 0.494979 0.429069 0.012376
v 0.498567 0.416495 0.013542
v 0.480430 0.429069 0.032400
v 0.482647 0.416495 0.035452
v 0.456890 0.429069 0.040049
v 0.456890 0.416495 0.043821
v 0.433350 0.429069 0.032400
v 0.431132 0.416495 0.035452
v 0.418802 0.429069 0.012376
v 0.415213 0.416495 0.013542
v 0.418802 0.429069 -0.012376
v 0.415213 0.416495 -0.013542
v 0.433350 0.429069 -0.032400
v 0.431132 0.416495 -0.035452
v 0.456890 0.388858 -0.038166
v 0.456890 0.407916 -0.043821
v 0.482647 0.407916 -0.035452
v 0.479323 0.388858 -0.030877
v 0.498567 0.407916 -0.013542
v 0.493188 0.388858 -0.011794
v 0.498567 0.407916 0.013542
v 0.493188 0.388858 0.011794
v 0.482647 0.407916 0.035452
v 0.479323 0.388858 0.030877
v 0.456890 0.407916 0.043821
v 0.456890 0.388858 0.038166
v 0.431132 0.407916 0.035452
v 0.434457 0.388858 0.030877
v 0.415213 0.407916 0.013542
v 0.420592 0.388858 0.011794
v 0.415213 0.407916 -0.013542
v 0.420592 0.388858 -0.011794
v 0.431132 0.407916 -0.035452
v 0.434457 0.388858 -0.030877
v 0.399415 0.605820 0.055935
v 0.399415 0.605820 -0.055935
v 0.511285 0.605820 0.055935
v 0.511285 0.605820 -0.055935
v 0.448438 0.493950 0.055935
v 0.399415 0.542972 0.055935
v 0.399415 0.493950 0.006913
v 0.424376 0.501224 0.055935
v 0.424376 0.493950 0.048661
v 0.413274 0.499700 0.050185
v 0.399415 0.518911 0.048661
v 0.406689 0.518911 0.055935
v 0.405165 0.507809 0.050185
v 0.406689 0.493950 0.030974
v 0.399415 0.501224 0.030974
v 0.405165 0.499700 0.042076
v 0.399415 0.493950 -0.006913
v 0.399415 0.542972 -0.055935
v 0.448438 0.493950 -0.055935
v 0.399415 0.501224 -0.030974
v 0.406689 0.493950 -0.030974
v 0.405165 0.499700 -0.042076
v 0.406689 0.518911 -0.055935
v 0.399415 0.518911 -0.048661
v 0.405165 0.507809 -0.050185
v 0.424376 0.493950 -0.048661
v 0.424376 0.501224 -0.055935
v 0.413274 0.499700 -0.050185
v 0.511285 0.493950 0.006913
v 0.511285 0.542972 0.055935
v 0.462263 0.493950 0.055935
v 0.511285 0.501224 0.030974
v 0.504012 0.493950 0.030974
v 0.505536 0.499700 0.042076
v 0.504012 0.518911 0.055935
v 0.511285 0.518911 0.048661
v 0.505536 0.507809 0.050185
v 0.486324 0.493950 0.048661
v 0.486324 0.501224 0.055935
v 0.497426 0.499700 0.050185
v 0.462263 0.493950 -0.055935
v 0.511285 0.542972 -0.055935
v 0.511285 0.493950 -0.006913
v 0.486324 0.501224 -0.055935
v 0.486324 0.493950 -0.048661
v 0.497426 0.499700 -0.050185
v 0.511285 0.518911 -0.048661
v 0.504012 0.518911 -0.055935
v 0.505536 0.507809 -0.050185
v 0.504012 0.493950 -0.030974
v 0.511285 0.501224 -0.030974
v 0.505536 0.499700 -0.042076
v -0.001167 0.002626 -0.512260
v -0.001167 0.002626 -0.451056
v -0.062371 0.002626 -0.512260
v -0.062371 0.002626 -0.451056
v -0.001167 0.876857 -0.577164
v -0.001167 0.876857 -0.515961
v -0.062371 0.876857 -0.577164
v -0.062371 0.876857 -0.515961
v -0.001167 1.331759 -0.706343
v -0.001167 1.331759 -0.645139
v -0.062371 1.331759 -0.706343
v -0.062371 1.331759 -0.645139
v -0.001167 0.677217 -0.536110
v -0.001167 0.618638 -0.526757
v -0.001167 0.618638 -0.465553
v -0.001167 0.677217 -0.474907
v -0.062371 0.618638 -0.526757
v -0.062371 0.677217 -0.536110
v -0.062371 0.618638 -0.465553
v -0.062371 0.677217 -0.474907
v -0.001167 0.475558 -0.515310
v -0.001167 0.399238 -0.512260
v -0.001167 0.399238 -0.451056
v -0.001167 0.475558 -0.454106
v -0.062371 0.399238 -0.512260
v -0.062371 0.475558 -0.515310
v -0.062371 0.399238 -0.451056
v -0.062371 0.475558 -0.454106
v 0.518925 0.002626 -0.512260
v 0.518925 0.002626 -0.451056
v 0.457721 0.002626 -0.512260
v 0.457721 0.002626 -0.451056
v 0.518925 0.876857 -0.577164
v 0.518925 0.876857 -0.515961
v 0.457721 0.876857 -0.577164
v 0.457721 0.876857 -0.515961
v 0.518925 1.331759 -0.706343
v 0.518925 1.331759 -0.645139
v 0.457721 1.331759 -0.706343
v 0.457721 1.331759 -0.645139
v 0.518925 0.677217 -0.536110
v 0.518925 0.618638 -0.526757
v 0.518925 0.618638 -0.465553
v 0.518925 0.677217 -0.474907
v 0.457721 0.618638 -0.526757
v 0.457721 0.677217 -0.536110
v 0.457721 0.618638 -0.465553
v 0.457721 0.677217 -0.474907
v 0.518925 0.475558 -0.515310
v 0.518925 0.399238 -0.512260
v 0.518925 0.399238 -0.451056
v 0.518925 0.475558 -0.454106
v 0.457721 0.399238 -0.512260
v 0.457721 0.475558 -0.515310
v 0.457721 0.399238 -0.451056
v 0.457721 0.475558 -0.454106
v -0.001167 0.826443 -0.566797
v -0.001167 0.826443 -0.505594
v -0.062371 0.826443 -0.566797
v -0.062371 0.826443 -0.505594
v 0.518925 0.826443 -0.566797
v 0.518925 0.826443 -0.505594
v 0.457721 0.826443 -0.566797
v 0.457721 0.826443 -0.505594
v -0.062371 1.281150 -0.691972
v -0.062371 1.281150 -0.630768
v -0.001167 1.281150 -0.630768
v -0.001167 1.281150 -0.691972
v 0.518925 1.281222 -0.630788
v 0.518925 1.281222 -0.691992
v 0.457388 1.281150 -0.630768
v 0.457388 1.281150 -0.691972
v -0.001167 1.346253 -0.645139
v 0.079111 1.426531 -0.645139
v 0.005255 1.359098 -0.645139
v 0.014889 1.366323 -0.645139
v 0.020267 1.381014 -0.645139
v 0.032390 1.388158 -0.645139
v 0.047000 1.394420 -0.645139
v 0.055911 1.404615 -0.645139
v 0.065063 1.426531 -0.645139
v 0.079111 1.426531 -0.706343
v -0.001167 1.346253 -0.706343
v 0.065063 1.426531 -0.706343
v 0.055911 1.404615 -0.706343
v 0.047000 1.394420 -0.706343
v 0.032390 1.388158 -0.706343
v 0.020267 1.381014 -0.706343
v 0.014889 1.366323 -0.706343
v 0.005255 1.359098 -0.706343
v 0.457721 1.346253 -0.706343
v 0.377443 1.426531 -0.706343
v 0.451299 1.359098 -0.706343
v 0.441666 1.366323 -0.706343
v 0.436287 1.381014 -0.706343
v 0.424165 1.388158 -0.706343
v 0.409554 1.394420 -0.706343
v 0.400643 1.404615 -0.706343
v 0.391492 1.426531 -0.706343
v 0.377443 1.426531 -0.645139
v 0.457721 1.346253 -0.645139
v 0.391492 1.426531 -0.645139
v 0.400643 1.404615 -0.645139
v 0.409554 1.394420 -0.645139
v 0.424165 1.388158 -0.645139
v 0.436287 1.381014 -0.645139
v 0.441666 1.366323 -0.645139
v 0.451299 1.359098 -0.645139
v 0.511484 0.605008 -0.485436
v 0.511484 0.605008 0.056658
v -0.056162 0.605008 -0.485436
v -0.056162 0.605008 0.056658
v 0.464047 0.671508 -0.437999
v 0.511484 0.624070 -0.485436
v 0.487765 0.665152 -0.461718
v 0.505129 0.647789 -0.479081
v 0.464047 0.671508 0.009221
v 0.511484 0.624071 0.056658
v 0.487765 0.665152 0.032940
v 0.505129 0.647789 0.050303
v -0.008725 0.671508 -0.437999
v -0.056162 0.624070 -0.485436
v -0.032444 0.665152 -0.461718
v -0.049807 0.647789 -0.479081
v -0.008725 0.671508 0.009221
v -0.056162 0.624071 0.056658
v -0.032444 0.665152 0.032940
v -0.049807 0.647789 0.050303
v 0.487903 1.329959 -0.701994
v 0.503824 1.329959 -0.696821
v 0.513663 1.329959 -0.683279
v 0.513663 1.329959 -0.666539
v 0.503824 1.329959 -0.652996
v 0.487903 1.329959 -0.647823
v 0.471983 1.329959 -0.652996
v 0.462143 1.329959 -0.666539
v 0.462143 1.329959 -0.683279
v 0.471983 1.329959 -0.696821
v 0.497593 1.344798 -0.688245
v 0.487903 1.344798 -0.691394
v 0.503582 1.344798 -0.680003
v 0.503582 1.344798 -0.669814
v 0.497593 1.344798 -0.661572
v 0.487903 1.344798 -0.658423
v 0.478214 1.344798 -0.661572
v 0.472225 1.344798 -0.669814
v 0.472225 1.344798 -0.680003
v 0.478214 1.344798 -0.688245
v 0.497593 1.352054 -0.688245
v 0.487903 1.352054 -0.691394
v 0.503582 1.352054 -0.680003
v 0.503582 1.352054 -0.669814
v 0.497593 1.352054 -0.661572
v 0.487903 1.352054 -0.658423
v 0.478214 1.352054 -0.661572
v 0.472225 1.352054 -0.669814
v 0.472225 1.352054 -0.680003
v 0.478214 1.352054 -0.688245
v 0.503502 1.373448 -0.696378
v 0.501859 1.364113 -0.694117
v 0.487903 1.364113 -0.698652
v 0.487903 1.373448 -0.701446
v 0.513142 1.373448 -0.683109
v 0.510484 1.364113 -0.682246
v 0.513142 1.373448 -0.666708
v 0.510484 1.364113 -0.667572
v 0.503502 1.373448 -0.653439
v 0.501859 1.364113 -0.655700
v 0.487903 1.373448 -0.648371
v 0.487903 1.364113 -0.651165
v 0.472305 1.373448 -0.653439
v 0.473948 1.364113 -0.655700
v 0.462665 1.373448 -0.666708
v 0.465322 1.364113 -0.667572
v 0.462665 1.373448 -0.683109
v 0.465322 1.364113 -0.682246
v 0.472305 1.373448 -0.696378
v 0.473948 1.364113 -0.694117
v 0.501540 1.394469 -0.693678
v 0.503502 1.385155 -0.696378
v 0.487903 1.385155 -0.701446
v 0.487903 1.394469 -0.698108
v 0.509968 1.394469 -0.682078
v 0.513142 1.385155 -0.683109
v 0.509968 1.394469 -0.667739
v 0.513142 1.385155 -0.666708
v 0.501540 1.394469 -0.656140
v 0.503502 1.385155 -0.653439
v 0.487903 1.394469 -0.651709
v 0.487903 1.385155 -0.648371
v 0.474267 1.394469 -0.656140
v 0.472305 1.385155 -0.653439
v 0.465839 1.394469 -0.667739
v 0.462665 1.385155 -0.666708
v 0.465839 1.394469 -0.682078
v 0.462665 1.385155 -0.683109
v 0.474267 1.394469 -0.693678
v 0.472305 1.385155 -0.696378
v 0.489870 1.408406 -0.677615
v 0.498883 1.400730 -0.690021
v 0.494894 1.406158 -0.684530
v 0.487903 1.400730 -0.693588
v 0.487903 1.408406 -0.678254
v 0.487903 1.406158 -0.686801
v 0.491086 1.408406 -0.675942
v 0.505669 1.400730 -0.680681
v 0.499214 1.406158 -0.678584
v 0.491086 1.408406 -0.673875
v 0.505669 1.400730 -0.669136
v 0.499214 1.406158 -0.671233
v 0.489870 1.408406 -0.672202
v 0.498883 1.400730 -0.659797
v 0.494894 1.406158 -0.665287
v 0.487903 1.408406 -0.671563
v 0.487903 1.400730 -0.656229
v 0.487903 1.406158 -0.663016
v 0.485937 1.408406 -0.672202
v 0.476924 1.400730 -0.659797
v 0.480913 1.406158 -0.665287
v 0.484722 1.408406 -0.673875
v 0.470138 1.400730 -0.669136
v 0.476593 1.406158 -0.671233
v 0.484722 1.408406 -0.675942
v 0.470138 1.400730 -0.680681
v 0.476593 1.406158 -0.678584
v 0.485937 1.408406 -0.677615
v 0.476924 1.400730 -0.690021
v 0.480913 1.406158 -0.684530
v 0.487903 1.331941 -0.701994
v 0.487903 1.340816 -0.697214
v 0.501014 1.340816 -0.692954
v 0.503824 1.331941 -0.696821
v 0.509116 1.340816 -0.681801
v 0.513663 1.331941 -0.683279
v 0.509116 1.340816 -0.668016
v 0.513663 1.331941 -0.666539
v 0.501014 1.340816 -0.656864
v 0.503824 1.331941 -0.652996
v 0.487903 1.340816 -0.652604
v 0.487903 1.331941 -0.647823
v 0.474793 1.340816 -0.656864
v 0.471983 1.331941 -0.652996
v 0.466690 1.340816 -0.668016
v 0.462143 1.331941 -0.666539
v 0.466690 1.340816 -0.681801
v 0.462143 1.331941 -0.683279
v 0.474793 1.340816 -0.692954
v 0.471983 1.331941 -0.696821
v -0.036591 0.536561 0.038972
v -0.036591 0.605004 0.038972
v -0.036591 0.536560 -0.485197
v -0.036591 0.605004 -0.485197
v 0.494416 0.536561 0.038972
v 0.494416 0.605004 0.038972
v 0.494416 0.536560 -0.485197
v 0.494416 0.605004 -0.485197
v -0.033214 0.577391 0.035595
v -0.033214 0.586987 0.035595
v 0.491040 0.586987 0.035595
v 0.491040 0.577391 0.035595
v -0.033214 0.554577 0.035595
v -0.033214 0.564173 0.035595
v 0.491040 0.564173 0.035595
v 0.491040 0.554577 0.035595
v -0.036591 0.564173 0.038972
v -0.036591 0.554577 0.038972
v -0.036591 0.586987 0.038972
v -0.036591 0.577391 0.038972
v -0.036591 0.577391 -0.485197
v -0.036591 0.586987 -0.485197
v -0.036591 0.554577 -0.485197
v -0.036591 0.564173 -0.485197
v 0.494416 0.577391 -0.485197
v 0.494416 0.586987 -0.485197
v 0.494416 0.554577 -0.485197
v 0.494416 0.564173 -0.485197
v 0.494416 0.577391 0.038972
v 0.494416 0.586987 0.038972
v 0.494416 0.554577 0.038972
v 0.494416 0.564173 0.038972
v 0.491040 0.554577 -0.481820
v 0.491040 0.564173 -0.481820
v 0.491040 0.577391 -0.481820
v 0.491040 0.586987 -0.481820
v -0.033214 0.554577 -0.481820
v -0.033214 0.564173 -0.481820
v -0.033214 0.577391 -0.481820
v -0.033214 0.586987 -0.481820
v 0.463149 1.279329 -0.646125
v 0.463149 0.865182 -0.527743
v -0.002384 1.279329 -0.646125
v -0.002384 0.865182 -0.527743
v 0.424245 1.256346 -0.589384
v 0.463149 1.283130 -0.632829
v 0.443697 1.273199 -0.598996
v 0.457936 1.283003 -0.614899
v 0.424245 0.914681 -0.491721
v 0.463149 0.868983 -0.514448
v 0.443697 0.895294 -0.490974
v 0.457936 0.878567 -0.499292
v 0.036520 1.256346 -0.589384
v -0.002384 1.283130 -0.632829
v 0.017068 1.273199 -0.598996
v 0.002828 1.283003 -0.614899
v 0.036520 0.914681 -0.491721
v -0.002384 0.868983 -0.514448
v 0.017068 0.895294 -0.490974
v 0.002828 0.878567 -0.499292
vn -0.0000 -1.0000 -0.0000
vn 0.5878 -0.0000 -0.8090
vn -0.0000 -0.0000 -1.0000
vn -0.0000 -0.2822 -0.9593
vn 0.5639 -0.2822 -0.7761
vn -0.9511 -0.0000 -0.3090
vn -0.9511 -0.0000 0.3090
vn -0.9124 -0.2822 0.2965
vn -0.9124 -0.2822 -0.2965
vn -0.0000 -0.0000 1.0000
vn 0.5878 -0.0000 0.8090
vn 0.5639 -0.2822 0.7761
vn -0.0000 -0.2822 0.9593
vn 0.9511 -0.0000 -0.3090
vn 0.9124 -0.2822 -0.2965
vn -0.5878 -0.0000 -0.8090
vn -0.5639 -0.2822 -0.7761
vn -0.5878 -0.0000 0.8090
vn -0.5639 -0.2822 0.7761
vn 0.9511 -0.0000 0.3090
vn 0.9124 -0.2822 0.2965
vn 0.5399 -0.3955 -0.7430
vn -0.0000 -0.3955 -0.9184
vn -0.0000 -0.1410 -0.9900
vn 0.5819 -0.1410 -0.8009
vn 0.8735 -0.3955 -0.2838
vn 0.9416 -0.1410 -0.3059
vn 0.8735 -0.3955 0.2838
vn 0.9416 -0.1410 0.3059
vn 0.5399 -0.3955 0.7430
vn 0.5819 -0.1410 0.8009
vn -0.0000 -0.3955 0.9185
vn -0.0000 -0.1410 0.9900
vn -0.5399 -0.3955 0.7430
vn -0.5819 -0.1410 0.8009
vn -0.8735 -0.3955 0.2838
vn -0.9416 -0.1410 0.3059
vn -0.8735 -0.3955 -0.2838
vn -0.9416 -0.1410 -0.3059
vn -0.5399 -0.3955 -0.7430
vn -0.5819 -0.1410 -0.8009
vn 0.5797 0.1658 -0.7978
vn -0.0000 0.1658 -0.9862
vn -0.0000 0.4549 -0.8905
vn 0.5234 0.4549 -0.7205
vn 0.9379 0.1658 -0.3047
vn 0.8469 0.4549 -0.2752
vn 0.9379 0.1658 0.3047
vn 0.8469 0.4549 0.2752
vn 0.5797 0.1658 0.7978
vn 0.5234 0.4549 0.7205
vn -0.0000 0.1658 0.9862
vn -0.0000 0.4549 0.8905
vn -0.5797 0.1658 0.7978
vn -0.5234 0.4549 0.7205
vn -0.9379 0.1658 0.3047
vn -0.8469 0.4549 0.2752
vn -0.9379 0.1658 -0.3047
vn -0.8470 0.4549 -0.2752
vn -0.5797 0.1658 -0.7978
vn -0.5234 0.4549 -0.7205
vn 0.4329 0.6764 -0.5959
vn -0.0000 0.6764 -0.7366
vn -0.0000 0.8767 -0.4810
vn 0.2827 0.8767 -0.3891
vn -0.0000 0.9882 -0.1533
vn 0.0901 0.9882 -0.1240
vn 0.7005 0.6764 -0.2276
vn 0.4574 0.8767 -0.1486
vn 0.1458 0.9882 -0.0474
vn 0.7005 0.6764 0.2276
vn 0.4574 0.8767 0.1486
vn 0.1458 0.9882 0.0474
vn 0.4329 0.6764 0.5959
vn 0.2827 0.8767 0.3891
vn 0.0901 0.9882 0.1240
vn -0.0000 0.6764 0.7365
vn -0.0000 0.8767 0.4810
vn -0.0000 0.9882 0.1533
vn -0.4329 0.6764 0.5959
vn -0.2827 0.8767 0.3891
vn -0.0901 0.9882 0.1240
vn -0.7005 0.6764 0.2276
vn -0.4575 0.8767 0.1486
vn -0.1458 0.9882 0.0474
vn -0.7005 0.6764 -0.2276
vn -0.4575 0.8767 -0.1486
vn -0.1458 0.9882 -0.0474
vn -0.4329 0.6764 -0.5959
vn -0.2827 0.8767 -0.3891
vn -0.0901 0.9882 -0.1240
vn 0.5715 0.2339 -0.7866
vn -0.0000 0.2339 -0.9723
vn -0.0000 0.6463 -0.7631
vn 0.4486 0.6463 -0.6174
vn 0.9247 0.2339 -0.3005
vn 0.7258 0.6463 -0.2358
vn 0.9247 0.2339 0.3004
vn 0.7258 0.6462 0.2358
vn 0.5715 0.2339 0.7866
vn 0.4486 0.6462 0.6174
vn -0.0000 0.2339 0.9723
vn -0.0000 0.6463 0.7631
vn -0.5715 0.2339 0.7866
vn -0.4486 0.6463 0.6174
vn -0.9247 0.2339 0.3004
vn -0.7258 0.6463 0.2358
vn -0.9247 0.2339 -0.3004
vn -0.7258 0.6463 -0.2358
vn -0.5715 0.2339 -0.7866
vn -0.4486 0.6463 -0.6174
vn -0.0000 0.8252 -0.5648
vn 0.3320 0.8252 -0.4569
vn -0.3320 0.8252 -0.4569
vn 0.5371 0.8252 -0.1745
vn 0.5371 0.8252 0.1745
vn 0.3320 0.8252 0.4569
vn -0.0000 0.8252 0.5648
vn -0.3320 0.8252 0.4569
vn -0.5371 0.8252 0.1745
vn -0.5371 0.8252 -0.1745
vn -0.0000 -0.1560 -0.9878
vn 0.5806 -0.1560 -0.7991
vn 0.9394 -0.1560 -0.3052
vn 0.9394 -0.1560 0.3052
vn 0.5806 -0.1560 0.7991
vn -0.0000 -0.1560 0.9878
vn -0.5806 -0.1560 0.7991
vn -0.9394 -0.1560 0.3052
vn -0.9394 -0.1560 -0.3052
vn -0.5806 -0.1560 -0.7991
vn -0.4051 0.7246 -0.5575
vn -0.0000 0.7246 -0.6891
vn -0.6554 0.7246 -0.2130
vn -0.6554 0.7246 0.2130
vn -0.4051 0.7246 0.5575
vn -0.0000 0.7246 0.6891
vn 0.4051 0.7246 0.5575
vn 0.6554 0.7246 0.2130
vn 0.6554 0.7246 -0.2130
vn 0.4051 0.7246 -0.5575
vn -0.0000 1.0000 -0.0000
vn -0.5835 -0.1210 0.8031
vn -0.0000 -0.1210 0.9927
vn 0.5833 0.1238 -0.8028
vn -0.0000 0.1238 -0.9923
vn -0.0000 0.3627 -0.9319
vn 0.5478 0.3627 -0.7539
vn 0.9437 0.1238 -0.3066
vn 0.8863 0.3627 -0.2880
vn 0.9437 0.1238 0.3066
vn 0.8863 0.3627 0.2880
vn 0.5833 0.1238 0.8028
vn 0.5478 0.3627 0.7539
vn -0.0000 0.1238 0.9923
vn -0.0000 0.3627 0.9319
vn -0.5833 0.1238 0.8028
vn -0.5478 0.3627 0.7539
vn -0.9437 0.1238 0.3066
vn -0.8863 0.3627 0.2880
vn -0.9437 0.1238 -0.3066
vn -0.8863 0.3627 -0.2880
vn -0.5833 0.1238 -0.8028
vn -0.5478 0.3627 -0.7539
vn -0.0000 0.2630 -0.9648
vn 0.5671 0.2630 -0.7805
vn -0.5671 0.2630 -0.7805
vn 0.9176 0.2630 -0.2981
vn 0.9176 0.2630 0.2981
vn 0.5671 0.2630 0.7805
vn -0.0000 0.2630 0.9648
vn -0.5671 0.2630 0.7805
vn -0.9176 0.2630 0.2981
vn -0.9176 0.2630 -0.2981
vn 0.5267 -0.4438 -0.7250
vn -0.0000 -0.4438 -0.8961
vn -0.0000 -0.1534 -0.9882
vn 0.5808 -0.1534 -0.7994
vn 0.8523 -0.4438 -0.2769
vn 0.9398 -0.1534 -0.3054
vn 0.8523 -0.4438 0.2769
vn 0.9398 -0.1534 0.3054
vn 0.5267 -0.4438 0.7250
vn 0.5808 -0.1534 0.7994
vn -0.0000 -0.4438 0.8961
vn -0.0000 -0.1534 0.9882
vn -0.5267 -0.4438 0.7250
vn -0.5808 -0.1534 0.7994
vn -0.8523 -0.4438 0.2769
vn -0.9398 -0.1534 0.3054
vn -0.8523 -0.4438 -0.2769
vn -0.9398 -0.1534 -0.3054
vn -0.5267 -0.4438 -0.7250
vn -0.5808 -0.1534 -0.7994
vn 0.4752 -0.5885 -0.6541
vn -0.0000 -0.5885 -0.8085
vn -0.4752 -0.5885 -0.6541
vn 0.7689 -0.5885 -0.2498
vn 0.7689 -0.5885 0.2498
vn 0.4752 -0.5885 0.6541
vn -0.0000 -0.5885 0.8085
vn -0.4752 -0.5885 0.6541
vn -0.7689 -0.5885 0.2498
vn -0.7689 -0.5885 -0.2498
vn 0.9441 -0.1210 0.3067
vn 0.9441 -0.1210 -0.3067
vn -0.0000 -0.1210 -0.9927
vn -0.5835 -0.1210 -0.8031
vn -0.9441 -0.1210 0.3067
vn 0.5835 -0.1210 0.8031
vn 0.5835 -0.1210 -0.8031
vn -0.9441 -0.1210 -0.3067
vn 0.3065 0.8533 -0.4219
vn -0.0000 0.8533 -0.5215
vn -0.0000 0.9790 -0.2037
vn 0.1197 0.9790 -0.1648
vn 0.4960 0.8533 -0.1611
vn 0.1937 0.9790 -0.0629
vn 0.4960 0.8533 0.1612
vn 0.1937 0.9790 0.0629
vn 0.3065 0.8533 0.4219
vn 0.1197 0.9790 0.1648
vn -0.0000 0.8533 0.5215
vn -0.0000 0.9790 0.2037
vn -0.3065 0.8533 0.4219
vn -0.1197 0.9790 0.1648
vn -0.4960 0.8533 0.1611
vn -0.1937 0.9790 0.0629
vn -0.4960 0.8533 -0.1611
vn -0.1937 0.9790 -0.0629
vn -0.3065 0.8533 -0.4219
vn -0.1197 0.9790 -0.1648
vn 0.6089 0.7682 -0.1978
vn 0.3763 0.7682 -0.5179
vn -0.0000 0.7682 -0.6402
vn -0.3763 0.7682 -0.5179
vn 0.6089 0.7682 0.1978
vn 0.3763 0.7682 0.5179
vn -0.0000 0.7682 0.6402
vn -0.3763 0.7682 0.5179
vn -0.6089 0.7682 0.1978
vn -0.6089 0.7682 -0.1978
vn -0.0000 0.3020 0.9533
vn 0.5604 0.3020 0.7712
vn 0.9067 0.3020 -0.2946
vn 0.5604 0.3020 -0.7712
vn -0.5604 0.3020 -0.7712
vn -0.9067 0.3020 -0.2946
vn -0.5604 0.3020 0.7712
vn 0.9067 0.3020 0.2946
vn -0.0000 0.3020 -0.9533
vn -0.9067 0.3020 0.2946
vn 0.5819 0.1413 -0.8009
vn -0.0000 0.1413 -0.9900
vn -0.0000 0.4111 -0.9116
vn 0.5358 0.4111 -0.7375
vn 0.9415 0.1413 -0.3059
vn 0.8670 0.4111 -0.2817
vn 0.9415 0.1413 0.3059
vn 0.8670 0.4111 0.2817
vn 0.5819 0.1413 0.8009
vn 0.5358 0.4111 0.7375
vn -0.0000 0.1413 0.9900
vn -0.0000 0.4111 0.9116
vn -0.5819 0.1413 0.8009
vn -0.5358 0.4111 0.7375
vn -0.9415 0.1413 0.3059
vn -0.8670 0.4111 0.2817
vn -0.9415 0.1413 -0.3059
vn -0.8670 0.4111 -0.2817
vn -0.5819 0.1413 -0.8009
vn -0.5358 0.4111 -0.7375
vn 0.5368 -0.4072 -0.7389
vn -0.0000 -0.4072 -0.9133
vn -0.0000 -0.1399 -0.9902
vn 0.5820 -0.1399 -0.8011
vn 0.8686 -0.4072 -0.2822
vn 0.9417 -0.1399 -0.3060
vn 0.8686 -0.4072 0.2822
vn 0.9417 -0.1399 0.3060
vn 0.5368 -0.4072 0.7389
vn 0.5820 -0.1399 0.8011
vn -0.0000 -0.4072 0.9133
vn -0.0000 -0.1399 0.9902
vn -0.5369 -0.4072 0.7389
vn -0.5820 -0.1399 0.8011
vn -0.8686 -0.4072 0.2822
vn -0.9417 -0.1399 0.3060
vn -0.8686 -0.4072 -0.2822
vn -0.9417 -0.1399 -0.3060
vn -0.5369 -0.4072 -0.7389
vn -0.5820 -0.1399 -0.8011
vn 0.4940 -0.5420 -0.6799
vn -0.0000 -0.5420 -0.8404
vn -0.4940 -0.5420 -0.6799
vn 0.7993 -0.5420 -0.2597
vn 0.7993 -0.5420 0.2597
vn 0.4940 -0.5420 0.6799
vn -0.0000 -0.5420 0.8404
vn -0.4940 -0.5420 0.6799
vn -0.7993 -0.5420 0.2597
vn -0.7993 -0.5420 -0.2597
vn -0.2253 -0.6889 0.6889
vn -0.1662 -0.3700 0.9140
vn -0.4122 -0.6442 0.6443
vn -0.1662 -0.9140 0.3701
vn -0.3701 -0.1662 0.9140
vn -0.6443 -0.4122 0.6443
vn -0.6889 -0.2253 0.6889
vn -0.9140 -0.1662 0.3701
vn -0.9140 -0.3700 0.1662
vn -0.6443 -0.6442 0.4122
vn -0.6889 -0.6889 0.2253
vn -0.3701 -0.9140 0.1662
vn -0.6889 -0.6889 -0.2253
vn -0.9140 -0.3700 -0.1662
vn -0.6443 -0.6442 -0.4122
vn -0.3701 -0.9140 -0.1662
vn -0.9140 -0.1662 -0.3701
vn -0.6443 -0.4122 -0.6443
vn -0.6889 -0.2253 -0.6889
vn -0.3701 -0.1662 -0.9140
vn -0.1662 -0.3700 -0.9140
vn -0.4122 -0.6442 -0.6443
vn -0.2253 -0.6889 -0.6889
vn -0.1662 -0.9140 -0.3701
vn 0.6889 -0.6889 0.2253
vn 0.9140 -0.3700 0.1662
vn 0.6443 -0.6442 0.4122
vn 0.3701 -0.9140 0.1662
vn 0.9140 -0.1662 0.3701
vn 0.6443 -0.4122 0.6443
vn 0.6889 -0.2253 0.6889
vn 0.3701 -0.1662 0.9140
vn 0.1662 -0.3700 0.9140
vn 0.4122 -0.6442 0.6443
vn 0.2253 -0.6889 0.6889
vn 0.1662 -0.9140 0.3701
vn 0.2253 -0.6889 -0.6889
vn 0.1662 -0.3700 -0.9140
vn 0.4122 -0.6442 -0.6443
vn 0.1662 -0.9140 -0.3701
vn 0.3701 -0.1662 -0.9140
vn 0.6443 -0.4122 -0.6443
vn 0.6889 -0.2253 -0.6889
vn 0.9140 -0.1662 -0.3701
vn 0.9140 -0.3700 -0.1662
vn 0.6443 -0.6442 -0.4122
vn 0.6889 -0.6889 -0.2253
vn 0.3701 -0.9140 -0.1662
vn -1.0000 -0.0000 -0.0000
vn 1.0000 -0.0000 -0.0000
vn 0.4960 0.8533 -0.1612
vn -0.4960 0.8533 0.1612
vn -0.4960 0.8533 -0.1612
vn 0.5603 0.3020 0.7713
vn 0.5603 0.3020 -0.7713
vn 0.4122 -0.6443 0.6443
vn 0.4122 -0.6443 -0.6443
vn -0.0000 -0.2732 -0.9620
vn -0.0000 -0.1837 -0.9830
vn -0.0000 0.2732 0.9620
vn -0.0000 0.1837 0.9830
vn -0.0000 0.1796 0.9837
vn -0.0000 0.1188 0.9929
vn -0.0000 -0.1796 -0.9837
vn -0.0000 -0.1188 -0.9929
vn -0.0000 -0.2255 -0.9742
vn -0.0000 -0.2014 -0.9795
vn -0.0000 -0.2375 -0.9714
vn -0.0000 0.2014 0.9795
vn -0.0000 0.2255 0.9742
vn -0.0000 0.2375 0.9714
vn -0.0000 0.0599 0.9982
vn -0.0000 0.0200 0.9998
vn -0.0000 -0.0599 -0.9982
vn -0.0000 -0.0200 -0.9998
vn -1.0000 -0.0008 -0.0000
vn -1.0000 0.0066 -0.0000
vn -0.0000 0.1376 0.9905
vn -0.0000 -0.1376 -0.9905
vn -0.9733 0.2297 -0.0000
vn -0.7678 0.6407 -0.0000
vn -0.8026 0.5965 -0.0000
vn -0.9390 0.3438 -0.0000
vn -0.5078 0.8615 -0.0000
vn -0.4518 0.8921 -0.0000
vn -0.5881 0.8088 -0.0000
vn -0.8489 0.5286 -0.0000
vn -0.9228 0.3853 -0.0000
vn 0.9733 0.2297 -0.0000
vn 0.7678 0.6407 -0.0000
vn 0.8026 0.5965 -0.0000
vn 0.9390 0.3438 -0.0000
vn 0.5078 0.8615 -0.0000
vn 0.4518 0.8921 -0.0000
vn 0.5881 0.8088 -0.0000
vn 0.8489 0.5286 -0.0000
vn 0.9228 0.3853 -0.0000
vn 0.0984 0.9903 0.0984
vn 0.3332 0.8820 0.3332
vn 0.3332 0.8820 -0.3332
vn 0.0984 0.9903 -0.0984
vn 0.9047 0.4260 -0.0000
vn 0.9929 0.1191 -0.0000
vn -0.0984 0.9903 0.0984
vn -0.3332 0.8820 0.3332
vn -0.0000 0.4260 0.9047
vn -0.0000 0.1191 0.9929
vn -0.0984 0.9903 -0.0984
vn -0.3332 0.8820 -0.3332
vn -0.9047 0.4260 -0.0000
vn -0.9929 0.1191 -0.0000
vn -0.0000 0.4260 -0.9047
vn -0.0000 0.1191 -0.9929
vn -0.5398 -0.3955 0.7430
vn 0.8470 0.4549 -0.2752
vn -0.8469 0.4549 -0.2752
vn 0.4575 0.8767 -0.1486
vn 0.4575 0.8767 0.1486
vn -0.4574 0.8767 0.1486
vn -0.4574 0.8767 -0.1486
vn 0.9247 0.2339 -0.3004
vn 0.7258 0.6463 0.2358
vn 0.4486 0.6463 0.6174
vn -0.4486 0.6462 0.6174
vn -0.7258 0.6462 0.2358
vn -0.0000 -0.2748 -0.9615
vn 0.0869 0.1854 0.9788
vn 0.3054 -0.0536 0.9507
vn 0.3054 0.5480 0.7787
vn 0.0869 0.3599 0.9289
vn 0.8875 0.1267 0.4431
vn 0.9912 0.0364 0.1274
vn -0.0869 0.1854 0.9788
vn -0.3054 -0.0536 0.9507
vn -0.0000 -0.7367 0.6763
vn -0.0000 -0.9183 0.3958
vn -0.0869 0.3599 0.9289
vn -0.3054 0.5480 0.7787
vn -0.8875 0.1267 0.4431
vn -0.9912 0.0364 0.1274
vn -0.0000 0.9828 0.1848
vn -0.0000 0.9888 -0.1493
vn -0.0000 0.9615 -0.2748
vn -0.0000 -0.9615 0.2748
vt 0.132837 0.087157
vt 0.140085 0.085515
vt 0.147153 0.087960
vt 0.151112 0.094266
vt 0.151179 0.101621
vt 0.147228 0.107987
vt 0.139039 0.109564
vt 0.132360 0.106404
vt 0.127931 0.100359
vt 0.128265 0.092955
vt 0.389038 0.270115
vt 0.389038 0.276556
vt 0.385957 0.276556
vt 0.385957 0.270115
vt 0.389038 0.289436
vt 0.389038 0.295876
vt 0.385957 0.295876
vt 0.385957 0.289436
vt 0.389038 0.244355
vt 0.389038 0.250795
vt 0.385957 0.250795
vt 0.385957 0.244355
vt 0.389038 0.263675
vt 0.385957 0.263675
vt 0.389038 0.282996
vt 0.385957 0.282996
vt 0.389038 0.302316
vt 0.389038 0.308756
vt 0.385957 0.308756
vt 0.385957 0.302316
vt 0.389038 0.257235
vt 0.385957 0.257235
vt 0.379979 0.270115
vt 0.379979 0.276556
vt 0.375841 0.276556
vt 0.375841 0.270115
vt 0.379979 0.263675
vt 0.375841 0.263675
vt 0.379979 0.257235
vt 0.375841 0.257235
vt 0.379979 0.250795
vt 0.375841 0.250795
vt 0.379979 0.244355
vt 0.375841 0.244355
vt 0.379979 0.302316
vt 0.379979 0.308756
vt 0.375841 0.308756
vt 0.375841 0.302316
vt 0.379979 0.295876
vt 0.375841 0.295876
vt 0.379979 0.289436
vt 0.375841 0.289436
vt 0.379979 0.282996
vt 0.375841 0.282996
vt 0.370869 0.270115
vt 0.370869 0.276556
vt 0.366667 0.276556
vt 0.366667 0.270115
vt 0.370869 0.263675
vt 0.366667 0.263675
vt 0.370869 0.257235
vt 0.366667 0.257235
vt 0.370869 0.250795
vt 0.366667 0.250795
vt 0.370869 0.244355
vt 0.366667 0.244355
vt 0.370869 0.302316
vt 0.370869 0.308756
vt 0.366667 0.308756
vt 0.366667 0.302316
vt 0.370869 0.295876
vt 0.366667 0.295876
vt 0.370869 0.289436
vt 0.366667 0.289436
vt 0.370869 0.282996
vt 0.366667 0.282996
vt 0.363388 0.270115
vt 0.363388 0.276556
vt 0.359697 0.276556
vt 0.359697 0.270115
vt 0.003094 0.105313
vt 0.006310 0.104270
vt 0.006308 0.108241
vt 0.005431 0.108526
vt 0.363388 0.263675
vt 0.359697 0.263675
vt 0.001111 0.108050
vt 0.004891 0.109274
vt 0.363388 0.257235
vt 0.359697 0.257235
vt 0.001111 0.111439
vt 0.004888 0.110199
vt 0.363388 0.250795
vt 0.359697 0.250795
vt 0.003100 0.114170
vt 0.005430 0.110950
vt 0.363388 0.244355
vt 0.359697 0.244355
vt 0.006317 0.115207
vt 0.006313 0.111231
vt 0.363388 0.302316
vt 0.363388 0.308756
vt 0.359697 0.308756
vt 0.359697 0.302316
vt 0.009528 0.114166
vt 0.007194 0.110947
vt 0.363388 0.295876
vt 0.359697 0.295876
vt 0.011514 0.111439
vt 0.007736 0.110195
vt 0.363388 0.289436
vt 0.359697 0.289436
vt 0.011521 0.108057
vt 0.007732 0.109270
vt 0.363388 0.282996
vt 0.359697 0.282996
vt 0.009536 0.105316
vt 0.007187 0.108523
vt 0.396313 0.270115
vt 0.396313 0.276556
vt 0.392032 0.276556
vt 0.392032 0.270115
vt 0.396313 0.263675
vt 0.392032 0.263675
vt 0.396313 0.257235
vt 0.392032 0.257235
vt 0.396313 0.250795
vt 0.392032 0.250795
vt 0.396313 0.244355
vt 0.392032 0.244355
vt 0.396313 0.302316
vt 0.396313 0.308756
vt 0.392032 0.308756
vt 0.392032 0.302316
vt 0.396313 0.295876
vt 0.392032 0.295876
vt 0.396313 0.289436
vt 0.392032 0.289436
vt 0.396313 0.282996
vt 0.392032 0.282996
vt 0.132323 0.086280
vt 0.140168 0.084512
vt 0.127329 0.092576
vt 0.147813 0.087182
vt 0.152074 0.094013
vt 0.152074 0.101881
vt 0.148007 0.108468
vt 0.147433 0.109088
vt 0.138890 0.110599
vt 0.131705 0.107153
vt 0.126947 0.100623
vt 0.319210 0.729209
vt 0.319210 0.707271
vt 0.329455 0.707271
vt 0.329455 0.729209
vt 0.339700 0.707271
vt 0.339700 0.729209
vt 0.349945 0.707271
vt 0.349945 0.729209
vt 0.360190 0.707271
vt 0.360190 0.729209
vt 0.370435 0.707271
vt 0.370435 0.729209
vt 0.380679 0.707271
vt 0.380679 0.729209
vt 0.390924 0.707271
vt 0.390924 0.729209
vt 0.401169 0.707271
vt 0.401169 0.729209
vt 0.411414 0.707271
vt 0.411414 0.729209
vt 0.421659 0.707271
vt 0.421659 0.729209
vt 0.025358 0.084628
vt 0.025372 0.091406
vt 0.021384 0.096888
vt 0.014959 0.098981
vt 0.008523 0.096915
vt 0.004537 0.091460
vt 0.004524 0.084706
vt 0.008486 0.079238
vt 0.014892 0.077122
vt 0.021343 0.079178
vt 0.027650 0.083908
vt 0.027650 0.092170
vt 0.007065 0.077302
vt 0.014867 0.074723
vt 0.022782 0.098842
vt 0.014956 0.101382
vt 0.022715 0.077205
vt 0.027626 0.083836
vt 0.007117 0.098861
vt 0.002253 0.092207
vt 0.002238 0.083966
vt 0.411414 0.729550
vt 0.421659 0.729550
vt 0.421659 0.732157
vt 0.411414 0.732157
vt 0.401169 0.729550
vt 0.401169 0.732157
vt 0.390924 0.729550
vt 0.390924 0.732157
vt 0.380679 0.729550
vt 0.380679 0.732157
vt 0.370435 0.729550
vt 0.370435 0.732157
vt 0.360190 0.729550
vt 0.360190 0.732157
vt 0.349945 0.729550
vt 0.349945 0.732157
vt 0.339700 0.729550
vt 0.339700 0.732157
vt 0.329455 0.729550
vt 0.329455 0.732157
vt 0.319210 0.729550
vt 0.319210 0.732157
vt 0.319210 0.737327
vt 0.329455 0.737327
vt 0.339700 0.737327
vt 0.349945 0.737327
vt 0.360190 0.737327
vt 0.370435 0.737327
vt 0.380679 0.737327
vt 0.390924 0.737327
vt 0.401169 0.737327
vt 0.411414 0.737327
vt 0.421659 0.737327
vt 0.319210 0.704168
vt 0.329455 0.704168
vt 0.339700 0.704168
vt 0.349945 0.704168
vt 0.360190 0.704168
vt 0.370435 0.704168
vt 0.380679 0.704168
vt 0.390924 0.704168
vt 0.401169 0.704168
vt 0.411414 0.704168
vt 0.421659 0.704168
vt 0.349945 0.670372
vt 0.339700 0.670372
vt 0.339700 0.668805
vt 0.349945 0.668805
vt 0.380679 0.662046
vt 0.370435 0.662046
vt 0.370435 0.580732
vt 0.380679 0.580732
vt 0.339700 0.662046
vt 0.349945 0.662046
vt 0.349945 0.663613
vt 0.339700 0.663613
vt 0.411414 0.662046
vt 0.421659 0.662046
vt 0.421659 0.663613
vt 0.411414 0.663613
vt 0.411414 0.670372
vt 0.401169 0.670372
vt 0.401169 0.668805
vt 0.411414 0.668805
vt 0.421659 0.670372
vt 0.421659 0.668805
vt 0.329455 0.662046
vt 0.329455 0.663613
vt 0.401169 0.662046
vt 0.401169 0.663613
vt 0.390924 0.670372
vt 0.380679 0.670372
vt 0.380679 0.668805
vt 0.390924 0.668805
vt 0.319210 0.662046
vt 0.319210 0.663613
vt 0.390924 0.662046
vt 0.390924 0.663613
vt 0.329455 0.690637
vt 0.319210 0.690637
vt 0.319210 0.685252
vt 0.329455 0.685252
vt 0.339700 0.690637
vt 0.339700 0.685252
vt 0.349945 0.690637
vt 0.349945 0.685252
vt 0.360190 0.690637
vt 0.360190 0.685252
vt 0.370435 0.690637
vt 0.370435 0.685252
vt 0.380679 0.690637
vt 0.380679 0.685252
vt 0.390924 0.690637
vt 0.390924 0.685252
vt 0.401169 0.690637
vt 0.401169 0.685252
vt 0.411414 0.690637
vt 0.411414 0.685252
vt 0.421659 0.690637
vt 0.421659 0.685252
vt 0.319210 0.678307
vt 0.329455 0.678307
vt 0.411414 0.678307
vt 0.421659 0.678307
vt 0.339700 0.678307
vt 0.349945 0.678307
vt 0.360190 0.678307
vt 0.370435 0.678307
vt 0.380679 0.678307
vt 0.390924 0.678307
vt 0.401169 0.678307
vt 0.329455 0.699469
vt 0.319210 0.699469
vt 0.319210 0.693250
vt 0.329455 0.693250
vt 0.339700 0.699469
vt 0.339700 0.693250
vt 0.349945 0.699469
vt 0.349945 0.693250
vt 0.360190 0.699469
vt 0.360190 0.693250
vt 0.370435 0.699469
vt 0.370435 0.693250
vt 0.380679 0.699469
vt 0.380679 0.693250
vt 0.390924 0.699469
vt 0.390924 0.693250
vt 0.401169 0.699469
vt 0.401169 0.693250
vt 0.411414 0.699469
vt 0.411414 0.693250
vt 0.421659 0.699469
vt 0.421659 0.693250
vt 0.329455 0.670372
vt 0.360190 0.670372
vt 0.370435 0.670372
vt 0.319210 0.670372
vt 0.339700 0.580732
vt 0.349945 0.580732
vt 0.411414 0.580732
vt 0.421659 0.580732
vt 0.390924 0.580732
vt 0.360190 0.662046
vt 0.360190 0.580732
vt 0.319210 0.580732
vt 0.329455 0.580732
vt 0.401169 0.580732
vt 0.370435 0.668805
vt 0.370435 0.663613
vt 0.380679 0.663613
vt 0.360190 0.668805
vt 0.360190 0.663613
vt 0.329455 0.668805
vt 0.319210 0.668805
vt 0.329455 0.570818
vt 0.319210 0.570818
vt 0.319210 0.561120
vt 0.329455 0.561120
vt 0.370435 0.561120
vt 0.360190 0.561120
vt 0.360190 0.558856
vt 0.370435 0.558856
vt 0.401169 0.570818
vt 0.390924 0.570818
vt 0.390924 0.561120
vt 0.401169 0.561120
vt 0.370435 0.570818
vt 0.360190 0.570818
vt 0.339700 0.570818
vt 0.339700 0.561120
vt 0.411414 0.570818
vt 0.411414 0.561120
vt 0.380679 0.570818
vt 0.380679 0.561120
vt 0.349945 0.570818
vt 0.349945 0.561120
vt 0.421659 0.570818
vt 0.421659 0.561120
vt 0.329455 0.558856
vt 0.339700 0.558856
vt 0.401169 0.558856
vt 0.411414 0.558856
vt 0.380679 0.558856
vt 0.349945 0.558856
vt 0.421659 0.558856
vt 0.390924 0.558856
vt 0.319210 0.558856
vt 0.329455 0.573690
vt 0.319210 0.573690
vt 0.319210 0.571370
vt 0.329455 0.571370
vt 0.339700 0.573690
vt 0.339700 0.571370
vt 0.349945 0.573690
vt 0.349945 0.571370
vt 0.360190 0.573690
vt 0.360190 0.571370
vt 0.370435 0.573690
vt 0.370435 0.571370
vt 0.380679 0.573690
vt 0.380679 0.571370
vt 0.390924 0.573690
vt 0.390924 0.571370
vt 0.401169 0.573690
vt 0.401169 0.571370
vt 0.411414 0.573690
vt 0.411414 0.571370
vt 0.421659 0.573690
vt 0.421659 0.571370
vt 0.370435 0.530917
vt 0.360190 0.530917
vt 0.360190 0.524158
vt 0.370435 0.524158
vt 0.339700 0.524158
vt 0.329455 0.524158
vt 0.329455 0.520465
vt 0.339700 0.520465
vt 0.339700 0.530917
vt 0.329455 0.530917
vt 0.411414 0.530917
vt 0.401169 0.530917
vt 0.401169 0.524158
vt 0.411414 0.524158
vt 0.380679 0.530917
vt 0.380679 0.524158
vt 0.349945 0.530917
vt 0.349945 0.524158
vt 0.421659 0.530917
vt 0.421659 0.524158
vt 0.390924 0.530917
vt 0.390924 0.524158
vt 0.319210 0.530917
vt 0.319210 0.524158
vt 0.411414 0.520465
vt 0.401169 0.520465
vt 0.401169 0.505379
vt 0.411414 0.505379
vt 0.370435 0.520465
vt 0.380679 0.520465
vt 0.349945 0.520465
vt 0.421659 0.520465
vt 0.390924 0.520465
vt 0.360190 0.520465
vt 0.319210 0.520465
vt 0.034562 0.056919
vt 0.028146 0.065751
vt 0.017763 0.069124
vt 0.007381 0.065751
vt 0.000964 0.056919
vt 0.000964 0.046003
vt 0.007381 0.037171
vt 0.017763 0.033797
vt 0.028146 0.037171
vt 0.034562 0.046003
vt 0.370435 0.505379
vt 0.380679 0.505379
vt 0.339700 0.505379
vt 0.349945 0.505379
vt 0.421659 0.505379
vt 0.390924 0.505379
vt 0.360190 0.505379
vt 0.319210 0.505379
vt 0.329455 0.505379
vt 0.329455 0.543946
vt 0.319210 0.543946
vt 0.319210 0.538434
vt 0.329455 0.538434
vt 0.339700 0.543946
vt 0.339700 0.538434
vt 0.349945 0.543946
vt 0.349945 0.538434
vt 0.360190 0.543946
vt 0.360190 0.538434
vt 0.370435 0.543946
vt 0.370435 0.538434
vt 0.380679 0.543946
vt 0.380679 0.538434
vt 0.390924 0.543946
vt 0.390924 0.538434
vt 0.401169 0.543946
vt 0.401169 0.538434
vt 0.411414 0.543946
vt 0.411414 0.538434
vt 0.421659 0.543946
vt 0.421659 0.538434
vt 0.329455 0.555893
vt 0.319210 0.555893
vt 0.319210 0.547548
vt 0.329455 0.547548
vt 0.339700 0.555893
vt 0.339700 0.547548
vt 0.349945 0.555893
vt 0.349945 0.547548
vt 0.360190 0.555893
vt 0.360190 0.547548
vt 0.370435 0.555893
vt 0.370435 0.547548
vt 0.380679 0.555893
vt 0.380679 0.547548
vt 0.390924 0.555893
vt 0.390924 0.547548
vt 0.401169 0.555893
vt 0.401169 0.547548
vt 0.411414 0.555893
vt 0.411414 0.547548
vt 0.421659 0.555893
vt 0.421659 0.547548
vt 0.092508 0.122804
vt 0.138249 0.122804
vt 0.138249 0.168545
vt 0.092508 0.168545
vt 0.046767 0.194242
vt 0.049741 0.204080
vt 0.046767 0.208619
vt 0.046767 0.204080
vt 0.056973 0.211312
vt 0.052434 0.214286
vt 0.066811 0.031322
vt 0.056973 0.034296
vt 0.052434 0.031322
vt 0.056973 0.031322
vt 0.049741 0.041528
vt 0.046767 0.036989
vt 0.001026 0.148501
vt 0.004000 0.158339
vt 0.017057 0.120915
vt 0.001026 0.158339
vt 0.011232 0.165571
vt 0.006693 0.167369
vt 0.052434 0.211935
vt 0.046767 0.057019
vt 0.049741 0.066857
vt 0.046767 0.071396
vt 0.046767 0.066857
vt 0.056973 0.074089
vt 0.052434 0.077063
vt 0.066811 0.077063
vt 0.056973 0.080037
vt 0.049741 0.087269
vt 0.046767 0.082729
vt 0.021070 0.122804
vt 0.011232 0.125778
vt 0.020834 0.109446
vt 0.011232 0.122804
vt 0.004000 0.133010
vt 0.002202 0.128470
vt 0.052434 0.074712
vt 0.046767 0.148501
vt 0.049741 0.158339
vt 0.046179 0.162878
vt 0.043793 0.158339
vt 0.056973 0.165571
vt 0.052434 0.167957
vt 0.066811 0.168545
vt 0.056973 0.171519
vt 0.045348 0.175349
vt 0.044521 0.171378
vt 0.033404 0.175226
vt 0.036561 0.165571
vt 0.040086 0.109441
vt 0.049741 0.112598
vt 0.043934 0.120558
vt 0.039963 0.121385
vt 0.056973 0.119830
vt 0.052434 0.122216
vt 0.066811 0.122804
vt 0.056973 0.125778
vt 0.049741 0.133010
vt 0.047355 0.128470
vt 0.046767 0.142848
vt 0.043793 0.133010
vt 0.001026 0.142848
vt 0.021070 0.168545
vt 0.046767 0.051366
vt 0.092508 0.031322
vt 0.092508 0.077063
vt 0.092508 0.214286
vt 0.066811 0.214286
vt 0.046767 0.097107
vt 0.745478 0.726905
vt 0.745478 0.704967
vt 0.755723 0.704967
vt 0.755723 0.726905
vt 0.765968 0.704967
vt 0.765968 0.726905
vt 0.776212 0.704967
vt 0.776212 0.726905
vt 0.786457 0.704967
vt 0.786457 0.726905
vt 0.796702 0.704967
vt 0.796702 0.726905
vt 0.806947 0.704967
vt 0.806947 0.726905
vt 0.817192 0.704967
vt 0.817192 0.726905
vt 0.827437 0.704967
vt 0.827437 0.726905
vt 0.837681 0.704967
vt 0.837681 0.726905
vt 0.847926 0.704967
vt 0.847926 0.726905
vt 0.025358 0.195227
vt 0.025372 0.202005
vt 0.021384 0.207487
vt 0.014959 0.209580
vt 0.008523 0.207514
vt 0.004537 0.202059
vt 0.004524 0.195305
vt 0.008486 0.189837
vt 0.014892 0.187721
vt 0.021343 0.189777
vt 0.027650 0.194507
vt 0.027650 0.202769
vt 0.007065 0.187901
vt 0.014867 0.185322
vt 0.022782 0.209441
vt 0.014956 0.211982
vt 0.022715 0.187804
vt 0.027626 0.194435
vt 0.007117 0.209460
vt 0.002253 0.202807
vt 0.002238 0.194565
vt 0.837681 0.727246
vt 0.847926 0.727246
vt 0.847926 0.729853
vt 0.837681 0.729853
vt 0.827437 0.727246
vt 0.827437 0.729853
vt 0.817192 0.727246
vt 0.817192 0.729853
vt 0.806947 0.727246
vt 0.806947 0.729853
vt 0.796702 0.727246
vt 0.796702 0.729853
vt 0.786457 0.727246
vt 0.786457 0.729853
vt 0.776212 0.727246
vt 0.776212 0.729853
vt 0.765968 0.727246
vt 0.765968 0.729853
vt 0.755723 0.727246
vt 0.755723 0.729853
vt 0.745478 0.727246
vt 0.745478 0.729853
vt 0.745478 0.735023
vt 0.755723 0.735023
vt 0.765968 0.735023
vt 0.776212 0.735023
vt 0.786457 0.735023
vt 0.796702 0.735023
vt 0.806947 0.735023
vt 0.817192 0.735023
vt 0.827437 0.735023
vt 0.837681 0.735023
vt 0.847926 0.735023
vt 0.745478 0.701864
vt 0.755723 0.701864
vt 0.765968 0.701864
vt 0.776212 0.701864
vt 0.786457 0.701864
vt 0.796702 0.701864
vt 0.806947 0.701864
vt 0.817192 0.701864
vt 0.827437 0.701864
vt 0.837681 0.701864
vt 0.847926 0.701864
vt 0.776212 0.668068
vt 0.765968 0.668068
vt 0.765968 0.666501
vt 0.776212 0.666501
vt 0.806947 0.659742
vt 0.796702 0.659742
vt 0.796702 0.578427
vt 0.806947 0.578427
vt 0.765968 0.659742
vt 0.776212 0.659742
vt 0.776212 0.661309
vt 0.765968 0.661309
vt 0.837681 0.659742
vt 0.847926 0.659742
vt 0.847926 0.661309
vt 0.837681 0.661309
vt 0.837681 0.668068
vt 0.827437 0.668068
vt 0.827437 0.666501
vt 0.837681 0.666501
vt 0.847926 0.668068
vt 0.847926 0.666501
vt 0.755723 0.659742
vt 0.755723 0.661309
vt 0.827437 0.659742
vt 0.827437 0.661309
vt 0.817192 0.668068
vt 0.806947 0.668068
vt 0.806947 0.666501
vt 0.817192 0.666501
vt 0.745478 0.659742
vt 0.745478 0.661309
vt 0.817192 0.659742
vt 0.817192 0.661309
vt 0.755723 0.688333
vt 0.745478 0.688333
vt 0.745478 0.682948
vt 0.755723 0.682948
vt 0.765968 0.688333
vt 0.765968 0.682948
vt 0.776212 0.688333
vt 0.776212 0.682948
vt 0.786457 0.688333
vt 0.786457 0.682948
vt 0.796702 0.688333
vt 0.796702 0.682948
vt 0.806947 0.688333
vt 0.806947 0.682948
vt 0.817192 0.688333
vt 0.817192 0.682948
vt 0.827437 0.688333
vt 0.827437 0.682948
vt 0.837681 0.688333
vt 0.837681 0.682948
vt 0.847926 0.688333
vt 0.847926 0.682948
vt 0.745478 0.676003
vt 0.755723 0.676003
vt 0.837681 0.676003
vt 0.847926 0.676003
vt 0.765968 0.676003
vt 0.776212 0.676003
vt 0.786457 0.676003
vt 0.796702 0.676003
vt 0.806947 0.676003
vt 0.817192 0.676003
vt 0.827437 0.676003
vt 0.755723 0.697164
vt 0.745478 0.697164
vt 0.745478 0.690946
vt 0.755723 0.690946
vt 0.765968 0.697164
vt 0.765968 0.690946
vt 0.776212 0.697164
vt 0.776212 0.690946
vt 0.786457 0.697164
vt 0.786457 0.690946
vt 0.796702 0.697164
vt 0.796702 0.690946
vt 0.806947 0.697164
vt 0.806947 0.690946
vt 0.817192 0.697164
vt 0.817192 0.690946
vt 0.827437 0.697164
vt 0.827437 0.690946
vt 0.837681 0.697164
vt 0.837681 0.690946
vt 0.847926 0.697164
vt 0.847926 0.690946
vt 0.755723 0.668068
vt 0.786457 0.668068
vt 0.796702 0.668068
vt 0.745478 0.668068
vt 0.765968 0.578428
vt 0.776212 0.578427
vt 0.837681 0.578427
vt 0.847926 0.578428
vt 0.817192 0.578427
vt 0.786457 0.659742
vt 0.786457 0.578427
vt 0.745478 0.578428
vt 0.755723 0.578427
vt 0.827437 0.578427
vt 0.796702 0.666501
vt 0.796702 0.661309
vt 0.806947 0.661309
vt 0.786457 0.666501
vt 0.786457 0.661309
vt 0.755723 0.666501
vt 0.745478 0.666501
vt 0.755723 0.568514
vt 0.745478 0.568514
vt 0.745478 0.558816
vt 0.755723 0.558816
vt 0.796702 0.558816
vt 0.786457 0.558816
vt 0.786457 0.556552
vt 0.796702 0.556552
vt 0.827437 0.568514
vt 0.817192 0.568514
vt 0.817192 0.558816
vt 0.827437 0.558816
vt 0.796702 0.568514
vt 0.786457 0.568514
vt 0.765968 0.568514
vt 0.765968 0.558816
vt 0.837681 0.568514
vt 0.837681 0.558816
vt 0.806947 0.568514
vt 0.806947 0.558816
vt 0.776212 0.568514
vt 0.776212 0.558816
vt 0.847926 0.568514
vt 0.847926 0.558816
vt 0.755723 0.556552
vt 0.765968 0.556552
vt 0.827437 0.556552
vt 0.837681 0.556552
vt 0.806947 0.556552
vt 0.776212 0.556552
vt 0.847926 0.556552
vt 0.817192 0.556552
vt 0.745478 0.556552
vt 0.755723 0.571386
vt 0.745478 0.571386
vt 0.745478 0.569066
vt 0.755723 0.569066
vt 0.765968 0.571386
vt 0.765968 0.569066
vt 0.776212 0.571386
vt 0.776212 0.569066
vt 0.786457 0.571386
vt 0.786457 0.569066
vt 0.796702 0.571386
vt 0.796702 0.569066
vt 0.806947 0.571386
vt 0.806947 0.569066
vt 0.817192 0.571386
vt 0.817192 0.569066
vt 0.827437 0.571386
vt 0.827437 0.569066
vt 0.837681 0.571386
vt 0.837681 0.569066
vt 0.847926 0.571386
vt 0.847926 0.569066
vt 0.796702 0.528613
vt 0.786457 0.528613
vt 0.786457 0.521854
vt 0.796702 0.521854
vt 0.765968 0.521854
vt 0.755723 0.521854
vt 0.755723 0.518161
vt 0.765968 0.518161
vt 0.765968 0.528613
vt 0.755723 0.528613
vt 0.837681 0.528613
vt 0.827437 0.528613
vt 0.827437 0.521854
vt 0.837681 0.521854
vt 0.806947 0.528613
vt 0.806947 0.521854
vt 0.776212 0.528613
vt 0.776212 0.521854
vt 0.847926 0.528613
vt 0.847926 0.521854
vt 0.817192 0.528613
vt 0.817192 0.521854
vt 0.745478 0.528613
vt 0.745478 0.521854
vt 0.837681 0.518161
vt 0.827437 0.518161
vt 0.827437 0.503075
vt 0.837681 0.503075
vt 0.796702 0.518161
vt 0.806947 0.518161
vt 0.776212 0.518161
vt 0.847926 0.518161
vt 0.817192 0.518161
vt 0.786457 0.518161
vt 0.745478 0.518161
vt 0.154378 0.324200
vt 0.147961 0.333032
vt 0.137579 0.336406
vt 0.127197 0.333032
vt 0.120780 0.324200
vt 0.120780 0.313284
vt 0.127197 0.304452
vt 0.137579 0.301079
vt 0.147961 0.304452
vt 0.154378 0.313284
vt 0.796702 0.503075
vt 0.806947 0.503075
vt 0.765968 0.503075
vt 0.776212 0.503075
vt 0.847926 0.503075
vt 0.817192 0.503075
vt 0.786457 0.503075
vt 0.745478 0.503075
vt 0.755723 0.503075
vt 0.755723 0.541642
vt 0.745478 0.541642
vt 0.745478 0.536130
vt 0.755723 0.536130
vt 0.765968 0.541642
vt 0.765968 0.536130
vt 0.776212 0.541642
vt 0.776212 0.536130
vt 0.786457 0.541642
vt 0.786457 0.536130
vt 0.796702 0.541642
vt 0.796702 0.536130
vt 0.806947 0.541642
vt 0.806947 0.536130
vt 0.817192 0.541642
vt 0.817192 0.536130
vt 0.827437 0.541642
vt 0.827437 0.536130
vt 0.837681 0.541642
vt 0.837681 0.536130
vt 0.847926 0.541642
vt 0.847926 0.536130
vt 0.755723 0.553589
vt 0.745478 0.553589
vt 0.745478 0.545244
vt 0.755723 0.545244
vt 0.765968 0.553589
vt 0.765968 0.545244
vt 0.776212 0.553589
vt 0.776212 0.545244
vt 0.786457 0.553589
vt 0.786457 0.545244
vt 0.796702 0.553589
vt 0.796702 0.545244
vt 0.806947 0.553589
vt 0.806947 0.545244
vt 0.817192 0.553589
vt 0.817192 0.545244
vt 0.827437 0.553589
vt 0.827437 0.545244
vt 0.837681 0.553589
vt 0.837681 0.545244
vt 0.847926 0.553589
vt 0.847926 0.545244
vt 0.145161 0.221289
vt 0.145161 0.271889
vt 0.094561 0.271889
vt 0.094561 0.221289
vt 0.012207 0.286301
vt 0.012625 0.273529
vt 0.017377 0.269886
vt 0.017441 0.275414
vt 0.012597 0.261016
vt 0.017229 0.264872
vt 0.012414 0.248425
vt 0.017361 0.259274
vt 0.025614 0.265406
vt 0.021250 0.267398
vt 0.035537 0.267559
vt 0.025607 0.269265
vt 0.041236 0.266953
vt 0.051202 0.265172
vt 0.055587 0.267092
vt 0.051186 0.269045
vt 0.059386 0.258910
vt 0.059434 0.264514
vt 0.064589 0.247897
vt 0.064236 0.260796
vt 0.064328 0.273404
vt 0.059639 0.269563
vt 0.064587 0.286060
vt 0.059554 0.275182
vt 0.034778 0.315818
vt 0.022305 0.316979
vt 0.017673 0.313168
vt 0.023256 0.312051
vt 0.010638 0.320294
vt 0.012625 0.314650
vt 0.000149 0.327189
vt 0.006998 0.316670
vt 0.010251 0.305032
vt 0.014047 0.309631
vt 0.011567 0.292566
vt 0.015182 0.304111
vt 0.064582 0.292612
vt 0.065763 0.305091
vt 0.061998 0.309716
vt 0.060808 0.304162
vt 0.069106 0.316713
vt 0.063461 0.314733
vt 0.076037 0.327189
vt 0.065490 0.320366
vt 0.053794 0.317132
vt 0.058402 0.313291
vt 0.041330 0.315823
vt 0.052853 0.312224
vt 0.012117 0.219113
vt 0.064292 0.218585
vt 0.125292 0.030044
vt 0.136175 0.033335
vt 0.144175 0.041335
vt 0.147465 0.052218
vt 0.147465 0.080645
vt 0.096865 0.080645
vt 0.096865 0.052218
vt 0.100155 0.041335
vt 0.108155 0.033335
vt 0.119038 0.030044
vt 0.091388 0.327189
vt 0.080505 0.323899
vt 0.072505 0.315899
vt 0.069215 0.305016
vt 0.069215 0.276588
vt 0.119816 0.276588
vt 0.119816 0.305016
vt 0.116526 0.315899
vt 0.108525 0.323899
vt 0.097642 0.327189
vt 0.122988 0.170688
vt 0.133871 0.173978
vt 0.141871 0.181978
vt 0.145161 0.192862
vt 0.094561 0.192862
vt 0.097851 0.181978
vt 0.105851 0.173978
vt 0.116734 0.170688
vt 0.124424 0.110599
vt 0.124424 0.082916
vt 0.096740 0.082916
vt 0.096740 0.110599
vt 0.970253 0.976419
vt 0.970253 1.000000
vt 0.997696 1.000000
vt 0.997696 0.976419
vt 0.503267 0.904378
vt 0.503267 0.876694
vt 0.475583 0.876694
vt 0.475583 0.904378
vt 0.503267 0.852906
vt 0.710754 0.852906
vt 0.710754 0.825223
vt 0.503267 0.825223
vt 0.475583 0.852906
vt 0.713099 0.878285
vt 0.713099 0.902074
vt 0.740783 0.902074
vt 0.740783 0.878285
vt 0.576037 0.336802
vt 0.576037 0.310042
vt 0.548427 0.310042
vt 0.548427 0.336802
vt 0.740783 0.595985
vt 0.740783 0.569152
vt 0.713099 0.569152
vt 0.713099 0.595985
vt 0.997696 0.696583
vt 0.997696 0.669984
vt 0.970253 0.669984
vt 0.970253 0.696583
vt 0.503267 0.570617
vt 0.503267 0.543786
vt 0.475583 0.543786
vt 0.475583 0.570617
vt 0.503267 0.662808
vt 0.710829 0.662808
vt 0.710829 0.639528
vt 0.503267 0.639527
vt 0.475583 0.639528
vt 0.475583 0.662808
vt 0.713099 0.664898
vt 0.713099 0.688179
vt 0.740783 0.688179
vt 0.740783 0.664898
vt 0.970253 0.764894
vt 0.970253 0.787972
vt 0.997696 0.787972
vt 0.997696 0.764894
vt 0.576037 0.245290
vt 0.576037 0.210833
vt 0.548427 0.210833
vt 0.548427 0.245290
vt 0.740783 0.504225
vt 0.740783 0.469676
vt 0.713099 0.469676
vt 0.713099 0.504225
vt 0.997696 0.605624
vt 0.997696 0.571376
vt 0.970253 0.571376
vt 0.970253 0.605624
vt 0.503267 0.478862
vt 0.503267 0.444313
vt 0.475583 0.444313
vt 0.475583 0.478862
vt 0.576037 0.031914
vt 0.548427 0.031914
vt 0.503267 0.264919
vt 0.475583 0.264919
vt 0.740783 0.290275
vt 0.713099 0.290275
vt 0.997696 0.393541
vt 0.970253 0.393541
vt 0.322547 0.313330
vt 0.322547 0.341014
vt 0.350230 0.341014
vt 0.350230 0.313330
vt 0.609691 0.000151
vt 0.609691 0.027725
vt 0.637265 0.027725
vt 0.637265 0.000151
vt 0.586012 0.027725
vt 0.586012 0.000151
vt 0.637265 0.051419
vt 0.609691 0.051419
vt 0.692396 0.051419
vt 0.692396 0.027725
vt 0.664822 0.027725
vt 0.664822 0.051419
vt 0.304993 0.000151
vt 0.278283 0.000151
vt 0.278283 0.027725
vt 0.304993 0.027725
vt 0.664822 0.332608
vt 0.664822 0.359333
vt 0.692396 0.359333
vt 0.692396 0.332608
vt 0.543779 0.336802
vt 0.543779 0.310042
vt 0.516169 0.310042
vt 0.516169 0.336802
vt 0.609691 0.332608
vt 0.609691 0.359333
vt 0.637265 0.359333
vt 0.637265 0.332608
vt 0.373589 0.027725
vt 0.396763 0.027725
vt 0.396763 0.000151
vt 0.373589 0.000151
vt 0.637265 0.263970
vt 0.637265 0.240782
vt 0.609691 0.240782
vt 0.609691 0.263970
vt 0.692396 0.263970
vt 0.692396 0.240782
vt 0.664822 0.240782
vt 0.664822 0.263970
vt 0.398268 0.311060
vt 0.398268 0.281123
vt 0.419355 0.281123
vt 0.419355 0.311060
vt 0.213655 0.000151
vt 0.179264 0.000151
vt 0.179264 0.027725
vt 0.213655 0.027725
vt 0.664822 0.424000
vt 0.664822 0.458412
vt 0.692396 0.458412
vt 0.692396 0.424000
vt 0.543779 0.245289
vt 0.543779 0.210833
vt 0.516169 0.210833
vt 0.516169 0.245289
vt 0.609691 0.424001
vt 0.609691 0.458412
vt 0.637265 0.458412
vt 0.637265 0.424001
vt 0.000688 0.000151
vt 0.000688 0.027725
vt 0.609691 0.637097
vt 0.637265 0.637097
vt 0.664822 0.637096
vt 0.692396 0.637096
vt 0.543779 0.031914
vt 0.516169 0.031914
vt 0.548427 0.405530
vt 0.576037 0.405530
vt 0.516169 0.405530
vt 0.543779 0.405530
vt 0.907834 0.711982
vt 0.907834 0.504418
vt 0.880150 0.504418
vt 0.880150 0.711982
vt 0.850196 0.672623
vt 0.850196 0.880184
vt 0.877880 0.880184
vt 0.877880 0.672623
vt 0.505528 0.664898
vt 0.505528 0.688179
vt 0.001441 0.505069
vt 0.001441 0.612903
vt 0.048387 0.612903
vt 0.048387 0.505069
vt 0.398754 0.276498
vt 0.398754 0.245735
vt 0.419355 0.245735
vt 0.419355 0.276498
vt 0.505603 0.878285
vt 0.505603 0.902074
vt 0.710754 0.876694
vt 0.453917 0.758421
vt 0.453917 0.751925
vt 0.426234 0.751925
vt 0.426234 0.758421
vt 0.453917 0.746479
vt 0.426234 0.746479
vt 0.453917 0.739402
vt 0.426234 0.739402
vt 0.453917 0.733038
vt 0.426234 0.733038
vt 0.453917 0.725848
vt 0.426234 0.725848
vt 0.453917 0.719723
vt 0.426234 0.719723
vt 0.453917 0.708981
vt 0.426234 0.708981
vt 0.453917 0.702626
vt 0.426234 0.702626
vt 0.426234 0.511891
vt 0.426234 0.518386
vt 0.453917 0.518386
vt 0.453917 0.511891
vt 0.426234 0.523833
vt 0.453917 0.523833
vt 0.426234 0.530909
vt 0.453917 0.530909
vt 0.426234 0.537274
vt 0.453917 0.537274
vt 0.426234 0.544464
vt 0.453917 0.544464
vt 0.426234 0.550589
vt 0.453917 0.550589
vt 0.426234 0.561331
vt 0.453917 0.561331
vt 0.426234 0.567686
vt 0.453917 0.567686
vt 0.453917 0.764977
vt 0.426234 0.764977
vt 0.601382 0.396123
vt 0.594827 0.396123
vt 0.589017 0.399028
vt 0.585749 0.403386
vt 0.579104 0.405818
vt 0.575872 0.411301
vt 0.573040 0.417910
vt 0.568428 0.421941
vt 0.558515 0.426080
vt 0.558515 0.432435
vt 0.558515 0.567375
vt 0.558515 0.573730
vt 0.568428 0.577869
vt 0.573040 0.581900
vt 0.575872 0.588508
vt 0.579104 0.593991
vt 0.585749 0.596424
vt 0.589017 0.600782
vt 0.594827 0.603687
vt 0.601382 0.603687
vt 0.548387 0.409948
vt 0.541831 0.409948
vt 0.536021 0.412853
vt 0.532753 0.417210
vt 0.526108 0.419643
vt 0.522877 0.425126
vt 0.520044 0.431735
vt 0.515433 0.435766
vt 0.505520 0.439905
vt 0.505520 0.446260
vt 0.505520 0.581200
vt 0.505520 0.587555
vt 0.515433 0.591694
vt 0.520044 0.595725
vt 0.522876 0.602333
vt 0.526108 0.607816
vt 0.532753 0.610249
vt 0.536021 0.614607
vt 0.541831 0.617512
vt 0.548387 0.617512
vt 0.426234 0.505335
vt 0.453917 0.505335
vt 0.694893 0.258065
vt 0.940092 0.258065
vt 0.940092 0.001308
vt 0.694893 0.001308
vt 0.246076 0.705044
vt 0.256804 0.693937
vt 0.033062 0.693937
vt 0.043790 0.705044
vt 0.264658 0.682830
vt 0.025208 0.682830
vt 0.267532 0.671723
vt 0.022334 0.671723
vt 0.246076 0.918887
vt 0.257183 0.929615
vt 0.257183 0.694315
vt 0.268289 0.937469
vt 0.268289 0.686462
vt 0.279396 0.940343
vt 0.279396 0.683587
vt 0.043790 0.918887
vt 0.033062 0.929994
vt 0.256804 0.929994
vt 0.025208 0.941100
vt 0.264658 0.941100
vt 0.022334 0.952207
vt 0.267532 0.952207
vt 0.032683 0.694315
vt 0.032683 0.929615
vt 0.021577 0.686462
vt 0.021577 0.937469
vt 0.010470 0.683587
vt 0.010470 0.940343
vt 0.267532 0.663101
vt 0.022334 0.663101
vt 0.001848 0.683587
vt 0.001848 0.940343
vt 0.288018 0.940343
vt 0.288018 0.683587
vt 0.022334 0.960829
vt 0.267532 0.960829
vt 0.072929 0.220797
vt 0.080177 0.219155
vt 0.087245 0.221600
vt 0.091205 0.227907
vt 0.091272 0.235262
vt 0.087320 0.241627
vt 0.079132 0.243205
vt 0.072452 0.240044
vt 0.068023 0.233999
vt 0.068357 0.226596
vt 0.347563 0.270115
vt 0.347563 0.276556
vt 0.344482 0.276556
vt 0.344482 0.270115
vt 0.347563 0.289436
vt 0.347563 0.295876
vt 0.344482 0.295876
vt 0.344482 0.289436
vt 0.347563 0.244355
vt 0.347563 0.250795
vt 0.344482 0.250795
vt 0.344482 0.244355
vt 0.347563 0.263675
vt 0.344482 0.263675
vt 0.347563 0.282996
vt 0.344482 0.282996
vt 0.347563 0.302316
vt 0.347563 0.308756
vt 0.344482 0.308756
vt 0.344482 0.302316
vt 0.347563 0.257235
vt 0.344482 0.257235
vt 0.338504 0.270115
vt 0.338504 0.276556
vt 0.334366 0.276556
vt 0.334366 0.270115
vt 0.338504 0.263675
vt 0.334366 0.263675
vt 0.338504 0.257235
vt 0.334366 0.257235
vt 0.338504 0.250795
vt 0.334366 0.250795
vt 0.338504 0.244355
vt 0.334366 0.244355
vt 0.338504 0.302316
vt 0.338504 0.308756
vt 0.334366 0.308756
vt 0.334366 0.302316
vt 0.338504 0.295876
vt 0.334366 0.295876
vt 0.338504 0.289436
vt 0.334366 0.289436
vt 0.338504 0.282996
vt 0.334366 0.282996
vt 0.329394 0.270115
vt 0.329394 0.276556
vt 0.325192 0.276556
vt 0.325192 0.270115
vt 0.329394 0.263675
vt 0.325192 0.263675
vt 0.329394 0.257235
vt 0.325192 0.257235
vt 0.329394 0.250795
vt 0.325192 0.250795
vt 0.329394 0.244355
vt 0.325192 0.244355
vt 0.329394 0.302316
vt 0.329394 0.308756
vt 0.325192 0.308756
vt 0.325192 0.302316
vt 0.329394 0.295876
vt 0.325192 0.295876
vt 0.329394 0.289436
vt 0.325192 0.289436
vt 0.329394 0.282996
vt 0.325192 0.282996
vt 0.321913 0.270115
vt 0.321913 0.276556
vt 0.318222 0.276556
vt 0.318222 0.270115
vt 0.033048 0.063838
vt 0.036264 0.062795
vt 0.036262 0.066767
vt 0.035384 0.067051
vt 0.321913 0.263675
vt 0.318222 0.263675
vt 0.031064 0.066576
vt 0.034845 0.067800
vt 0.321913 0.257235
vt 0.318222 0.257235
vt 0.031064 0.069964
vt 0.034842 0.068724
vt 0.321913 0.250795
vt 0.318222 0.250795
vt 0.033054 0.072695
vt 0.035384 0.069475
vt 0.321913 0.244355
vt 0.318222 0.244355
vt 0.036271 0.073733
vt 0.036267 0.069757
vt 0.321913 0.302316
vt 0.321913 0.308756
vt 0.318222 0.308756
vt 0.318222 0.302316
vt 0.039481 0.072691
vt 0.037148 0.069472
vt 0.321913 0.295876
vt 0.318222 0.295876
vt 0.041468 0.069964
vt 0.037690 0.068721
vt 0.321913 0.289436
vt 0.318222 0.289436
vt 0.041475 0.066582
vt 0.037686 0.067795
vt 0.321913 0.282996
vt 0.318222 0.282996
vt 0.039490 0.063841
vt 0.037141 0.067048
vt 0.354839 0.270115
vt 0.354839 0.276556
vt 0.350558 0.276556
vt 0.350558 0.270115
vt 0.354839 0.263675
vt 0.350558 0.263675
vt 0.354839 0.257235
vt 0.350558 0.257235
vt 0.354839 0.250795
vt 0.350558 0.250795
vt 0.354839 0.244355
vt 0.350558 0.244355
vt 0.354839 0.302316
vt 0.354839 0.308756
vt 0.350558 0.308756
vt 0.350558 0.302316
vt 0.354839 0.295876
vt 0.350558 0.295876
vt 0.354839 0.289436
vt 0.350558 0.289436
vt 0.354839 0.282996
vt 0.350558 0.282996
vt 0.072415 0.219921
vt 0.080261 0.218153
vt 0.067421 0.226217
vt 0.087905 0.220822
vt 0.092166 0.227653
vt 0.092166 0.235522
vt 0.088100 0.242109
vt 0.087526 0.242728
vt 0.078983 0.244240
vt 0.071797 0.240793
vt 0.067039 0.234264
vt 0.274348 0.029519
vt 0.274348 0.187174
vt 0.252244 0.187174
vt 0.252244 0.029519
vt 0.221796 0.029519
vt 0.221796 0.187174
vt 0.199693 0.187174
vt 0.199693 0.029519
vt 0.221796 0.344829
vt 0.199693 0.344829
vt 0.274348 0.502483
vt 0.274347 0.660138
vt 0.252244 0.660138
vt 0.252244 0.502483
vt 0.000538 0.344829
vt 0.158193 0.344829
vt 0.158193 0.502483
vt 0.000538 0.502483
vt 0.315847 0.344829
vt 0.473502 0.344829
vt 0.473502 0.502483
vt 0.315847 0.502483
vt 0.221796 0.502483
vt 0.221796 0.660138
vt 0.199693 0.660138
vt 0.199693 0.502483
vt 0.274348 0.344829
vt 0.252244 0.344829
vt 0.158193 0.029519
vt 0.158193 0.187174
vt 0.158193 0.660138
vt 0.315847 0.660138
vt 0.315847 0.029519
vt 0.315847 0.187174
vt 0.318996 0.241935
vt 0.513825 0.241935
vt 0.513825 0.031367
vt 0.318996 0.031367
vt 0.775420 0.467973
vt 0.766896 0.477015
vt 0.944675 0.477015
vt 0.936151 0.467973
vt 0.760655 0.485614
vt 0.950916 0.485614
vt 0.758371 0.493745
vt 0.953200 0.493745
vt 0.775420 0.292598
vt 0.766644 0.283799
vt 0.766644 0.476771
vt 0.758195 0.277358
vt 0.758195 0.483212
vt 0.750084 0.275001
vt 0.750084 0.485569
vt 0.936151 0.292598
vt 0.944675 0.283555
vt 0.766896 0.283555
vt 0.950916 0.274957
vt 0.760655 0.274957
vt 0.953200 0.266825
vt 0.758371 0.266825
vt 0.944927 0.476771
vt 0.944927 0.283799
vt 0.953376 0.483212
vt 0.953376 0.277358
vt 0.961487 0.485569
vt 0.961487 0.275001
vt 0.758371 0.500000
vt 0.953200 0.500000
vt 0.967742 0.485569
vt 0.967742 0.275001
vt 0.743829 0.275001
vt 0.743829 0.485569
vt 0.953200 0.260570
vt 0.758371 0.260570
s 1
f 1/1/1 2/2/1 3/3/1 4/4/1 5/5/1 6/6/1 7/7/1 8/8/1 9/9/1 10/10/1
f 11/11/2 12/12/3 22/13/4 21/14/5
f 19/15/6 18/16/7 28/17/8 29/18/9
f 16/19/10 15/20/11 25/21/12 26/22/13
f 13/23/14 11/11/2 21/14/5 23/24/15
f 20/25/16 19/15/6 29/18/9 30/26/17
f 17/27/18 16/28/10 26/29/13 27/30/19
f 14/31/20 13/23/14 23/24/15 24/32/21
f 12/12/3 20/25/16 30/26/17 22/13/4
f 18/16/7 17/27/18 27/30/19 28/17/8
f 15/20/11 14/31/20 24/32/21 25/21/12
f 32/33/22 33/34/23 34/35/24 31/36/25
f 36/37/26 32/33/22 31/36/25 35/38/27
f 38/39/28 36/37/26 35/38/27 37/40/29
f 40/41/30 38/39/28 37/40/29 39/42/31
f 42/43/32 40/41/30 39/42/31 41/44/33
f 44/45/34 42/46/32 41/47/33 43/48/35
f 46/49/36 44/45/34 43/48/35 45/50/37
f 48/51/38 46/49/36 45/50/37 47/52/39
f 50/53/40 48/51/38 47/52/39 49/54/41
f 33/34/23 50/53/40 49/54/41 34/35/24
f 52/55/42 53/56/43 54/57/44 51/58/45
f 56/59/46 52/55/42 51/58/45 55/60/47
f 58/61/48 56/59/46 55/60/47 57/62/49
f 60/63/50 58/61/48 57/62/49 59/64/51
f 62/65/52 60/63/50 59/64/51 61/66/53
f 64/67/54 62/68/52 61/69/53 63/70/55
f 66/71/56 64/67/54 63/70/55 65/72/57
f 68/73/58 66/71/56 65/72/57 67/74/59
f 70/75/60 68/73/58 67/74/59 69/76/61
f 53/56/43 70/75/60 69/76/61 54/57/44
f 31/36/25 34/35/24 53/56/43 52/55/42
f 23/24/15 21/14/5 32/33/22 36/37/26
f 21/14/5 22/13/4 33/34/23 32/33/22
f 35/38/27 31/36/25 52/55/42 56/59/46
f 34/35/24 49/54/41 70/75/60 53/56/43
f 22/13/4 30/26/17 50/53/40 33/34/23
f 37/40/29 35/38/27 56/59/46 58/61/48
f 24/32/21 23/24/15 36/37/26 38/39/28
f 25/21/12 24/32/21 38/39/28 40/41/30
f 39/42/31 37/40/29 58/61/48 60/63/50
f 26/22/13 25/21/12 40/41/30 42/43/32
f 41/44/33 39/42/31 60/63/50 62/65/52
f 27/30/19 26/29/13 42/46/32 44/45/34
f 43/48/35 41/47/33 62/68/52 64/67/54
f 28/17/8 27/30/19 44/45/34 46/49/36
f 45/50/37 43/48/35 64/67/54 66/71/56
f 29/18/9 28/17/8 46/49/36 48/51/38
f 47/52/39 45/50/37 66/71/56 68/73/58
f 30/26/17 29/18/9 48/51/38 50/53/40
f 49/54/41 47/52/39 68/73/58 70/75/60
f 72/77/62 74/78/63 76/79/64 73/80/65
f 73/81/65 76/82/64 75/83/66 71/84/67
f 78/85/68 72/77/62 73/80/65 79/86/69
f 79/87/69 73/81/65 71/84/67 77/88/70
f 81/89/71 78/85/68 79/86/69 82/90/72
f 82/91/72 79/87/69 77/88/70 80/92/73
f 84/93/74 81/89/71 82/90/72 85/94/75
f 85/95/75 82/91/72 80/92/73 83/96/76
f 87/97/77 84/93/74 85/94/75 88/98/78
f 88/99/78 85/95/75 83/96/76 86/100/79
f 90/101/80 87/102/77 88/103/78 91/104/81
f 91/105/81 88/99/78 86/100/79 89/106/82
f 93/107/83 90/101/80 91/104/81 94/108/84
f 94/109/84 91/105/81 89/106/82 92/110/85
f 96/111/86 93/107/83 94/108/84 97/112/87
f 97/113/87 94/109/84 92/110/85 95/114/88
f 99/115/89 96/111/86 97/112/87 100/116/90
f 100/117/90 97/113/87 95/114/88 98/118/91
f 74/78/63 99/115/89 100/116/90 76/79/64
f 76/82/64 100/117/90 98/118/91 75/83/66
f 51/58/45 54/57/44 74/78/63 72/77/62
f 71/84/67 75/83/66 98/118/91 95/114/88 92/110/85 89/106/82 86/100/79 83/96/76 80/92/73 77/88/70
f 55/60/47 51/58/45 72/77/62 78/85/68
f 54/57/44 69/76/61 99/115/89 74/78/63
f 57/62/49 55/60/47 78/85/68 81/89/71
f 59/64/51 57/62/49 81/89/71 84/93/74
f 61/66/53 59/64/51 84/93/74 87/97/77
f 63/70/55 61/69/53 87/102/77 90/101/80
f 65/72/57 63/70/55 90/101/80 93/107/83
f 67/74/59 65/72/57 93/107/83 96/111/86
f 69/76/61 67/74/59 96/111/86 99/115/89
f 104/119/92 101/120/93 102/121/94 103/122/95
f 106/123/96 104/119/92 103/122/95 105/124/97
f 108/125/98 106/123/96 105/124/97 107/126/99
f 110/127/100 108/125/98 107/126/99 109/128/101
f 112/129/102 110/127/100 109/128/101 111/130/103
f 114/131/104 112/132/102 111/133/103 113/134/105
f 116/135/106 114/131/104 113/134/105 115/136/107
f 118/137/108 116/135/106 115/136/107 117/138/109
f 120/139/110 118/137/108 117/138/109 119/140/111
f 101/120/93 120/139/110 119/140/111 102/121/94
f 103/122/95 102/121/94 12/12/112 11/11/113
f 1/1/3 101/141/93 104/142/92 2/2/2
f 10/10/16 120/143/110 101/141/93 1/1/3
f 102/121/94 119/140/111 20/25/114 12/12/112
f 2/2/2 104/142/92 106/144/96 3/3/14
f 105/124/97 103/122/95 11/11/113 13/23/115
f 3/3/14 106/144/96 108/145/98 4/4/20
f 107/126/99 105/124/97 13/23/115 14/31/116
f 4/4/20 108/145/98 110/146/100 5/5/11
f 109/128/101 107/126/99 14/31/116 15/20/117
f 5/5/11 110/146/100 112/147/102 6/6/10
f 111/130/103 109/128/101 15/20/117 16/19/118
f 6/6/10 112/148/102 114/149/104 7/7/18
f 113/134/105 111/133/103 16/28/118 17/27/119
f 7/7/18 114/149/104 116/150/106 8/8/7
f 115/136/107 113/134/105 17/27/119 18/16/120
f 8/8/7 116/150/106 118/151/108 9/9/6
f 117/138/109 115/136/107 18/16/120 19/15/121
f 9/9/6 118/151/108 120/143/110 10/10/16
f 119/140/111 117/138/109 19/15/121 20/25/114
f 141/152/122 182/153/122 181/154/123 142/155/123
f 142/155/123 181/154/123 183/156/124 143/157/124
f 143/157/124 183/156/124 184/158/125 144/159/125
f 144/159/125 184/158/125 185/160/126 145/161/126
f 145/161/126 185/160/126 186/162/127 146/163/127
f 146/163/127 186/162/127 187/164/128 147/165/128
f 147/165/128 187/164/128 188/166/129 148/167/129
f 148/167/129 188/166/129 189/168/130 149/169/130
f 149/169/130 189/168/130 190/170/131 150/171/131
f 150/171/131 190/170/131 182/172/122 141/173/122
f 121/174/1 123/175/1 125/176/1 127/177/1 129/178/1 131/179/1 133/180/1 135/181/1 137/182/1 139/183/1
f 123/175/1 121/174/1 151/184/1 152/185/1
f 137/182/1 135/181/1 158/186/1 159/187/1
f 127/177/1 125/176/1 153/188/1 154/189/1
f 121/174/1 139/183/1 160/190/1 151/191/1
f 131/179/1 129/178/1 155/192/1 156/193/1
f 133/180/1 131/179/1 156/193/1 157/194/1
f 129/178/1 127/177/1 154/189/1 155/192/1
f 139/183/1 137/182/1 159/187/1 160/190/1
f 125/176/1 123/175/1 152/185/1 153/188/1
f 135/181/1 133/180/1 157/194/1 158/186/1
f 178/195/132 179/196/133 180/197/133 177/198/132
f 176/199/134 178/195/132 177/198/132 175/200/134
f 174/201/135 176/199/134 175/200/134 173/202/135
f 172/203/136 174/201/135 173/202/135 171/204/136
f 170/205/137 172/203/136 171/204/136 169/206/137
f 168/207/138 170/205/137 169/206/137 167/208/138
f 166/209/139 168/207/138 167/208/138 165/210/139
f 164/211/140 166/209/139 165/210/139 163/212/140
f 162/213/141 164/211/140 163/212/140 161/214/141
f 179/215/133 162/213/141 161/214/141 180/216/133
f 142/155/142 143/157/142 164/211/142 162/213/142
f 151/217/3 180/216/3 161/214/2 152/218/2
f 152/218/2 161/214/2 163/212/14 153/219/14
f 141/152/142 142/155/142 162/213/142 179/215/142
f 153/219/14 163/212/14 165/210/20 154/220/20
f 143/157/142 144/159/142 166/209/142 164/211/142
f 154/220/20 165/210/20 167/208/11 155/221/11
f 144/159/142 145/161/142 168/207/142 166/209/142
f 155/221/11 167/208/11 169/206/10 156/222/10
f 145/161/142 146/163/142 170/205/142 168/207/142
f 146/163/142 147/165/142 172/203/142 170/205/142
f 156/222/10 169/206/10 171/204/18 157/223/18
f 147/165/142 148/167/142 174/201/142 172/203/142
f 157/223/18 171/204/18 173/202/7 158/224/7
f 148/167/142 149/169/142 176/199/142 174/201/142
f 158/224/7 173/202/7 175/200/6 159/225/6
f 149/169/142 150/171/142 178/195/142 176/199/142
f 159/225/6 175/200/6 177/198/16 160/226/16
f 160/226/16 177/198/16 180/197/3 151/227/3
f 150/171/142 141/173/142 179/196/142 178/195/142
f 122/228/142 124/229/142 181/154/142 182/153/142
f 124/229/142 126/230/142 183/156/142 181/154/142
f 126/230/142 128/231/142 184/158/142 183/156/142
f 128/231/142 130/232/142 185/160/142 184/158/142
f 130/232/142 132/233/142 186/162/142 185/160/142
f 132/233/142 134/234/142 187/164/142 186/162/142
f 134/234/142 136/235/142 188/166/142 187/164/142
f 136/235/142 138/236/142 189/168/142 188/166/142
f 138/236/142 140/237/142 190/170/142 189/168/142
f 140/237/142 122/238/142 182/172/142 190/170/142
f 254/239/1 253/240/1 282/241/1 285/242/1
f 207/243/143 206/244/144 266/245/144 267/246/143
f 203/247/142 204/248/142 274/249/142 273/250/142
f 210/251/142 201/252/142 272/253/142 280/254/142
f 255/255/1 260/256/1 290/257/1 283/258/1
f 256/259/1 255/255/1 283/258/1 286/260/1
f 202/261/142 203/247/142 273/250/142 271/262/142
f 209/263/142 210/251/142 280/254/142 279/264/142
f 257/265/1 252/266/1 284/267/1 287/268/1
f 201/269/142 202/261/142 271/262/142 272/270/142
f 208/271/142 209/263/142 279/264/142 278/272/142
f 214/273/145 211/274/146 212/275/147 213/276/148
f 216/277/149 214/273/145 213/276/148 215/278/150
f 218/279/151 216/277/149 215/278/150 217/280/152
f 220/281/153 218/279/151 217/280/152 219/282/154
f 222/283/155 220/281/153 219/282/154 221/284/156
f 224/285/157 222/283/155 221/284/156 223/286/158
f 226/287/159 224/285/157 223/286/158 225/288/160
f 228/289/161 226/287/159 225/288/160 227/290/162
f 230/291/163 228/289/161 227/290/162 229/292/164
f 211/293/146 230/291/163 229/292/164 212/294/147
f 213/276/148 212/275/147 191/295/165 192/296/166
f 212/294/147 229/292/164 200/297/167 191/298/165
f 215/278/150 213/276/148 192/296/166 193/299/168
f 217/280/152 215/278/150 193/299/168 194/300/169
f 219/282/154 217/280/152 194/300/169 195/301/170
f 221/284/156 219/282/154 195/301/170 196/302/171
f 223/286/158 221/284/156 196/302/171 197/303/172
f 225/288/160 223/286/158 197/303/172 198/304/173
f 227/290/162 225/288/160 198/304/173 199/305/174
f 229/292/164 227/290/162 199/305/174 200/297/167
f 234/306/175 231/307/176 232/308/177 233/309/178
f 236/310/179 234/306/175 233/309/178 235/311/180
f 238/312/181 236/310/179 235/311/180 237/313/182
f 240/314/183 238/312/181 237/313/182 239/315/184
f 242/316/185 240/314/183 239/315/184 241/317/186
f 244/318/187 242/316/185 241/317/186 243/319/188
f 246/320/189 244/318/187 243/319/188 245/321/190
f 248/322/191 246/320/189 245/321/190 247/323/192
f 250/324/193 248/322/191 247/323/192 249/325/194
f 231/326/176 250/324/193 249/325/194 232/327/177
f 233/309/178 232/308/177 211/274/146 214/273/145
f 124/229/195 122/228/196 231/307/176 234/306/175
f 232/327/177 249/325/194 230/291/163 211/293/146
f 122/238/196 140/237/197 250/324/193 231/326/176
f 126/230/198 124/229/195 234/306/175 236/310/179
f 235/311/180 233/309/178 214/273/145 216/277/149
f 128/231/199 126/230/198 236/310/179 238/312/181
f 237/313/182 235/311/180 216/277/149 218/279/151
f 130/232/200 128/231/199 238/312/181 240/314/183
f 239/315/184 237/313/182 218/279/151 220/281/153
f 132/233/201 130/232/200 240/314/183 242/316/185
f 241/317/186 239/315/184 220/281/153 222/283/155
f 134/234/202 132/233/201 242/316/185 244/318/187
f 243/319/188 241/317/186 222/283/155 224/285/157
f 136/235/203 134/234/202 244/318/187 246/320/189
f 245/321/190 243/319/188 224/285/157 226/287/159
f 138/236/204 136/235/203 246/320/189 248/322/191
f 247/323/192 245/321/190 226/287/159 228/289/161
f 140/237/197 138/236/204 248/322/191 250/324/193
f 249/325/194 247/323/192 228/289/161 230/291/163
f 200/297/167 199/305/174 260/256/6 255/255/16
f 193/299/168 192/296/166 259/328/2 253/240/14
f 196/302/171 195/301/170 258/329/11 251/330/10
f 199/305/174 198/304/173 257/265/7 260/256/6
f 192/296/166 191/295/165 256/331/3 259/328/2
f 195/301/170 194/300/169 254/239/20 258/329/11
f 198/304/173 197/303/172 252/266/18 257/265/7
f 191/298/165 200/297/167 255/255/16 256/259/3
f 194/300/169 193/299/168 253/240/14 254/239/20
f 197/303/172 196/302/171 251/330/10 252/266/18
f 204/248/205 203/247/206 263/332/206 264/333/205
f 201/252/207 210/251/208 270/334/208 261/335/207
f 208/271/209 207/243/143 267/246/143 268/336/209
f 205/337/210 204/248/205 264/333/205 265/338/210
f 202/261/211 201/269/207 261/339/207 262/340/211
f 209/263/212 208/271/209 268/336/209 269/341/212
f 206/244/144 205/337/210 265/338/210 266/245/144
f 203/247/206 202/261/211 262/340/211 263/332/206
f 210/251/208 209/263/212 269/341/212 270/334/208
f 284/267/18 281/342/10 276/343/10 277/344/18
f 285/242/20 282/241/14 273/250/14 274/249/20
f 286/260/3 283/258/16 280/254/16 272/253/3
f 287/268/7 284/267/18 277/344/18 278/272/7
f 288/345/11 285/242/20 274/249/20 275/346/11
f 289/347/2 286/348/3 272/270/3 271/262/2
f 290/257/6 287/268/7 278/272/7 279/264/6
f 281/342/10 288/345/11 275/346/11 276/343/10
f 282/241/14 289/347/2 271/262/2 273/250/14
f 283/258/16 290/257/6 279/264/6 280/254/16
f 253/240/1 259/328/1 289/347/1 282/241/1
f 204/248/142 205/337/142 275/346/142 274/249/142
f 252/266/1 251/330/1 281/342/1 284/267/1
f 251/330/1 258/329/1 288/345/1 281/342/1
f 205/337/142 206/244/142 276/343/142 275/346/142
f 260/256/1 257/265/1 287/268/1 290/257/1
f 206/244/142 207/243/142 277/344/142 276/343/142
f 259/328/1 256/331/1 286/348/1 289/347/1
f 207/243/142 208/271/142 278/272/142 277/344/142
f 258/329/1 254/239/1 285/242/1 288/345/1
f 292/349/2 291/350/3 301/351/3 302/352/2
f 306/353/1 305/354/1 315/355/1 316/356/1
f 299/357/6 298/358/7 308/359/7 309/360/6
f 296/361/10 295/362/11 305/354/11 306/353/10
f 293/363/14 292/349/2 302/352/2 303/364/14
f 300/365/16 299/357/6 309/360/6 310/366/16
f 297/367/18 296/361/10 306/353/10 307/368/18
f 294/369/20 293/363/14 303/364/14 304/370/20
f 291/371/3 300/365/16 310/366/16 301/372/3
f 298/358/7 297/367/18 307/368/18 308/359/7
f 295/362/11 294/369/20 304/370/20 305/354/11
f 303/364/1 302/352/1 312/373/1 313/374/1
f 310/366/1 309/360/1 319/375/1 320/376/1
f 307/368/1 306/353/1 316/356/1 317/377/1
f 304/370/1 303/364/1 313/374/1 314/378/1
f 301/372/1 310/366/1 320/376/1 311/379/1
f 308/359/1 307/368/1 317/377/1 318/380/1
f 305/354/1 304/370/1 314/378/1 315/355/1
f 302/352/1 301/351/1 311/381/1 312/373/1
f 309/360/1 308/359/1 318/380/1 319/375/1
f 322/382/213 323/383/214 324/384/215 321/385/216
f 326/386/217 322/382/213 321/385/216 325/387/218
f 328/388/219 326/386/217 325/387/218 327/389/220
f 330/390/221 328/388/219 327/389/220 329/391/222
f 332/392/223 330/390/221 329/391/222 331/393/224
f 334/394/225 332/392/223 331/393/224 333/395/226
f 336/396/227 334/394/225 333/395/226 335/397/228
f 338/398/229 336/396/227 335/397/228 337/399/230
f 340/400/231 338/398/229 337/399/230 339/401/232
f 323/402/214 340/400/231 339/401/232 324/403/215
f 291/350/142 292/349/142 321/385/216 324/384/215
f 263/332/233 262/340/234 322/382/213 326/386/217
f 262/340/234 261/339/235 323/383/214 322/382/213
f 292/349/142 293/363/142 325/387/218 321/385/216
f 300/365/142 291/371/142 324/403/215 339/401/232
f 261/335/235 270/334/236 340/400/231 323/402/214
f 264/333/237 263/332/233 326/386/217 328/388/219
f 293/363/142 294/369/142 327/389/220 325/387/218
f 265/338/238 264/333/237 328/388/219 330/390/221
f 294/369/142 295/362/142 329/391/222 327/389/220
f 266/245/239 265/338/238 330/390/221 332/392/223
f 295/362/142 296/361/142 331/393/224 329/391/222
f 267/246/240 266/245/239 332/392/223 334/394/225
f 296/361/142 297/367/142 333/395/226 331/393/224
f 268/336/241 267/246/240 334/394/225 336/396/227
f 297/367/142 298/358/142 335/397/228 333/395/226
f 269/341/242 268/336/241 336/396/227 338/398/229
f 298/358/142 299/357/142 337/399/230 335/397/228
f 270/334/236 269/341/242 338/398/229 340/400/231
f 299/357/142 300/365/142 339/401/232 337/399/230
f 346/404/243 345/405/244 355/406/11 356/407/10
f 353/408/1 351/409/1 361/410/1 363/411/1
f 343/412/245 341/413/246 351/409/2 353/408/14
f 350/414/247 349/415/248 359/416/6 360/417/16
f 347/418/249 346/404/243 356/407/10 357/419/18
f 344/420/250 343/412/245 353/408/14 354/421/20
f 342/422/251 350/414/247 360/417/16 352/423/3
f 348/424/252 347/418/249 357/419/18 358/425/7
f 345/405/244 344/420/250 354/421/20 355/406/11
f 341/413/246 342/426/251 352/427/3 351/409/2
f 349/415/248 348/424/252 358/425/7 359/416/6
f 370/428/16 369/429/6 379/430/6 380/431/16
f 360/417/1 359/416/1 369/429/1 370/428/1
f 357/419/1 356/407/1 366/432/1 367/433/1
f 354/421/1 353/408/1 363/411/1 364/434/1
f 352/423/1 360/417/1 370/428/1 362/435/1
f 358/425/1 357/419/1 367/433/1 368/436/1
f 355/406/1 354/421/1 364/434/1 365/437/1
f 351/409/1 352/427/1 362/438/1 361/410/1
f 359/416/1 358/425/1 368/436/1 369/429/1
f 356/407/1 355/406/1 365/437/1 366/432/1
f 371/439/142 372/440/142 380/441/142 379/442/142 378/443/142 377/444/142 376/445/142 375/446/142 374/447/142 373/448/142
f 367/433/18 366/432/10 376/449/10 377/450/18
f 364/434/20 363/411/14 373/451/14 374/452/20
f 362/435/3 370/428/16 380/431/16 372/453/3
f 368/436/7 367/433/18 377/450/18 378/454/7
f 365/437/11 364/434/20 374/452/20 375/455/11
f 361/410/2 362/438/3 372/456/3 371/457/2
f 369/429/6 368/436/7 378/454/7 379/430/6
f 366/432/10 365/437/11 375/455/11 376/449/10
f 363/411/14 361/410/2 371/457/2 373/451/14
f 384/458/253 381/459/254 382/460/255 383/461/256
f 386/462/257 384/458/253 383/461/256 385/463/258
f 388/464/259 386/462/257 385/463/258 387/465/260
f 390/466/261 388/464/259 387/465/260 389/467/262
f 392/468/263 390/466/261 389/467/262 391/469/264
f 394/470/265 392/468/263 391/469/264 393/471/266
f 396/472/267 394/470/265 393/471/266 395/473/268
f 398/474/269 396/472/267 395/473/268 397/475/270
f 400/476/271 398/474/269 397/475/270 399/477/272
f 381/478/254 400/476/271 399/477/272 382/479/255
f 383/461/256 382/460/255 342/426/251 341/413/246
f 382/479/255 399/477/272 350/414/247 342/422/251
f 385/463/258 383/461/256 341/413/246 343/412/245
f 387/465/260 385/463/258 343/412/245 344/420/250
f 389/467/262 387/465/260 344/420/250 345/405/244
f 391/469/264 389/467/262 345/405/244 346/404/243
f 393/471/266 391/469/264 346/404/243 347/418/249
f 395/473/268 393/471/266 347/418/249 348/424/252
f 397/475/270 395/473/268 348/424/252 349/415/248
f 399/477/272 397/475/270 349/415/248 350/414/247
f 404/480/273 401/481/274 402/482/275 403/483/276
f 406/484/277 404/480/273 403/483/276 405/485/278
f 408/486/279 406/484/277 405/485/278 407/487/280
f 410/488/281 408/486/279 407/487/280 409/489/282
f 412/490/283 410/488/281 409/489/282 411/491/284
f 414/492/285 412/490/283 411/491/284 413/493/286
f 416/494/287 414/492/285 413/493/286 415/495/288
f 418/496/289 416/494/287 415/495/288 417/497/290
f 420/498/291 418/496/289 417/497/290 419/499/292
f 401/500/274 420/498/291 419/499/292 402/501/275
f 403/483/276 402/482/275 381/459/254 384/458/253
f 312/373/293 311/381/294 401/481/274 404/480/273
f 402/501/275 419/499/292 400/476/271 381/478/254
f 311/379/294 320/376/295 420/498/291 401/500/274
f 313/374/296 312/373/293 404/480/273 406/484/277
f 405/485/278 403/483/276 384/458/253 386/462/257
f 314/378/297 313/374/296 406/484/277 408/486/279
f 407/487/280 405/485/278 386/462/257 388/464/259
f 315/355/298 314/378/297 408/486/279 410/488/281
f 409/489/282 407/487/280 388/464/259 390/466/261
f 316/356/299 315/355/298 410/488/281 412/490/283
f 411/491/284 409/489/282 390/466/261 392/468/263
f 317/377/300 316/356/299 412/490/283 414/492/285
f 413/493/286 411/491/284 392/468/263 394/470/265
f 318/380/301 317/377/300 414/492/285 416/494/287
f 415/495/288 413/493/286 394/470/265 396/472/267
f 319/375/302 318/380/301 416/494/287 418/496/289
f 417/497/290 415/495/288 396/472/267 398/474/269
f 320/376/295 319/375/302 418/496/289 420/498/291
f 419/499/292 417/497/290 398/474/269 400/476/271
f 424/502/142 422/503/142 421/504/142 423/505/142
f 425/506/303 428/507/304 430/508/305 429/509/306
f 428/507/304 432/510/307 433/511/308 430/508/305
f 426/512/309 431/513/310 433/514/308 432/515/307
f 431/513/310 435/516/311 436/517/312 433/514/308
f 427/518/313 434/519/314 436/520/312 435/521/311
f 434/519/314 429/522/306 430/523/305 436/520/312
f 430/523/305 433/524/308 436/520/312
f 437/525/315 440/526/316 442/527/317 441/528/318
f 440/526/316 444/529/319 445/530/320 442/527/317
f 438/531/321 443/532/322 445/530/320 444/529/319
f 443/532/322 447/533/323 448/534/324 445/530/320
f 439/535/325 446/536/326 448/537/324 447/538/323
f 446/536/326 441/539/318 442/540/317 448/537/324
f 442/540/317 445/541/320 448/537/324
f 449/542/327 452/543/328 454/544/329 453/545/330
f 452/543/328 456/546/331 457/547/332 454/544/329
f 450/548/333 455/549/334 457/547/332 456/546/331
f 455/549/334 459/550/335 460/551/336 457/547/332
f 451/552/337 458/553/338 460/551/336 459/550/335
f 458/553/338 453/545/330 454/544/329 460/551/336
f 454/544/329 457/547/332 460/551/336
f 461/554/339 464/555/340 466/556/341 465/557/342
f 464/555/340 468/558/343 469/559/344 466/556/341
f 462/560/345 467/561/346 469/559/344 468/558/343
f 467/561/346 471/562/347 472/563/348 469/559/344
f 463/564/349 470/565/350 472/563/348 471/562/347
f 470/565/350 465/557/342 466/556/341 472/563/348
f 466/556/341 469/559/344 472/563/348
f 437/566/1 441/539/318 446/536/326 439/535/1 461/554/1 465/557/342 470/565/350 463/564/1 449/542/1 453/545/330 458/553/338 451/552/1 425/567/1 429/522/306 434/519/314 427/518/1
f 427/568/351 435/516/311 431/513/310 426/512/351 421/569/351 422/570/351 438/531/351 444/529/319 440/526/316 437/525/351
f 451/552/10 459/550/335 455/549/334 450/548/10 423/505/10 421/571/10 426/572/10 432/510/307 428/507/304 425/506/10
f 439/573/3 447/533/323 443/532/322 438/531/3 422/570/3 424/502/3 462/560/3 468/558/343 464/555/340 461/554/3
f 463/564/352 471/562/347 467/561/346 462/560/352 424/502/352 423/505/352 450/548/352 456/546/331 452/543/328 449/542/352
f 493/574/122 534/575/122 533/576/123 494/577/123
f 494/577/123 533/576/123 535/578/124 495/579/124
f 495/579/124 535/578/124 536/580/125 496/581/125
f 496/581/125 536/580/125 537/582/126 497/583/126
f 497/583/126 537/582/126 538/584/127 498/585/127
f 498/585/127 538/584/127 539/586/128 499/587/128
f 499/587/128 539/586/128 540/588/129 500/589/129
f 500/589/129 540/588/129 541/590/130 501/591/130
f 501/591/130 541/590/130 542/592/131 502/593/131
f 502/593/131 542/592/131 534/594/122 493/595/122
f 473/596/1 475/597/1 477/598/1 479/599/1 481/600/1 483/601/1 485/602/1 487/603/1 489/604/1 491/605/1
f 475/597/1 473/596/1 503/606/1 504/607/1
f 489/604/1 487/603/1 510/608/1 511/609/1
f 479/599/1 477/598/1 505/610/1 506/611/1
f 473/596/1 491/605/1 512/612/1 503/613/1
f 483/601/1 481/600/1 507/614/1 508/615/1
f 485/602/1 483/601/1 508/615/1 509/616/1
f 481/600/1 479/599/1 506/611/1 507/614/1
f 491/605/1 489/604/1 511/609/1 512/612/1
f 477/598/1 475/597/1 504/607/1 505/610/1
f 487/603/1 485/602/1 509/616/1 510/608/1
f 530/617/132 531/618/133 532/619/133 529/620/132
f 528/621/134 530/617/132 529/620/132 527/622/134
f 526/623/135 528/621/134 527/622/134 525/624/135
f 524/625/136 526/623/135 525/624/135 523/626/136
f 522/627/137 524/625/136 523/626/136 521/628/137
f 520/629/138 522/627/137 521/628/137 519/630/138
f 518/631/139 520/629/138 519/630/138 517/632/139
f 516/633/140 518/631/139 517/632/139 515/634/140
f 514/635/141 516/633/140 515/634/140 513/636/141
f 531/637/133 514/635/141 513/636/141 532/638/133
f 494/577/142 495/579/142 516/633/142 514/635/142
f 503/639/3 532/638/3 513/636/2 504/640/2
f 504/640/2 513/636/2 515/634/14 505/641/14
f 493/574/142 494/577/142 514/635/142 531/637/142
f 505/641/14 515/634/14 517/632/20 506/642/20
f 495/579/142 496/581/142 518/631/142 516/633/142
f 506/642/20 517/632/20 519/630/11 507/643/11
f 496/581/142 497/583/142 520/629/142 518/631/142
f 507/643/11 519/630/11 521/628/10 508/644/10
f 497/583/142 498/585/142 522/627/142 520/629/142
f 498/585/142 499/587/142 524/625/142 522/627/142
f 508/644/10 521/628/10 523/626/18 509/645/18
f 499/587/142 500/589/142 526/623/142 524/625/142
f 509/645/18 523/626/18 525/624/7 510/646/7
f 500/589/142 501/591/142 528/621/142 526/623/142
f 510/646/7 525/624/7 527/622/6 511/647/6
f 501/591/142 502/593/142 530/617/142 528/621/142
f 511/647/6 527/622/6 529/620/16 512/648/16
f 512/648/16 529/620/16 532/619/3 503/649/3
f 502/593/142 493/595/142 531/618/142 530/617/142
f 474/650/142 476/651/142 533/576/142 534/575/142
f 476/651/142 478/652/142 535/578/142 533/576/142
f 478/652/142 480/653/142 536/580/142 535/578/142
f 480/653/142 482/654/142 537/582/142 536/580/142
f 482/654/142 484/655/142 538/584/142 537/582/142
f 484/655/142 486/656/142 539/586/142 538/584/142
f 486/656/142 488/657/142 540/588/142 539/586/142
f 488/657/142 490/658/142 541/590/142 540/588/142
f 490/658/142 492/659/142 542/592/142 541/590/142
f 492/659/142 474/660/142 534/594/142 542/592/142
f 606/661/1 605/662/1 634/663/1 637/664/1
f 559/665/143 558/666/144 618/667/144 619/668/143
f 555/669/142 556/670/142 626/671/142 625/672/142
f 562/673/142 553/674/142 624/675/142 632/676/142
f 607/677/1 612/678/1 642/679/1 635/680/1
f 608/681/1 607/677/1 635/680/1 638/682/1
f 554/683/142 555/669/142 625/672/142 623/684/142
f 561/685/142 562/673/142 632/676/142 631/686/142
f 609/687/1 604/688/1 636/689/1 639/690/1
f 553/691/142 554/683/142 623/684/142 624/692/142
f 560/693/142 561/685/142 631/686/142 630/694/142
f 566/695/145 563/696/146 564/697/147 565/698/148
f 568/699/149 566/695/145 565/698/148 567/700/150
f 570/701/151 568/699/149 567/700/150 569/702/152
f 572/703/153 570/701/151 569/702/152 571/704/154
f 574/705/155 572/703/153 571/704/154 573/706/156
f 576/707/157 574/705/155 573/706/156 575/708/158
f 578/709/159 576/707/157 575/708/158 577/710/160
f 580/711/161 578/709/159 577/710/160 579/712/162
f 582/713/163 580/711/161 579/712/162 581/714/164
f 563/715/146 582/713/163 581/714/164 564/716/147
f 565/698/148 564/697/147 543/717/165 544/718/166
f 564/716/147 581/714/164 552/719/167 543/720/165
f 567/700/150 565/698/148 544/718/166 545/721/168
f 569/702/152 567/700/150 545/721/168 546/722/169
f 571/704/154 569/702/152 546/722/169 547/723/170
f 573/706/156 571/704/154 547/723/170 548/724/171
f 575/708/158 573/706/156 548/724/171 549/725/172
f 577/710/160 575/708/158 549/725/172 550/726/173
f 579/712/162 577/710/160 550/726/173 551/727/174
f 581/714/164 579/712/162 551/727/174 552/719/167
f 586/728/175 583/729/176 584/730/177 585/731/178
f 588/732/179 586/728/175 585/731/178 587/733/180
f 590/734/181 588/732/179 587/733/180 589/735/182
f 592/736/183 590/734/181 589/735/182 591/737/184
f 594/738/185 592/736/183 591/737/184 593/739/186
f 596/740/187 594/738/185 593/739/186 595/741/188
f 598/742/189 596/740/187 595/741/188 597/743/190
f 600/744/191 598/742/189 597/743/190 599/745/192
f 602/746/193 600/744/191 599/745/192 601/747/194
f 583/748/176 602/746/193 601/747/194 584/749/177
f 585/731/178 584/730/177 563/696/146 566/695/145
f 476/651/195 474/650/196 583/729/176 586/728/175
f 584/749/177 601/747/194 582/713/163 563/715/146
f 474/660/196 492/659/197 602/746/193 583/748/176
f 478/652/198 476/651/195 586/728/175 588/732/179
f 587/733/180 585/731/178 566/695/145 568/699/149
f 480/653/199 478/652/198 588/732/179 590/734/181
f 589/735/182 587/733/180 568/699/149 570/701/151
f 482/654/200 480/653/199 590/734/181 592/736/183
f 591/737/184 589/735/182 570/701/151 572/703/153
f 484/655/201 482/654/200 592/736/183 594/738/185
f 593/739/186 591/737/184 572/703/153 574/705/155
f 486/656/202 484/655/201 594/738/185 596/740/187
f 595/741/188 593/739/186 574/705/155 576/707/157
f 488/657/203 486/656/202 596/740/187 598/742/189
f 597/743/190 595/741/188 576/707/157 578/709/159
f 490/658/204 488/657/203 598/742/189 600/744/191
f 599/745/192 597/743/190 578/709/159 580/711/161
f 492/659/197 490/658/204 600/744/191 602/746/193
f 601/747/194 599/745/192 580/711/161 582/713/163
f 552/719/167 551/727/174 612/678/6 607/677/16
f 545/721/168 544/718/166 611/750/2 605/662/14
f 548/724/171 547/723/170 610/751/11 603/752/10
f 551/727/174 550/726/173 609/687/7 612/678/6
f 544/718/166 543/717/165 608/753/3 611/750/2
f 547/723/170 546/722/169 606/661/20 610/751/11
f 550/726/173 549/725/172 604/688/18 609/687/7
f 543/720/165 552/719/167 607/677/16 608/681/3
f 546/722/169 545/721/168 605/662/14 606/661/20
f 549/725/172 548/724/171 603/752/10 604/688/18
f 556/670/205 555/669/206 615/754/206 616/755/205
f 553/674/207 562/673/208 622/756/208 613/757/207
f 560/693/209 559/665/143 619/668/143 620/758/209
f 557/759/210 556/670/205 616/755/205 617/760/210
f 554/683/211 553/691/207 613/761/207 614/762/211
f 561/685/212 560/693/209 620/758/209 621/763/212
f 558/666/144 557/759/210 617/760/210 618/667/144
f 555/669/206 554/683/211 614/762/211 615/754/206
f 562/673/208 561/685/212 621/763/212 622/756/208
f 636/689/18 633/764/10 628/765/10 629/766/18
f 637/664/20 634/663/14 625/672/14 626/671/20
f 638/682/3 635/680/16 632/676/16 624/675/3
f 639/690/7 636/689/18 629/766/18 630/694/7
f 640/767/11 637/664/20 626/671/20 627/768/11
f 641/769/2 638/770/3 624/692/3 623/684/2
f 642/679/6 639/690/7 630/694/7 631/686/6
f 633/764/10 640/767/11 627/768/11 628/765/10
f 634/663/14 641/769/2 623/684/2 625/672/14
f 635/680/16 642/679/6 631/686/6 632/676/16
f 605/662/1 611/750/1 641/769/1 634/663/1
f 556/670/142 557/759/142 627/768/142 626/671/142
f 604/688/1 603/752/1 633/764/1 636/689/1
f 603/752/1 610/751/1 640/767/1 633/764/1
f 557/759/142 558/666/142 628/765/142 627/768/142
f 612/678/1 609/687/1 639/690/1 642/679/1
f 558/666/142 559/665/142 629/766/142 628/765/142
f 611/750/1 608/753/1 638/770/1 641/769/1
f 559/665/142 560/693/142 630/694/142 629/766/142
f 610/751/1 606/661/1 637/664/1 640/767/1
f 644/771/2 643/772/3 653/773/3 654/774/2
f 658/775/1 657/776/1 667/777/1 668/778/1
f 651/779/6 650/780/7 660/781/7 661/782/6
f 648/783/10 647/784/11 657/776/11 658/775/10
f 645/785/14 644/771/2 654/774/2 655/786/14
f 652/787/16 651/779/6 661/782/6 662/788/16
f 649/789/18 648/783/10 658/775/10 659/790/18
f 646/791/20 645/785/14 655/786/14 656/792/20
f 643/793/3 652/787/16 662/788/16 653/794/3
f 650/780/7 649/789/18 659/790/18 660/781/7
f 647/784/11 646/791/20 656/792/20 657/776/11
f 655/786/1 654/774/1 664/795/1 665/796/1
f 662/788/1 661/782/1 671/797/1 672/798/1
f 659/790/1 658/775/1 668/778/1 669/799/1
f 656/792/1 655/786/1 665/796/1 666/800/1
f 653/794/1 662/788/1 672/798/1 663/801/1
f 660/781/1 659/790/1 669/799/1 670/802/1
f 657/776/1 656/792/1 666/800/1 667/777/1
f 654/774/1 653/773/1 663/803/1 664/795/1
f 661/782/1 660/781/1 670/802/1 671/797/1
f 674/804/213 675/805/214 676/806/215 673/807/216
f 678/808/353 674/804/213 673/807/216 677/809/218
f 680/810/219 678/808/353 677/809/218 679/811/220
f 682/812/221 680/810/219 679/811/220 681/813/222
f 684/814/223 682/812/221 681/813/222 683/815/224
f 686/816/225 684/814/223 683/815/224 685/817/226
f 688/818/354 686/816/225 685/817/226 687/819/228
f 690/820/355 688/818/354 687/819/228 689/821/230
f 692/822/231 690/820/355 689/821/230 691/823/232
f 675/824/214 692/822/231 691/823/232 676/825/215
f 643/772/142 644/771/142 673/807/216 676/806/215
f 615/754/233 614/762/234 674/804/213 678/808/353
f 614/762/234 613/761/235 675/805/214 674/804/213
f 644/771/142 645/785/142 677/809/218 673/807/216
f 652/787/142 643/793/142 676/825/215 691/823/232
f 613/757/235 622/756/236 692/822/231 675/824/214
f 616/755/237 615/754/233 678/808/353 680/810/219
f 645/785/142 646/791/142 679/811/220 677/809/218
f 617/760/238 616/755/237 680/810/219 682/812/221
f 646/791/142 647/784/142 681/813/222 679/811/220
f 618/667/239 617/760/238 682/812/221 684/814/223
f 647/784/142 648/783/142 683/815/224 681/813/222
f 619/668/240 618/667/239 684/814/223 686/816/225
f 648/783/142 649/789/142 685/817/226 683/815/224
f 620/758/241 619/668/240 686/816/225 688/818/354
f 649/789/142 650/780/142 687/819/228 685/817/226
f 621/763/242 620/758/241 688/818/354 690/820/355
f 650/780/142 651/779/142 689/821/230 687/819/228
f 622/756/236 621/763/242 690/820/355 692/822/231
f 651/779/142 652/787/142 691/823/232 689/821/230
f 698/826/243 697/827/356 707/828/11 708/829/10
f 705/830/1 703/831/1 713/832/1 715/833/1
f 695/834/245 693/835/357 703/831/2 705/830/14
f 702/836/247 701/837/248 711/838/6 712/839/16
f 699/840/249 698/826/243 708/829/10 709/841/18
f 696/842/250 695/834/245 705/830/14 706/843/20
f 694/844/251 702/836/247 712/839/16 704/845/3
f 700/846/252 699/840/249 709/841/18 710/847/7
f 697/827/356 696/842/250 706/843/20 707/828/11
f 693/835/357 694/848/251 704/849/3 703/831/2
f 701/837/248 700/846/252 710/847/7 711/838/6
f 722/850/16 721/851/6 731/852/6 732/853/16
f 712/839/1 711/838/1 721/851/1 722/850/1
f 709/841/1 708/829/1 718/854/1 719/855/1
f 706/843/1 705/830/1 715/833/1 716/856/1
f 704/845/1 712/839/1 722/850/1 714/857/1
f 710/847/1 709/841/1 719/855/1 720/858/1
f 707/828/1 706/843/1 716/856/1 717/859/1
f 703/831/1 704/849/1 714/860/1 713/832/1
f 711/838/1 710/847/1 720/858/1 721/851/1
f 708/829/1 707/828/1 717/859/1 718/854/1
f 723/861/142 724/862/142 732/863/142 731/864/142 730/865/142 729/866/142 728/867/142 727/868/142 726/869/142 725/870/142
f 719/855/18 718/854/10 728/871/10 729/872/18
f 716/856/20 715/833/14 725/873/14 726/874/20
f 714/857/3 722/850/16 732/853/16 724/875/3
f 720/858/7 719/855/18 729/872/18 730/876/7
f 717/859/11 716/856/20 726/874/20 727/877/11
f 713/832/2 714/860/3 724/878/3 723/879/2
f 721/851/6 720/858/7 730/876/7 731/852/6
f 718/854/10 717/859/11 727/877/11 728/871/10
f 715/833/14 713/832/2 723/879/2 725/873/14
f 736/880/253 733/881/254 734/882/255 735/883/256
f 738/884/257 736/880/253 735/883/256 737/885/258
f 740/886/259 738/884/257 737/885/258 739/887/260
f 742/888/261 740/886/259 739/887/260 741/889/262
f 744/890/263 742/888/261 741/889/262 743/891/264
f 746/892/265 744/890/263 743/891/264 745/893/266
f 748/894/267 746/892/265 745/893/266 747/895/268
f 750/896/269 748/894/267 747/895/268 749/897/270
f 752/898/271 750/896/269 749/897/270 751/899/272
f 733/900/254 752/898/271 751/899/272 734/901/255
f 735/883/256 734/882/255 694/848/251 693/835/357
f 734/901/255 751/899/272 702/836/247 694/844/251
f 737/885/258 735/883/256 693/835/357 695/834/245
f 739/887/260 737/885/258 695/834/245 696/842/250
f 741/889/262 739/887/260 696/842/250 697/827/356
f 743/891/264 741/889/262 697/827/356 698/826/243
f 745/893/266 743/891/264 698/826/243 699/840/249
f 747/895/268 745/893/266 699/840/249 700/846/252
f 749/897/270 747/895/268 700/846/252 701/837/248
f 751/899/272 749/897/270 701/837/248 702/836/247
f 756/902/273 753/903/274 754/904/275 755/905/276
f 758/906/277 756/902/273 755/905/276 757/907/278
f 760/908/279 758/906/277 757/907/278 759/909/280
f 762/910/281 760/908/279 759/909/280 761/911/282
f 764/912/283 762/910/281 761/911/282 763/913/284
f 766/914/285 764/912/283 763/913/284 765/915/286
f 768/916/287 766/914/285 765/915/286 767/917/288
f 770/918/289 768/916/287 767/917/288 769/919/290
f 772/920/291 770/918/289 769/919/290 771/921/292
f 753/922/274 772/920/291 771/921/292 754/923/275
f 755/905/276 754/904/275 733/881/254 736/880/253
f 664/795/293 663/803/294 753/903/274 756/902/273
f 754/923/275 771/921/292 752/898/271 733/900/254
f 663/801/294 672/798/295 772/920/291 753/922/274
f 665/796/296 664/795/293 756/902/273 758/906/277
f 757/907/278 755/905/276 736/880/253 738/884/257
f 666/800/297 665/796/296 758/906/277 760/908/279
f 759/909/280 757/907/278 738/884/257 740/886/259
f 667/777/298 666/800/297 760/908/279 762/910/281
f 761/911/282 759/909/280 740/886/259 742/888/261
f 668/778/299 667/777/298 762/910/281 764/912/283
f 763/913/284 761/911/282 742/888/261 744/890/263
f 669/799/300 668/778/299 764/912/283 766/914/285
f 765/915/286 763/913/284 744/890/263 746/892/265
f 670/802/301 669/799/300 766/914/285 768/916/287
f 767/917/288 765/915/286 746/892/265 748/894/267
f 671/797/302 670/802/301 768/916/287 770/918/289
f 769/919/290 767/917/288 748/894/267 750/896/269
f 672/798/295 671/797/302 770/918/289 772/920/291
f 771/921/292 769/919/290 750/896/269 752/898/271
f 776/924/142 774/925/142 773/926/142 775/927/142
f 777/928/303 780/929/304 782/930/305 781/931/306
f 780/929/304 784/932/307 785/933/308 782/930/305
f 778/934/309 783/935/310 785/933/308 784/932/307
f 783/935/310 787/936/311 788/937/312 785/933/308
f 779/938/313 786/939/314 788/937/312 787/936/311
f 786/939/314 781/931/306 782/930/305 788/937/312
f 782/930/305 785/933/308 788/937/312
f 789/940/315 792/941/316 794/942/317 793/943/318
f 792/941/316 796/944/319 797/945/320 794/942/317
f 790/946/321 795/947/322 797/945/320 796/944/319
f 795/947/322 799/948/323 800/949/324 797/945/320
f 791/950/325 798/951/326 800/949/324 799/948/323
f 798/951/326 793/943/318 794/942/317 800/949/324
f 794/942/317 797/945/320 800/949/324
f 801/952/327 804/953/328 806/954/329 805/955/330
f 804/953/328 808/956/331 809/957/332 806/954/329
f 802/958/333 807/959/334 809/957/332 808/956/331
f 807/959/334 811/960/335 812/961/358 809/957/332
f 803/962/337 810/963/338 812/961/358 811/960/335
f 810/963/338 805/955/330 806/954/329 812/961/358
f 806/954/329 809/957/332 812/961/358
f 813/964/339 816/965/340 818/966/359 817/967/342
f 816/965/340 820/968/343 821/969/344 818/966/359
f 814/970/345 819/971/346 821/969/344 820/968/343
f 819/971/346 823/972/347 824/973/348 821/969/344
f 815/974/349 822/975/350 824/973/348 823/972/347
f 822/975/350 817/967/342 818/966/359 824/973/348
f 818/966/359 821/969/344 824/973/348
f 789/940/1 793/943/318 798/951/326 791/950/1 813/964/1 817/967/342 822/975/350 815/974/1 801/952/1 805/955/330 810/963/338 803/962/1 777/928/1 781/931/306 786/939/314 779/938/1
f 779/938/351 787/936/311 783/935/310 778/934/351 773/976/351 774/977/351 790/946/351 796/944/319 792/941/316 789/940/351
f 803/978/10 811/979/335 807/980/334 802/981/10 775/982/10 773/983/10 778/984/10 784/985/307 780/986/304 777/987/10
f 791/988/3 799/989/323 795/990/322 790/991/3 774/992/3 776/993/3 814/994/3 820/995/343 816/996/340 813/997/3
f 815/998/352 823/999/347 819/1000/346 814/1001/352 776/924/352 775/927/352 802/1002/352 808/1003/331 804/1004/328 801/1005/352
f 828/1006/1 827/1007/1 825/1008/1 826/1009/1
f 890/1010/351 836/1011/351 835/1012/351 889/1013/351
f 834/1014/142 833/1015/142 835/1016/142 836/1017/142
f 892/1018/1 896/1019/1 895/1020/1 891/1021/1
f 889/1022/360 835/1016/360 833/1015/361 892/1018/360
f 891/1023/362 834/1024/363 836/1025/362 890/1026/362
f 840/1027/352 839/1028/352 838/1029/352 837/1030/352
f 844/1031/364 843/1032/365 839/1033/365 840/1034/364
f 842/1035/351 841/1036/351 843/1037/351 844/1038/351
f 837/1039/366 838/1040/367 841/1041/367 842/1042/366
f 829/1043/368 859/1044/369 887/1045/369 881/1046/369
f 883/1047/369 831/1048/370 829/1043/368 881/1046/369
f 882/1049/371 830/1050/372 832/1051/373 884/1052/371
f 884/1053/351 832/1054/351 831/1055/351 883/1056/351
f 848/1057/352 847/1058/352 846/1059/352 845/1060/352
f 852/1061/374 851/1062/375 847/1063/375 848/1064/374
f 850/1065/351 849/1066/351 851/1067/351 852/1068/351
f 845/1069/376 846/1070/377 849/1071/377 850/1072/376
f 845/1060/352 838/1029/352 839/1028/352 848/1057/352
f 846/1059/352 847/1058/352 826/1073/352 825/1074/352
f 849/1071/377 846/1070/377 825/1075/3 827/1076/3
f 850/1072/376 841/1041/367 838/1040/367 845/1069/376
f 847/1063/375 851/1062/375 828/1077/10 826/1078/10
f 848/1064/374 839/1033/365 843/1032/365 852/1061/374
f 852/1068/351 843/1037/351 841/1036/351 850/1065/351
f 851/1067/351 849/1066/351 827/1079/351 828/1080/351
f 856/1081/1 855/1082/1 853/1083/1 854/1084/1
f 862/1085/142 861/1086/142 863/1087/142 864/1088/142
f 894/1089/352 861/1086/352 862/1085/352 893/1090/352
f 896/1091/360 863/1087/360 861/1086/360 894/1092/360
f 893/1093/362 862/1094/362 864/1095/362 895/1096/362
f 868/1097/352 867/1098/352 866/1099/352 865/1100/352
f 872/1101/364 871/1102/365 867/1103/365 868/1104/364
f 870/1105/351 869/1106/351 871/1107/351 872/1108/351
f 865/1109/366 866/1110/367 869/1111/367 870/1112/366
f 885/1113/352 857/1114/352 858/1115/352 886/1116/352
f 887/1117/369 859/1118/370 857/1119/370 885/1120/369
f 886/1121/371 858/1122/373 860/1123/373 888/1124/371
f 888/1125/352 887/1126/352 859/1127/352 860/1128/352
f 876/1129/352 875/1130/352 874/1131/352 873/1132/352
f 880/1133/374 879/1134/375 875/1135/375 876/1136/374
f 878/1137/351 877/1138/351 879/1139/351 880/1140/351
f 873/1141/376 874/1142/377 877/1143/377 878/1144/376
f 873/1132/352 866/1099/352 867/1098/352 876/1129/352
f 874/1131/352 875/1130/352 854/1145/352 853/1146/352
f 877/1143/377 874/1142/377 853/1147/3 855/1148/3
f 878/1144/376 869/1111/367 866/1110/367 873/1141/376
f 875/1135/375 879/1134/375 856/1149/10 854/1150/10
f 876/1136/374 867/1103/365 871/1102/365 880/1133/374
f 880/1140/351 871/1107/351 869/1106/351 878/1137/351
f 879/1139/351 877/1138/351 855/1151/351 856/1152/351
f 844/1038/351 884/1053/351 883/1056/351 842/1035/351
f 840/1034/364 882/1049/371 884/1052/371 844/1031/364
f 842/1042/366 883/1047/369 881/1046/369 837/1039/366
f 837/1030/352 881/1153/352 882/1154/352 840/1027/352
f 872/1108/351 888/1155/351 887/1156/351 870/1105/351
f 868/1104/364 886/1121/371 888/1124/371 872/1101/364
f 870/1112/366 887/1117/369 885/1120/369 865/1109/366
f 865/1100/352 885/1113/352 886/1116/352 868/1097/352
f 881/1157/1 887/1158/1 888/1159/1 882/1160/1
f 830/1161/142 860/1162/142 859/1163/142 829/1164/142
f 882/1049/371 888/1165/371 860/1166/371 830/1050/372
f 830/1050/372 891/1023/362 890/1026/362 832/1051/373
f 831/1048/370 889/1022/360 892/1018/360 829/1043/368
f 829/1167/352 892/1168/352 891/1169/352 830/1170/352
f 832/1054/351 890/1010/351 889/1013/351 831/1055/351
f 858/1122/373 893/1093/362 895/1096/362 860/1123/373
f 859/1118/370 896/1091/360 894/1092/360 857/1119/370
f 857/1114/352 894/1089/352 893/1090/352 858/1115/352
f 860/1123/378 895/1096/378 896/1091/378 859/1118/378
f 896/1171/379 895/1172/379 864/1173/379 863/1174/379
f 891/1023/362 895/1175/362 864/1176/380 834/1024/363
f 833/1015/361 863/1177/381 896/1019/360 892/1018/360
f 897/1178/382 899/1179/383 914/1180/383 907/1181/382
f 899/1179/383 900/1182/384 913/1183/384 914/1180/383
f 900/1182/384 901/1184/385 912/1185/385 913/1183/384
f 901/1184/386 902/1186/387 911/1187/387 912/1185/386
f 902/1186/387 903/1188/388 910/1189/388 911/1187/387
f 903/1188/388 904/1190/389 909/1191/389 910/1189/388
f 904/1190/389 905/1192/390 908/1193/390 909/1191/389
f 905/1192/142 898/1194/142 906/1195/142 908/1193/142
f 915/1196/391 917/1197/392 932/1198/392 925/1199/391
f 917/1197/392 918/1200/393 931/1201/393 932/1198/392
f 918/1200/393 919/1202/394 930/1203/394 931/1201/393
f 919/1202/395 920/1204/396 929/1205/396 930/1203/395
f 920/1204/396 921/1206/397 928/1207/397 929/1205/396
f 921/1206/397 922/1208/398 927/1209/398 928/1207/397
f 922/1208/398 923/1210/399 926/1211/399 927/1209/398
f 923/1210/142 916/1212/142 924/1213/142 926/1211/142
f 834/1214/351 897/1178/382 907/1181/382 833/1215/351
f 898/1194/142 924/1213/142 916/1212/142 906/1195/142
f 864/1216/380 925/1217/10 932/1218/10 931/1219/10 930/1220/10 929/1221/10 928/1222/10 927/1223/10 926/1224/10 924/1225/10 898/1226/10 905/1227/10 904/1228/10 903/1229/10 902/1230/10 901/1231/10 900/1232/10 899/1233/10 897/1234/10 834/1235/363
f 833/1236/361 907/1237/3 914/1238/3 913/1239/3 912/1240/3 911/1241/3 910/1242/3 909/1243/3 908/1244/3 906/1245/3 916/1246/3 923/1247/3 922/1248/3 921/1249/3 920/1250/3 919/1251/3 918/1252/3 917/1253/3 915/1254/3 863/1255/381
f 863/1256/352 915/1196/391 925/1199/391 864/1257/352
f 936/1258/1 935/1259/1 933/1260/1 934/1261/1
f 941/1262/400 943/1263/401 939/1264/402 937/1265/403
f 943/1263/401 944/1266/404 940/1267/404 939/1264/402
f 944/1266/404 942/1268/405 938/1269/405 940/1267/404
f 949/1270/406 951/1271/407 943/1272/401 941/1262/400
f 951/1271/407 952/1273/408 944/1274/408 943/1272/401
f 952/1273/408 950/1275/409 942/1276/409 944/1274/408
f 945/1277/410 947/1278/411 951/1279/407 949/1270/406
f 947/1278/411 948/1280/412 952/1281/412 951/1279/407
f 948/1280/412 946/1282/413 950/1283/413 952/1281/412
f 937/1265/403 939/1284/402 947/1285/411 945/1277/410
f 939/1284/402 940/1286/414 948/1287/414 947/1285/411
f 940/1286/414 938/1288/415 946/1289/415 948/1287/414
f 941/1262/400 937/1265/403 945/1277/410 949/1270/406
f 938/1269/405 942/1268/405 934/1290/352 933/1291/352
f 946/1289/415 938/1288/415 933/1292/3 935/1293/3
f 942/1276/409 950/1275/409 936/1294/10 934/1295/10
f 950/1283/413 946/1282/413 935/1296/351 936/1297/351
f 953/1298/1 954/1299/1 955/1300/1 956/1301/1 957/1302/1 958/1303/1 959/1304/1 960/1305/1 961/1306/1 962/1307/1
f 963/1308/2 964/1309/3 974/1310/4 973/1311/5
f 971/1312/6 970/1313/7 980/1314/8 981/1315/9
f 968/1316/10 967/1317/11 977/1318/12 978/1319/13
f 965/1320/14 963/1308/2 973/1311/5 975/1321/15
f 972/1322/16 971/1312/6 981/1315/9 982/1323/17
f 969/1324/18 968/1325/10 978/1326/13 979/1327/19
f 966/1328/20 965/1320/14 975/1321/15 976/1329/21
f 964/1309/3 972/1322/16 982/1323/17 974/1310/4
f 970/1313/7 969/1324/18 979/1327/19 980/1314/8
f 967/1317/11 966/1328/20 976/1329/21 977/1318/12
f 984/1330/22 985/1331/23 986/1332/24 983/1333/25
f 988/1334/26 984/1330/22 983/1333/25 987/1335/27
f 990/1336/28 988/1334/26 987/1335/27 989/1337/29
f 992/1338/30 990/1336/28 989/1337/29 991/1339/31
f 994/1340/32 992/1338/30 991/1339/31 993/1341/33
f 996/1342/416 994/1343/32 993/1344/33 995/1345/35
f 998/1346/36 996/1342/416 995/1345/35 997/1347/37
f 1000/1348/38 998/1346/36 997/1347/37 999/1349/39
f 1002/1350/40 1000/1348/38 999/1349/39 1001/1351/41
f 985/1331/23 1002/1350/40 1001/1351/41 986/1332/24
f 1004/1352/42 1005/1353/43 1006/1354/44 1003/1355/45
f 1008/1356/46 1004/1352/42 1003/1355/45 1007/1357/417
f 1010/1358/48 1008/1356/46 1007/1357/417 1009/1359/49
f 1012/1360/50 1010/1358/48 1009/1359/49 1011/1361/51
f 1014/1362/52 1012/1360/50 1011/1361/51 1013/1363/53
f 1016/1364/54 1014/1365/52 1013/1366/53 1015/1367/55
f 1018/1368/56 1016/1364/54 1015/1367/55 1017/1369/57
f 1020/1370/58 1018/1368/56 1017/1369/57 1019/1371/418
f 1022/1372/60 1020/1370/58 1019/1371/418 1021/1373/61
f 1005/1353/43 1022/1372/60 1021/1373/61 1006/1354/44
f 983/1333/25 986/1332/24 1005/1353/43 1004/1352/42
f 975/1321/15 973/1311/5 984/1330/22 988/1334/26
f 973/1311/5 974/1310/4 985/1331/23 984/1330/22
f 987/1335/27 983/1333/25 1004/1352/42 1008/1356/46
f 986/1332/24 1001/1351/41 1022/1372/60 1005/1353/43
f 974/1310/4 982/1323/17 1002/1350/40 985/1331/23
f 989/1337/29 987/1335/27 1008/1356/46 1010/1358/48
f 976/1329/21 975/1321/15 988/1334/26 990/1336/28
f 977/1318/12 976/1329/21 990/1336/28 992/1338/30
f 991/1339/31 989/1337/29 1010/1358/48 1012/1360/50
f 978/1319/13 977/1318/12 992/1338/30 994/1340/32
f 993/1341/33 991/1339/31 1012/1360/50 1014/1362/52
f 979/1327/19 978/1326/13 994/1343/32 996/1342/416
f 995/1345/35 993/1344/33 1014/1365/52 1016/1364/54
f 980/1314/8 979/1327/19 996/1342/416 998/1346/36
f 997/1347/37 995/1345/35 1016/1364/54 1018/1368/56
f 981/1315/9 980/1314/8 998/1346/36 1000/1348/38
f 999/1349/39 997/1347/37 1018/1368/56 1020/1370/58
f 982/1323/17 981/1315/9 1000/1348/38 1002/1350/40
f 1001/1351/41 999/1349/39 1020/1370/58 1022/1372/60
f 1024/1374/62 1026/1375/63 1028/1376/64 1025/1377/65
f 1025/1378/65 1028/1379/64 1027/1380/66 1023/1381/67
f 1030/1382/68 1024/1374/62 1025/1377/65 1031/1383/419
f 1031/1384/419 1025/1378/65 1023/1381/67 1029/1385/70
f 1033/1386/71 1030/1382/68 1031/1383/419 1034/1387/420
f 1034/1388/420 1031/1384/419 1029/1385/70 1032/1389/73
f 1036/1390/74 1033/1386/71 1034/1387/420 1037/1391/75
f 1037/1392/75 1034/1388/420 1032/1389/73 1035/1393/76
f 1039/1394/77 1036/1390/74 1037/1391/75 1040/1395/78
f 1040/1396/78 1037/1392/75 1035/1393/76 1038/1397/79
f 1042/1398/80 1039/1399/77 1040/1400/78 1043/1401/81
f 1043/1402/81 1040/1396/78 1038/1397/79 1041/1403/82
f 1045/1404/83 1042/1398/80 1043/1401/81 1046/1405/421
f 1046/1406/421 1043/1402/81 1041/1403/82 1044/1407/85
f 1048/1408/86 1045/1404/83 1046/1405/421 1049/1409/422
f 1049/1410/422 1046/1406/421 1044/1407/85 1047/1411/88
f 1051/1412/89 1048/1408/86 1049/1409/422 1052/1413/90
f 1052/1414/90 1049/1410/422 1047/1411/88 1050/1415/91
f 1026/1375/63 1051/1412/89 1052/1413/90 1028/1376/64
f 1028/1379/64 1052/1414/90 1050/1415/91 1027/1380/66
f 1003/1355/45 1006/1354/44 1026/1375/63 1024/1374/62
f 1023/1381/67 1027/1380/66 1050/1415/91 1047/1411/88 1044/1407/85 1041/1403/82 1038/1397/79 1035/1393/76 1032/1389/73 1029/1385/70
f 1007/1357/417 1003/1355/45 1024/1374/62 1030/1382/68
f 1006/1354/44 1021/1373/61 1051/1412/89 1026/1375/63
f 1009/1359/49 1007/1357/417 1030/1382/68 1033/1386/71
f 1011/1361/51 1009/1359/49 1033/1386/71 1036/1390/74
f 1013/1363/53 1011/1361/51 1036/1390/74 1039/1394/77
f 1015/1367/55 1013/1366/53 1039/1399/77 1042/1398/80
f 1017/1369/57 1015/1367/55 1042/1398/80 1045/1404/83
f 1019/1371/418 1017/1369/57 1045/1404/83 1048/1408/86
f 1021/1373/61 1019/1371/418 1048/1408/86 1051/1412/89
f 1056/1416/92 1053/1417/93 1054/1418/94 1055/1419/95
f 1058/1420/423 1056/1416/92 1055/1419/95 1057/1421/97
f 1060/1422/98 1058/1420/423 1057/1421/97 1059/1423/424
f 1062/1424/100 1060/1422/98 1059/1423/424 1061/1425/425
f 1064/1426/102 1062/1424/100 1061/1425/425 1063/1427/103
f 1066/1428/104 1064/1429/102 1063/1430/103 1065/1431/426
f 1068/1432/106 1066/1428/104 1065/1431/426 1067/1433/427
f 1070/1434/108 1068/1432/106 1067/1433/427 1069/1435/109
f 1072/1436/110 1070/1434/108 1069/1435/109 1071/1437/111
f 1053/1417/93 1072/1436/110 1071/1437/111 1054/1418/94
f 1055/1419/95 1054/1418/94 964/1309/112 963/1308/113
f 953/1298/3 1053/1438/93 1056/1439/92 954/1299/2
f 962/1307/16 1072/1440/110 1053/1438/93 953/1298/3
f 1054/1418/94 1071/1437/111 972/1322/114 964/1309/112
f 954/1299/2 1056/1439/92 1058/1441/423 955/1300/14
f 1057/1421/97 1055/1419/95 963/1308/113 965/1320/115
f 955/1300/14 1058/1441/423 1060/1442/98 956/1301/20
f 1059/1423/424 1057/1421/97 965/1320/115 966/1328/116
f 956/1301/20 1060/1442/98 1062/1443/100 957/1302/11
f 1061/1425/425 1059/1423/424 966/1328/116 967/1317/117
f 957/1302/11 1062/1443/100 1064/1444/102 958/1303/10
f 1063/1427/103 1061/1425/425 967/1317/117 968/1316/118
f 958/1303/10 1064/1445/102 1066/1446/104 959/1304/18
f 1065/1431/426 1063/1430/103 968/1325/118 969/1324/119
f 959/1304/18 1066/1446/104 1068/1447/106 960/1305/7
f 1067/1433/427 1065/1431/426 969/1324/119 970/1313/120
f 960/1305/7 1068/1447/106 1070/1448/108 961/1306/6
f 1069/1435/109 1067/1433/427 970/1313/120 971/1312/121
f 961/1306/6 1070/1448/108 1072/1440/110 962/1307/16
f 1071/1437/111 1069/1435/109 971/1312/121 972/1322/114
f 1082/1449/351 1112/1450/351 1111/1451/351 1081/1452/351
f 1086/1453/351 1110/1454/351 1109/1455/351 1085/1456/351
f 1110/1454/3 1106/1457/3 1105/1458/3 1109/1455/3
f 1083/1459/10 1082/1460/10 1081/1461/10 1084/1462/10
f 1075/1463/1 1079/1464/1 1077/1465/1 1073/1466/1
f 1080/1467/142 1076/1468/142 1074/1469/142 1078/1470/142
f 1087/1471/10 1086/1472/10 1085/1473/10 1088/1474/10
f 1100/1457/1 1104/1471/1 1087/1471/1 1106/1457/1
f 1099/1458/142 1095/1455/142 1109/1455/142 1105/1458/142
f 1104/1471/1 1089/1472/1 1086/1472/1 1087/1471/1
f 1103/1474/142 1099/1458/142 1105/1458/142 1088/1474/142
f 1112/1450/3 1108/1475/3 1107/1476/3 1111/1451/3
f 1108/1475/352 1083/1459/352 1084/1462/352 1107/1476/352
f 1106/1457/352 1087/1471/352 1088/1474/352 1105/1458/352
f 1093/1451/142 1092/1452/142 1081/1452/142 1111/1451/142
f 1096/1454/1 1100/1457/1 1106/1457/1 1110/1454/1
f 1091/1449/1 1094/1450/1 1112/1450/1 1082/1449/1
f 1092/1461/142 1101/1462/142 1084/1462/142 1081/1461/142
f 1095/1455/142 1090/1456/142 1085/1456/142 1109/1455/142
f 1101/1462/142 1097/1476/142 1107/1476/142 1084/1462/142
f 1089/1453/1 1096/1454/1 1110/1454/1 1086/1453/1
f 1102/1459/1 1091/1460/1 1082/1460/1 1083/1459/1
f 1073/1477/351 1090/1456/351 1095/1455/351 1075/1478/351
f 1077/1465/10 1103/1474/10 1090/1473/10 1073/1479/10
f 1089/1453/351 1092/1452/351 1093/1451/351 1096/1454/351
f 1104/1471/10 1101/1462/10 1092/1461/10 1089/1472/10
f 1102/1459/10 1078/1470/10 1074/1480/10 1091/1460/10
f 1091/1449/351 1074/1481/351 1076/1482/351 1094/1450/351
f 1094/1450/3 1076/1482/3 1080/1467/3 1098/1475/3
f 1096/1454/3 1093/1451/3 1097/1476/3 1100/1457/3
f 1075/1478/3 1095/1455/3 1099/1458/3 1079/1464/3
f 1098/1475/352 1080/1467/352 1078/1470/352 1102/1459/352
f 1100/1457/352 1097/1476/352 1101/1462/352 1104/1471/352
f 1079/1464/352 1099/1458/352 1103/1474/352 1077/1465/352
f 1090/1473/142 1103/1474/142 1088/1474/142 1085/1473/142
f 1094/1450/1 1098/1475/1 1108/1475/1 1112/1450/1
f 1097/1476/142 1093/1451/142 1111/1451/142 1107/1476/142
f 1098/1475/1 1102/1459/1 1083/1459/1 1108/1475/1
f 1116/1483/428 1115/1484/428 1113/1485/428 1114/1486/428
f 1121/1487/429 1123/1488/430 1119/1489/431 1117/1490/432
f 1123/1488/430 1124/1491/433 1120/1492/433 1119/1489/431
f 1124/1491/433 1122/1493/434 1118/1494/434 1120/1492/433
f 1129/1495/435 1131/1496/436 1123/1497/430 1121/1487/429
f 1131/1496/436 1132/1498/437 1124/1499/437 1123/1497/430
f 1132/1498/437 1130/1500/438 1122/1501/438 1124/1499/437
f 1125/1502/439 1127/1503/440 1131/1504/436 1129/1495/435
f 1127/1503/440 1128/1505/441 1132/1506/441 1131/1504/436
f 1128/1505/441 1126/1507/442 1130/1508/442 1132/1506/441
f 1117/1490/432 1119/1509/431 1127/1510/440 1125/1502/439
f 1119/1509/431 1120/1511/443 1128/1512/443 1127/1510/440
f 1120/1511/443 1118/1513/444 1126/1514/444 1128/1512/443
f 1121/1487/429 1117/1490/432 1125/1502/439 1129/1495/435
f 1118/1494/434 1122/1493/434 1114/1515/352 1113/1516/352
f 1126/1514/444 1118/1513/444 1113/1517/445 1115/1518/445
f 1122/1501/438 1130/1500/438 1116/1519/446 1114/1520/446
f 1130/1508/442 1126/1507/442 1115/1521/351 1116/1522/351
