# Blender 5.0.1
# www.blender.org
o Plane
v -0.121567 0.003960 0.196287
v 1.128026 0.007393 0.216447
v -0.141044 0.068013 -2.249927
v 1.195410 0.073681 -2.236800
v -0.108226 0.265978 -0.966713
v 0.503366 0.365416 0.094627
v 1.114941 0.267589 -0.966158
v 0.498504 0.464022 -2.131627
v 0.501282 1.004316 -0.966811
v -0.035736 0.277142 -0.132533
v 0.912602 0.376107 0.143104
v 1.045848 0.274566 -1.798049
v 0.092237 0.485593 -2.177844
v -0.037316 0.273976 -1.801636
v 0.120600 0.389768 0.175518
v 1.015253 0.283279 -0.135374
v 0.933174 0.478735 -2.203434
v 0.501651 1.004323 -1.814410
v 0.500878 1.004347 -0.120416
v -0.107691 0.925501 -0.966509
v 1.114182 0.926954 -0.966883
v 1.106801 0.934012 -0.118690
v -0.103176 0.929021 -0.117494
v -0.111475 0.928389 -1.814719
v 1.116317 0.929545 -1.815515
v -0.374392 0.267433 0.029023
v 0.992764 0.270135 0.322230
v 1.231530 0.270932 -1.970145
v 0.008731 0.352140 -2.311026
v -0.108886 0.266312 -1.391032
v 0.178425 0.365550 0.050599
v 1.109723 0.268341 -0.541725
v 0.824752 0.463107 -2.098766
v 0.501691 0.888392 -2.135293
v 0.501015 1.004316 -0.543156
v -0.108211 0.595470 -0.966550
v 0.832998 1.004319 -0.966869
v -0.104226 0.265946 -0.542256
v 0.823164 0.371246 0.078659
v 1.115523 0.267347 -1.390022
v 0.174967 0.473167 -2.107666
v -0.286724 0.276997 -1.999323
v 0.035355 0.266509 0.271932
v 1.363101 0.262498 0.024520
v 1.032847 0.349087 -2.290074
v 0.501546 1.004317 -1.390622
v 0.500906 0.789765 0.099578
v 0.169615 1.004318 -0.966715
v 1.114843 0.596996 -0.966495
v 1.116197 0.927989 -0.542994
v 1.036017 0.778021 0.165634
v 0.832697 1.004375 -0.119786
v 1.036214 0.611952 -0.139178
v -0.107969 0.925681 -0.542329
v -0.029286 0.781209 0.173244
v -0.037898 0.606356 -0.134717
v 0.168930 1.009326 -0.119068
v -0.079527 0.863407 -2.174991
v -0.109584 0.926105 -1.390457
v -0.067189 0.601978 -1.799421
v 0.169783 1.004318 -1.814183
v 1.098244 0.861879 -2.167116
v 1.114051 0.926968 -1.390937
v 0.833461 1.004465 -1.815115
v 1.093974 0.600647 -1.801475
v 1.115494 0.596970 -1.391098
v 0.833091 1.004319 -1.390721
v 0.831567 0.886376 -2.126446
v 0.169835 1.004321 -1.390455
v -0.109433 0.595990 -1.391003
v -0.229876 0.574983 -2.122551
v 0.171365 0.788481 0.089235
v -0.217303 0.529524 0.147864
v -0.107712 0.595618 -0.542083
v 1.222315 0.531184 0.148424
v 0.830746 0.794218 0.099708
v 0.832806 1.004320 -0.543329
v 1.114837 0.597955 -0.541910
v 0.169443 1.004318 -0.542744
v 0.171635 0.890921 -2.142342
v 1.231928 0.576642 -2.086172
v -0.282440 0.134492 0.155985
v 1.044469 0.146633 0.243237
v 1.322079 0.196446 -2.125804
v -0.063500 0.211223 -2.273631
v -0.108514 0.266137 -1.178936
v 0.339040 0.364588 0.084938
v 1.114305 0.267810 -0.753929
v 0.663086 0.462859 -2.126165
v 0.500097 0.676208 -2.133164
v 0.501140 1.004317 -0.754958
v -0.108299 0.430660 -0.966627
v 0.667139 1.004317 -0.966844
v -0.072793 0.268136 -0.332985
v 0.951400 0.381581 0.005328
v 1.121339 0.267853 -1.602134
v 0.040654 0.483518 -2.045151
v -0.075536 0.281251 -1.998807
v 0.105508 0.376544 0.324983
v 1.201089 0.291145 -0.089474
v 0.974634 0.459615 -2.351733
v 0.501647 1.004319 -1.602583
v 0.500392 1.000642 0.085668
v 0.003827 1.005022 -0.966637
v 1.114658 0.761865 -0.966671
v 1.115245 0.927379 -0.754897
v 1.111236 0.921509 0.074874
v 0.666829 1.004335 -0.120265
v 1.068136 0.773908 -0.132721
v -0.108024 0.925547 -0.754450
v -0.115082 0.922627 0.074680
v -0.029496 0.441679 -0.132874
v 0.003619 1.016913 -0.118506
v 0.030971 0.687347 -2.204128
v -0.111101 0.926856 -1.602453
v -0.046791 0.438377 -1.796657
v 0.004330 1.005167 -1.814120
v 0.997868 0.680101 -2.211207
v 1.115199 0.927568 -1.603025
v 0.667615 1.004354 -1.814720
v 1.108260 0.764943 -1.809089
v -0.234402 0.299873 -0.110421
v 0.889978 0.371468 0.299239
v 1.033588 0.282566 -1.993848
v 0.084473 0.468913 -2.331937
v -0.108682 0.266952 -1.603193
v 0.026742 0.367324 0.063920
v 1.075036 0.271873 -0.333054
v 0.976770 0.467495 -2.067846
v 0.500921 1.039215 -2.020711
v 0.501003 1.004318 -0.331563
v -0.108614 0.760409 -0.966514
v 0.998843 1.004507 -0.966872
v -0.107714 0.265886 -0.754481
v 0.666147 0.366655 0.105586
v 1.115226 0.267394 -1.178190
v 0.334024 0.468380 -2.136420
v -0.294504 0.186177 -2.171826
v -0.032513 0.141852 0.208672
v 1.284572 0.136537 0.161118
v 1.116970 0.213755 -2.272664
v 0.501416 1.004317 -1.178690
v 0.502130 0.577599 0.097074
v 0.335436 1.004316 -0.966770
v 1.114737 0.432248 -0.966327
v 1.118352 0.929467 -0.330763
v 0.948985 0.584469 0.163147
v 0.998282 1.007365 -0.119483
v 1.018209 0.447935 -0.138738
v -0.109265 0.926426 -0.329964
v 0.071713 0.596114 0.186184
v -0.062005 0.769566 -0.130936
v 0.334857 1.004416 -0.120023
v -0.116777 0.940863 -2.013193
v -0.109129 0.925845 -1.178488
v -0.093240 0.764512 -1.811760
v 0.335667 1.004321 -1.814202
v 1.101975 0.940390 -2.011491
v 1.113928 0.926831 -1.178853
v 0.998809 1.006210 -1.814964
v 1.070796 0.437384 -1.798354
v 1.120037 0.597541 -1.600603
v 1.114898 0.596875 -1.178793
v 1.114882 0.761905 -1.391155
v 1.115484 0.432080 -1.390162
v 0.833134 1.004323 -1.602828
v 0.833069 1.004318 -1.178765
v 0.667335 1.004319 -1.390678
v 0.998840 1.004351 -1.390816
v 0.829260 0.674116 -2.120670
v 0.834003 1.042058 -2.021995
v 0.666661 0.887335 -2.130174
v 0.996167 0.885330 -2.120366
v 0.169938 1.004320 -1.602256
v 0.169706 1.004316 -1.178620
v 0.003960 1.006191 -1.390453
v 0.335712 1.004316 -1.390532
v -0.112152 0.596614 -1.602693
v -0.108680 0.595645 -1.178776
v -0.109047 0.431064 -1.391028
v -0.109935 0.760978 -1.390797
v -0.138957 0.467258 -2.240853
v -0.090592 0.610801 -1.991474
v -0.276124 0.429582 -2.059775
v -0.164264 0.722294 -2.158666
v 0.169115 1.000337 0.084527
v 0.176085 0.576655 0.073167
v 0.021490 0.789998 0.069152
v 0.335979 0.789043 0.096032
v -0.198960 0.613910 -0.016033
v -0.095994 0.402630 0.192796
v -0.304153 0.396961 0.102446
v -0.130080 0.668537 0.165787
v -0.107941 0.595461 -0.754316
v -0.102377 0.596313 -0.331979
v -0.107112 0.430653 -0.542484
v -0.108301 0.760643 -0.542043
v 1.188416 0.611548 -0.013207
v 1.106458 0.407104 0.218971
v 1.137075 0.670659 0.172044
v 1.304572 0.397124 0.098921
v 0.832122 1.000931 0.088580
v 0.824496 0.581840 0.104943
v 0.665899 0.790417 0.101331
v 0.972442 0.800596 0.070936
v 0.832909 1.004320 -0.755040
v 0.832709 1.004322 -0.331626
v 0.666918 1.004317 -0.543302
v 0.998673 1.004589 -0.543175
v 1.115082 0.597330 -0.754200
v 1.109231 0.599505 -0.332357
v 1.115791 0.762949 -0.542216
v 1.113691 0.433017 -0.542260
v 0.169526 1.004318 -0.754761
v 0.169357 1.004315 -0.330543
v 0.003802 1.005618 -0.542529
v 0.335163 1.004319 -0.542955
v 0.173275 0.683217 -2.136309
v 0.168657 1.030158 -2.022047
v 0.019033 0.899919 -2.122541
v 0.336665 0.889441 -2.140596
v 1.179842 0.472025 -2.231860
v 1.060662 0.611443 -1.994934
v 1.185549 0.725375 -2.141106
v 1.248173 0.427242 -2.018978
v 1.044819 0.446968 -1.996159
v 1.080624 0.775993 -1.997765
v 1.094746 0.608953 -2.262659
v 0.334891 1.035196 -2.020943
v 0.002250 1.021393 -2.024376
v 0.029839 0.694259 -2.069606
v 0.335090 1.004318 -0.331094
v 0.003892 1.004330 -0.330364
v 0.003806 1.004613 -0.754618
v 1.097486 0.435054 -0.331705
v 1.112993 0.764531 -0.329888
v 1.115280 0.762232 -0.754487
v 0.998365 1.004370 -0.331496
v 0.666930 1.004319 -0.331681
v 0.667017 1.004318 -0.755025
v 0.956116 0.592403 0.031453
v 0.666893 0.578932 0.100191
v 0.666087 1.000687 0.087161
v 1.190104 0.267774 0.192251
v 1.024158 0.531108 0.266968
v 1.161580 0.767587 0.035792
v -0.106031 0.761392 -0.329729
v -0.091861 0.431738 -0.331529
v -0.108053 0.430607 -0.754408
v -0.026725 0.526984 0.259150
v -0.185481 0.264687 0.182787
v -0.220154 0.458969 -0.069874
v 0.337503 0.576756 0.091928
v 0.017202 0.579021 0.050409
v 0.003086 1.000035 0.085741
v -0.105360 0.775755 -1.996349
v -0.081660 0.445841 -1.994754
v -0.216844 0.323893 -2.218071
v -0.108999 0.760617 -1.178647
v -0.108596 0.430827 -1.178856
v -0.113316 0.431639 -1.601285
v 0.335570 1.004316 -1.178655
v 0.003872 1.005807 -1.178560
v 0.004122 1.005303 -1.602221
v 1.002178 1.041816 -2.024677
v 0.667107 1.041948 -2.021134
v 0.664828 0.675072 -2.129015
v 0.998870 1.005200 -1.178813
v 0.667245 1.004318 -1.178725
v 0.667462 1.004319 -1.602733
v 1.114981 0.432099 -1.178598
v 1.114275 0.761746 -1.178891
v 1.116237 0.762535 -1.603531
v 1.122993 0.432589 -1.599975
v 0.998732 1.004346 -1.602828
v 0.980530 0.679815 -2.069728
v 0.335774 1.004319 -1.602422
v -0.110572 0.761718 -1.603050
v -0.057794 0.608547 -2.264595
v 0.334814 1.000505 0.084673
v -0.166325 0.768519 0.035479
v -0.108395 0.760419 -0.754312
v 1.198631 0.453139 -0.059196
v 0.998535 1.010339 0.091692
v 0.998764 1.005026 -0.755004
v 1.114657 0.432525 -0.754074
v 0.335308 1.004318 -0.754869
v 0.335279 0.677458 -2.136124
v 1.257212 0.331675 -2.193740
v -0.202496 0.069232 0.180611
v 1.084878 0.076000 0.230799
v 1.268477 0.135876 -2.194474
v -0.102397 0.139304 -2.264034
v -0.108367 0.266049 -1.072829
v 0.421126 0.364964 0.091104
v 1.114761 0.267697 -0.860041
v 0.580816 0.463428 -2.129318
v 0.499294 0.570115 -2.132297
v 0.501212 1.004317 -0.860874
v -0.108196 0.348302 -0.966669
v 0.584209 1.004317 -0.966819
v -0.025561 0.273772 -0.238114
v 0.970556 0.371786 0.084793
v 1.097481 0.269094 -1.705516
v 0.029168 0.474232 -2.126140
v -0.022936 0.278116 -1.906700
v 0.144353 0.393013 0.254278
v 1.097234 0.286878 -0.068061
v 0.928635 0.476512 -2.285586
v 0.501667 1.004319 -1.708424
v 0.501051 1.027023 -0.017112
v -0.079243 1.003157 -0.966580
v 1.114904 0.844367 -0.966751
v 1.114761 0.927169 -0.860897
v 1.114763 0.944255 -0.028442
v 0.583862 1.004335 -0.120385
v 1.089894 0.853285 -0.124748
v -0.107860 0.925508 -0.860541
v -0.108780 0.940462 -0.029605
v -0.030363 0.359287 -0.134599
v -0.078440 1.006712 -0.118648
v 0.064511 0.587506 -2.189212
v -0.111148 0.927382 -1.708548
v -0.041695 0.356172 -1.799073
v -0.078464 1.004083 -1.813997
v 0.956680 0.582059 -2.210791
v 1.116495 0.928320 -1.709212
v 0.584638 1.004338 -1.814433
v 1.112220 0.847169 -1.815769
v -0.328644 0.298123 -0.061681
v 0.947359 0.331754 0.342894
v 1.134428 0.273565 -2.012921
v 0.029140 0.410946 -2.350695
v -0.109917 0.266525 -1.497105
v 0.099856 0.367881 0.026080
v 1.100744 0.269265 -0.435977
v 0.895228 0.468053 -2.056519
v 0.501769 0.992768 -2.116112
v 0.500993 1.004317 -0.437324
v -0.108442 0.677923 -0.966523
v 0.915920 1.004349 -0.966875
v -0.106743 0.265864 -0.648364
v 0.748153 0.367914 0.112358
v 1.115398 0.267333 -1.284044
v 0.251735 0.469328 -2.137089
v -0.330529 0.243207 -2.089892
v 0.011134 0.210359 0.221982
v 1.344117 0.206087 0.112372
v 1.077234 0.285709 -2.277025
v 0.501482 1.004317 -1.284624
v 0.501496 0.683700 0.098290
v 0.252521 1.004316 -0.966737
v 1.114687 0.514611 -0.966411
v 1.117554 0.928667 -0.436921
v 0.985387 0.684389 0.168209
v 0.915564 1.004490 -0.119501
v 1.026779 0.529972 -0.139534
v -0.109129 0.926027 -0.436201
v 0.027524 0.692801 0.190636
v -0.047789 0.688292 -0.134297
v 0.251846 1.005630 -0.119748
v -0.107619 0.917720 -2.115617
v -0.109418 0.925961 -1.284490
v -0.079660 0.683388 -1.804750
v 0.252691 1.004317 -1.814029
v 1.125211 0.923900 -2.108489
v 1.114053 0.926874 -1.284901
v 0.916181 1.005175 -1.815211
v 1.082462 0.518977 -1.800311
v 1.115805 0.598105 -1.704665
v 1.115157 0.596894 -1.284945
v 1.114934 0.844400 -1.391062
v 1.115654 0.514516 -1.390976
v 0.833236 1.004324 -1.708952
v 0.833087 1.004320 -1.284727
v 0.584447 1.004317 -1.390626
v 0.915967 1.004349 -1.390760
v 0.827019 0.568171 -2.113711
v 0.832525 0.991961 -2.114762
v 0.584164 0.887847 -2.132301
v 0.913894 0.885915 -2.124022
v 0.169899 1.004319 -1.708134
v 0.169765 1.004318 -1.284525
v -0.079125 1.002997 -1.390441
v 0.252777 1.004318 -1.390454
v -0.105822 0.597307 -1.705286
v -0.108987 0.595794 -1.284890
v -0.108949 0.348660 -1.390893
v -0.109756 0.678474 -1.390927
v -0.064063 0.411470 -2.270022
v -0.183005 0.604211 -2.043218
v -0.286504 0.354140 -2.028181
v -0.197139 0.647624 -2.144522
v 0.168500 1.030855 -0.017083
v 0.172879 0.682535 0.081208
v -0.019370 0.795205 0.119317
v 0.253576 0.788672 0.093904
v -0.103620 0.611804 -0.061974
v -0.161317 0.466038 0.181353
v -0.342420 0.333003 0.067247
v -0.173401 0.598512 0.159334
v -0.108024 0.595445 -0.860435
v -0.107001 0.595799 -0.436488
v -0.106069 0.348262 -0.542348
v -0.107795 0.678133 -0.542032
v 1.093862 0.616109 -0.061166
v 1.164821 0.469107 0.191106
v 1.088174 0.736880 0.178828
v 1.264645 0.463838 0.126536
v 0.832862 1.020558 -0.015656
v 0.827069 0.688083 0.104410
v 0.583390 0.790178 0.100955
v 0.903090 0.797385 0.086269
v 0.832954 1.004319 -0.860940
v 0.832747 1.004320 -0.437491
v 0.583968 1.004317 -0.543237
v 0.915744 1.004342 -0.543262
v 1.114978 0.597135 -0.860348
v 1.114150 0.598508 -0.436426
v 1.116339 0.845439 -0.542533
v 1.114386 0.515461 -0.542100
v 0.169570 1.004317 -0.860739
v 0.169411 1.004321 -0.436661
v -0.079210 1.003153 -0.542394
v 0.252281 1.004339 -0.542849
v 0.172709 0.577346 -2.127933
v 0.170772 0.993750 -2.121434
v -0.061043 0.888994 -2.138106
v 0.254121 0.889982 -2.141994
v 1.112271 0.415047 -2.265604
v 1.156410 0.601615 -2.039577
v 1.151258 0.799395 -2.155720
v 1.246045 0.502388 -2.052923
v -0.346534 0.206046 0.110959
v 1.004848 0.215063 0.266081
v 1.313916 0.245415 -2.031994
v -0.024480 0.283387 -2.280334
v -0.108690 0.266211 -1.284974
v 0.257534 0.364513 0.073358
v 1.112996 0.267962 -0.647812
v 0.745129 0.462353 -2.119604
v 0.500907 0.782302 -2.134190
v 0.501070 1.004316 -0.649040
v -0.108147 0.513049 -0.966587
v 0.750071 1.004319 -0.966852
v -0.096710 0.266347 -0.436372
v 0.869292 0.381484 0.011248
v 1.117932 0.267477 -1.496090
v 0.122947 0.485823 -2.045130
v -0.181065 0.277490 -2.009232
v 0.044027 0.322124 0.330835
v 1.302695 0.287329 -0.059131
v 1.035847 0.404590 -2.350764
v 0.501604 1.004317 -1.496560
v 0.500384 0.895836 0.102485
v 0.086718 1.004330 -0.966671
v 1.114937 0.679411 -0.966582
v 1.115383 0.927565 -0.648921
v 1.086781 0.866595 0.135254
v 0.749772 1.004355 -0.120088
v 1.051910 0.692990 -0.137228
v -0.107924 0.925596 -0.648366
v -0.080485 0.865993 0.133760
v -0.031903 0.524085 -0.134201
v 0.086161 1.015135 -0.118268
v -0.019933 0.780806 -2.206218
v -0.110522 0.926472 -1.496383
v -0.055774 0.520340 -1.796433
v 0.086986 1.004354 -1.814158
v 1.052725 0.770086 -2.196197
v 1.114369 0.927165 -1.496947
v 0.750570 1.004382 -1.814875
v 1.102102 0.682716 -1.804756
v -0.131779 0.284746 -0.088053
v 0.878195 0.375836 0.217877
v 0.999932 0.284236 -1.893235
v 0.114116 0.486523 -2.257188
v -0.083472 0.268597 -1.706243
v 0.046063 0.375512 0.143535
v 1.022429 0.278776 -0.241157
v 0.993669 0.469022 -2.148417
v 0.501580 1.006243 -1.920016
v 0.501039 1.004321 -0.225834
v -0.108611 0.842924 -0.966511
v 1.081977 1.003089 -0.966863
v -0.108054 0.265928 -0.860596
v 0.585546 0.365874 0.097754
v 1.115085 0.267498 -1.072269
v 0.416267 0.467744 -2.133541
v -0.219911 0.126830 -2.218425
v -0.076421 0.072430 0.203248
v 1.205377 0.072352 0.190514
v 1.156214 0.142899 -2.257949
v 0.501349 1.004317 -1.072733
v 0.502779 0.471507 0.095757
v 0.418357 1.004316 -0.966782
v 1.114905 0.349906 -0.966242
v 1.118626 0.930635 -0.224433
v 0.928059 0.480907 0.150721
v 1.081117 1.006589 -0.119674
v 1.014606 0.365560 -0.138931
v -0.108862 0.927282 -0.223640
v 0.099635 0.493869 0.177665
v -0.081230 0.849685 -0.124899
v 0.417891 1.004369 -0.120178
v -0.104269 0.930816 -1.920789
v -0.108419 0.925673 -1.072457
v -0.103994 0.846274 -1.814955
v 0.418660 1.004321 -1.814134
v 1.109267 0.932334 -1.921538
v 1.113643 0.926785 -1.072848
v 1.081693 1.004352 -1.814694
v 1.057402 0.356090 -1.799632
v 1.116321 0.597134 -1.497234
v 1.114804 0.596910 -1.072643
v 1.115207 0.679433 -1.391164
v 1.115454 0.349688 -1.389961
v 0.833100 1.004319 -1.496733
v 0.833037 1.004319 -1.072806
v 0.750217 1.004319 -1.390682
v 1.081917 1.003125 -1.390855
v 0.830424 0.780210 -2.125046
v 0.833712 1.014555 -1.920593
v 0.749137 0.886811 -2.127821
v 1.058138 0.887920 -2.131978
v 0.169900 1.004321 -1.496312
v 0.169659 1.004317 -1.072665
v 0.086886 1.004335 -1.390418
v 0.418634 1.004317 -1.390544
v -0.110120 0.596243 -1.497114
v -0.108432 0.595537 -1.072664
v -0.109242 0.513518 -1.391042
v -0.109712 0.843508 -1.390620
v -0.197948 0.523631 -2.197141
v -0.051856 0.606071 -1.899748
v -0.255268 0.502322 -2.092709
v -0.124732 0.794410 -2.168553
v 0.170077 0.894553 0.094643
v 0.176325 0.470945 0.063058
v 0.091573 0.789435 0.073033
v 0.418428 0.789417 0.098136
v -0.231729 0.580718 0.071533
v -0.022090 0.340639 0.222276
v -0.260793 0.462237 0.128214
v -0.082262 0.735390 0.173437
v -0.107964 0.595519 -0.648200
v -0.072106 0.599289 -0.231938
v -0.107596 0.513106 -0.542351
v -0.108497 0.843150 -0.542134
v 1.235149 0.581068 0.067456
v 1.038038 0.345308 0.262518
v 1.178150 0.599784 0.161021
v 1.337871 0.330822 0.062971
v 0.830868 0.897871 0.103982
v 0.825034 0.476005 0.095760
v 0.748369 0.791426 0.101434
v 1.039426 0.789983 0.104805
v 0.832862 1.004321 -0.649162
v 0.832713 1.004319 -0.225683
v 0.749865 1.004319 -0.543328
v 1.081778 1.003113 -0.543043
v 1.115045 0.597591 -0.648050
v 1.074665 0.603728 -0.234976
v 1.115396 0.680452 -0.542004
v 1.112395 0.350635 -0.542110
v 0.169484 1.004319 -0.648765
v 0.169273 1.004459 -0.224387
v 0.086623 1.004329 -0.542639
v 0.418076 1.004318 -0.543056
v 0.171308 0.789447 -2.137134
v 0.169629 1.004436 -1.919946
v 0.089780 0.897966 -2.135386
v 0.419184 0.888904 -2.137856
v 1.222906 0.526448 -2.168122
v 1.045915 0.609842 -1.892231
v 1.211444 0.650499 -2.117092
v 1.240517 0.350148 -1.990834
v 1.145414 0.437302 -2.028561
v 1.022604 0.446847 -1.892396
v 1.053431 0.529054 -1.994212
v 1.037753 0.364827 -1.993916
v 1.144001 0.761241 -2.081591
v 1.077335 0.771439 -1.902505
v 1.092021 0.858064 -2.004193
v 1.069814 0.693774 -1.994427
v 1.041075 0.534136 -2.315642
v 1.154832 0.672659 -2.202762
v 1.044860 0.647430 -2.243567
v 1.142304 0.544520 -2.243334
v 0.336385 0.993112 -2.118277
v 0.335537 1.004423 -1.919756
v 0.251825 1.032116 -2.021363
v 0.417940 1.036723 -2.020782
v 0.005379 1.005778 -2.128968
v 0.004008 1.008075 -1.920278
v -0.081099 1.015760 -2.025765
v 0.085479 1.026376 -2.022783
v 0.037767 0.589009 -2.056812
v 0.026479 0.798435 -2.091104
v -0.015970 0.681426 -2.136793
v 0.104253 0.689244 -2.099161
v 0.335096 1.004318 -0.437004
v 0.335151 1.004315 -0.225401
v 0.252182 1.004319 -0.330780
v 0.418043 1.004318 -0.331392
v 0.003861 1.004930 -0.436474
v 0.003795 1.006579 -0.224274
v -0.079068 1.003212 -0.330367
v 0.086617 1.004331 -0.330387
v 0.003813 1.004798 -0.860648
v 0.003799 1.004345 -0.648583
v -0.079249 1.003073 -0.754552
v 0.086657 1.004328 -0.754696
v 1.111528 0.433589 -0.436859
v 1.048584 0.441023 -0.237854
v 1.104975 0.517137 -0.332683
v 1.086861 0.353353 -0.332161
v 1.115499 0.763575 -0.436035
v 1.098461 0.766894 -0.227571
v 1.115685 0.846999 -0.330188
v 1.111054 0.682003 -0.331107
v 1.114931 0.762022 -0.860579
v 1.115574 0.762519 -0.648368
v 1.115288 0.844761 -0.754712
v 1.115265 0.679763 -0.754318
v 0.998567 1.004341 -0.437298
v 0.998149 1.004490 -0.225548
v 0.915534 1.004330 -0.331577
v 1.081441 1.003324 -0.331222
v 0.666909 1.004318 -0.437469
v 0.666931 1.004319 -0.225934
v 0.583970 1.004318 -0.331644
v 0.749846 1.004320 -0.331654
v 0.667079 1.004317 -0.860918
v 0.666959 1.004317 -0.649144
v 0.584074 1.004316 -0.754989
v 0.749965 1.004319 -0.755034
v 0.962225 0.697778 0.045041
v 0.952136 0.486983 0.018085
v 0.884459 0.588551 0.052939
v 1.001078 0.581347 0.099512
v 0.666389 0.684731 0.100271
v 0.666671 0.472761 0.102584
v 0.584516 0.578108 0.098586
v 0.747114 0.580200 0.107197
v 0.666955 1.023136 -0.016551
v 0.665705 0.896351 0.105475
v 0.583192 1.000600 0.085953
v 0.749038 1.000668 0.087433
v 1.255072 0.334571 0.162251
v 1.114923 0.206543 0.220254
v 1.146641 0.336463 0.205606
v 1.237542 0.202137 0.177291
v 1.080675 0.607539 0.219336
v 0.954587 0.455579 0.294303
v 0.973575 0.563708 0.223713
v 1.068209 0.475429 0.244422
v 1.107980 0.780776 -0.054857
v 1.169403 0.725265 0.112953
v 1.137172 0.843991 0.058198
v 1.178962 0.689929 0.011970
v -0.107964 0.760918 -0.435876
v -0.094247 0.762782 -0.226512
v -0.104642 0.678820 -0.330895
v -0.108098 0.843926 -0.329750
v -0.105008 0.430849 -0.436775
v -0.055255 0.435258 -0.232253
v -0.083535 0.349765 -0.331920
v -0.098349 0.513920 -0.332083
v -0.108171 0.430620 -0.860513
v -0.107762 0.430598 -0.648358
v -0.107898 0.348220 -0.754455
v -0.108084 0.513023 -0.754361
v -0.076164 0.603589 0.204458
v 0.035317 0.453432 0.304188
v -0.057183 0.470652 0.218146
v 0.035345 0.572630 0.242355
v -0.254041 0.331874 0.160414
v -0.108119 0.202901 0.197935
v -0.234695 0.199429 0.172716
v -0.140063 0.333213 0.187998
v -0.115686 0.448575 -0.081762
v -0.290592 0.441410 0.007156
v -0.226563 0.379835 -0.092249
v -0.209809 0.536390 -0.043020
v 0.336758 0.682897 0.094145
v 0.338253 0.470640 0.089161
v 0.255376 0.576415 0.086247
v 0.419790 0.577165 0.095012
v 0.017161 0.685272 0.051424
v 0.021210 0.472964 0.054941
v 0.013755 0.585000 0.128826
v 0.099244 0.579245 0.043816
v 0.001238 1.037800 -0.013722
v 0.007595 0.893733 0.088302
v -0.080775 0.998655 0.089631
v 0.086167 1.000267 0.084300
v -0.156245 0.761671 -2.086175
v -0.081621 0.768017 -1.909065
v -0.097041 0.693365 -1.991348
v -0.111368 0.858235 -2.004231
v -0.186253 0.442116 -2.012289
v -0.033781 0.442286 -1.901883
v -0.078945 0.363411 -1.994113
v -0.085350 0.528262 -1.991470
v -0.141585 0.267372 -2.253137
v -0.260891 0.379723 -2.147344
v -0.255155 0.254463 -2.195693
v -0.178028 0.395194 -2.232249
v -0.109338 0.760768 -1.284700
v -0.108771 0.760494 -1.072596
v -0.108919 0.678105 -1.178719
v -0.108826 0.843196 -1.178564
v -0.108793 0.430944 -1.284963
v -0.108413 0.430729 -1.072742
v -0.108487 0.348465 -1.178890
v -0.108465 0.513221 -1.178821
v -0.099246 0.432530 -1.706307
v -0.109932 0.431272 -1.496272
v -0.111490 0.349252 -1.602575
v -0.113621 0.514117 -1.600639
v 0.335643 1.004316 -1.284568
v 0.335501 1.004316 -1.072701
v 0.252638 1.004316 -1.178621
v 0.418495 1.004316 -1.178654
v 0.003906 1.006446 -1.284513
v 0.003845 1.004380 -1.072588
v -0.079221 1.003017 -1.178542
v 0.086777 1.004333 -1.178587
v 0.004254 1.005087 -1.708064
v 0.004026 1.005653 -1.496320
v -0.078992 1.003031 -1.602248
v 0.087030 1.004334 -1.602162
v 0.997853 0.991536 -2.118383
v 0.999258 1.018209 -1.920519
v 0.917835 1.041393 -2.022772
v 1.083436 1.021143 -2.023141
v 0.667126 0.992419 -2.114951
v 0.667670 1.009673 -1.920282
v 0.583966 1.040144 -2.020848
v 0.750441 1.041998 -2.021580
v 0.663944 0.568955 -2.127755
v 0.665735 0.781204 -2.129721
v 0.582474 0.675633 -2.131187
v 0.747144 0.674534 -2.126444
v 0.998866 1.005079 -1.284809
v 0.998865 1.004654 -1.072830
v 0.915976 1.004351 -1.178785
v 1.081957 1.003069 -1.178850
v 0.667290 1.004319 -1.284672
v 0.667195 1.004317 -1.072767
v 0.584332 1.004318 -1.178692
v 0.750159 1.004317 -1.178735
v 0.667547 1.004319 -1.708706
v 0.667392 1.004319 -1.496666
v 0.584569 1.004318 -1.602606
v 0.750321 1.004319 -1.602769
v 1.115230 0.432064 -1.284721
v 1.114816 0.432160 -1.072464
v 1.114917 0.514478 -1.178705
v 1.115056 0.349736 -1.178481
v 1.114439 0.761789 -1.285014
v 1.114384 0.761771 -1.072777
v 1.114446 0.844249 -1.178899
v 1.114774 0.679295 -1.178857
v 1.115072 0.763193 -1.709728
v 1.115619 0.762131 -1.497326
v 1.115865 0.845052 -1.603380
v 1.117441 0.680009 -1.603471
v 1.111446 0.433218 -1.705332
v 1.116992 0.432208 -1.495287
v 1.121974 0.515052 -1.599402
v 1.122447 0.350192 -1.601440
v 0.998675 1.004344 -1.708869
v 0.998804 1.004349 -1.496834
v 0.915923 1.004342 -1.602833
v 1.081790 1.003123 -1.602940
v 0.977718 0.573640 -2.065696
v 0.983790 0.784255 -2.089532
v 0.903543 0.676629 -2.093489
v 1.011524 0.680324 -2.137520
v 0.335741 1.004320 -1.708238
v 0.335761 1.004318 -1.496426
v 0.252847 1.004318 -1.602275
v 0.418711 1.004318 -1.602428
v -0.107332 0.762361 -1.709177
v -0.110555 0.761291 -1.496910
v -0.110591 0.679161 -1.603179
v -0.110664 0.844273 -1.602791
v 0.005837 0.536983 -2.310635
v -0.121918 0.668413 -2.216654
v -0.100555 0.539587 -2.250050
v -0.008545 0.657391 -2.253803
v 0.334991 1.029469 -0.017392
v 0.335162 0.895179 0.098291
v 0.251999 1.000451 0.084117
v 0.417606 1.000504 0.084691
v -0.106457 0.776542 -0.051748
v -0.164238 0.725056 0.113634
v -0.184163 0.691005 0.010900
v -0.143597 0.845813 0.057263
v -0.108452 0.760389 -0.860415
v -0.108424 0.760492 -0.648191
v -0.108041 0.677925 -0.754297
v -0.108673 0.842957 -0.754374
v 1.093341 0.451526 -0.072298
v 1.280518 0.436654 0.003447
v 1.194197 0.532049 -0.035160
v 1.200371 0.372523 -0.076679
v 0.998745 1.017782 -0.014179
v 0.984451 0.904206 0.092795
v 0.915323 1.002227 0.089030
v 1.082344 0.999085 0.090946
v 0.998806 1.004436 -0.860946
v 0.998723 1.004862 -0.649069
v 0.915846 1.004345 -0.755026
v 1.081876 1.003055 -0.754959
v 1.114694 0.432369 -0.860194
v 1.114451 0.432692 -0.647978
v 1.114887 0.514920 -0.754125
v 1.114467 0.350148 -0.754009
v 0.335373 1.004317 -0.860815
v 0.335238 1.004319 -0.648908
v 0.252410 1.004318 -0.754815
v 0.418218 1.004318 -0.754910
v 0.334637 0.574527 -2.135361
v 0.336017 0.783446 -2.137786
v 0.252954 0.681681 -2.136462
v 0.417703 0.676804 -2.134848
v 1.190538 0.272039 -2.243856
v 1.288001 0.387629 -2.108998
v 1.218133 0.400743 -2.216107
v 1.291897 0.264087 -2.161804
v 1.293469 0.313321 -2.073851
v 1.249515 0.454134 -2.138804
v 1.148985 0.342645 -2.251848
v 0.418473 0.782883 -2.136261
v 0.253559 0.784218 -2.138348
v 0.253033 0.575472 -2.136723
v 0.418146 1.004318 -0.648980
v 0.252351 1.004318 -0.648843
v 0.252465 1.004317 -0.860785
v 1.113868 0.350297 -0.648001
v 1.114737 0.515138 -0.647994
v 1.114763 0.514742 -0.860266
v 1.081812 1.003078 -0.649024
v 0.915802 1.004344 -0.649133
v 0.915883 1.004347 -0.860943
v 1.064475 0.893423 0.102432
v 0.912790 0.902822 0.095479
v 0.915760 1.016715 -0.014522
v 1.285198 0.357997 -0.020643
v 1.252726 0.505671 0.038977
v 1.093513 0.533875 -0.068052
v -0.108516 0.843012 -0.648273
v -0.108029 0.677997 -0.648169
v -0.108148 0.677901 -0.860413
v -0.122034 0.795722 0.120919
v -0.193928 0.650558 0.093977
v -0.103717 0.694186 -0.057232
v 0.417813 0.895447 0.098526
v 0.252631 0.894802 0.094590
v 0.251812 1.029307 -0.017131
v -0.071697 0.733843 -2.215535
v -0.157046 0.595089 -2.202557
v -0.025790 0.480759 -2.292574
v -0.110385 0.843841 -1.496693
v -0.110391 0.678763 -1.497050
v -0.105939 0.679795 -1.708127
v 0.418686 1.004318 -1.496546
v 0.252834 1.004319 -1.496407
v 0.252799 1.004319 -1.708274
v 1.035072 0.784012 -2.134638
v 0.912277 0.779992 -2.116294
v 0.902232 0.571240 -2.080454
v 1.081878 1.003129 -1.496903
v 0.915943 1.004346 -1.496768
v 0.915966 1.004344 -1.708971
v 1.117293 0.349818 -1.495865
v 1.116666 0.514647 -1.496041
v 1.113964 0.515624 -1.704735
v 1.115929 0.679633 -1.497334
v 1.115353 0.844624 -1.497196
v 1.115478 0.845766 -1.709620
v 1.114792 0.679324 -1.072716
v 1.114540 0.844252 -1.072824
v 1.114511 0.844297 -1.284961
v 1.114977 0.349818 -1.072365
v 1.114752 0.514524 -1.072558
v 1.115232 0.514472 -1.284848
v 0.750254 1.004319 -1.496722
v 0.584506 1.004317 -1.496658
v 0.584618 1.004321 -1.708639
v 0.750118 1.004317 -1.072794
v 0.584273 1.004317 -1.072761
v 0.584389 1.004318 -1.284670
v 1.081980 1.003080 -1.072852
v 0.915953 1.004350 -1.072823
v 0.915980 1.004350 -1.284767
v 0.748113 0.780677 -2.127598
v 0.583327 0.781748 -2.131954
v 0.581633 0.569525 -2.130310
v 0.750712 1.011462 -1.920537
v 0.584625 1.007805 -1.920337
v 0.584440 0.992608 -2.115079
v 1.081324 1.007562 -1.920177
v 0.916660 1.017864 -1.920840
v 0.915208 0.991769 -2.115115
v 0.086960 1.004335 -1.496331
v -0.079093 1.003029 -1.496404
v -0.078771 1.003390 -1.708171
v 0.086750 1.004330 -1.072644
v -0.079266 1.003098 -1.072587
v -0.079168 1.002970 -1.284493
v 0.418425 1.004316 -1.072731
v 0.252577 1.004316 -1.072697
v 0.252707 1.004317 -1.284567
v -0.110092 0.513730 -1.496950
v -0.109776 0.348872 -1.496825
v -0.092706 0.350410 -1.706216
v -0.108275 0.513118 -1.072704
v -0.108269 0.348372 -1.072782
v -0.108700 0.348558 -1.284991
v -0.108534 0.843047 -1.072564
v -0.108704 0.677993 -1.072624
v -0.109186 0.678262 -1.284818
v -0.225772 0.450045 -2.172290
v -0.287345 0.308191 -2.116220
v -0.178811 0.196120 -2.235324
v -0.044727 0.523931 -1.900123
v -0.031405 0.359982 -1.904572
v -0.183438 0.359779 -2.010998
v -0.097517 0.848629 -1.916790
v -0.069082 0.686627 -1.903653
v -0.169638 0.682018 -2.067901
v 0.087902 0.894448 0.088397
v -0.051402 0.896258 0.107081
v -0.079360 1.016796 -0.015438
v 0.099059 0.473161 0.039390
v 0.029716 0.480217 0.136454
v -0.000758 0.690328 0.123487
v 0.420474 0.471054 0.093146
v 0.256315 0.470303 0.081952
v 0.254491 0.682540 0.090445
v -0.256139 0.507370 0.042691
v -0.302723 0.364958 -0.021117
v -0.123776 0.366637 -0.084846
v -0.064413 0.272371 0.204191
v -0.153077 0.134407 0.189826
v -0.293864 0.266025 0.131111
v 0.078131 0.475450 0.244771
v -0.004666 0.394797 0.270669
v -0.116854 0.535376 0.182637
v -0.107931 0.513051 -0.648253
v -0.107306 0.348196 -0.648382
v -0.108136 0.348254 -0.860557
v -0.064808 0.517136 -0.231472
v -0.045672 0.353443 -0.232868
v -0.101937 0.348514 -0.436397
v -0.103002 0.844903 -0.223645
v -0.084191 0.680874 -0.229275
v -0.107081 0.678362 -0.435896
v 1.198060 0.650755 0.091688
v 1.126871 0.795608 0.121730
v 1.111428 0.862441 -0.041502
v 1.009791 0.399444 0.290064
v 0.937508 0.463838 0.220991
v 1.033695 0.648768 0.202661
v 1.157833 0.137917 0.205189
v 1.075512 0.277212 0.235359
v 1.206418 0.400031 0.174000
v 0.748294 0.896589 0.102541
v 0.583075 0.896015 0.102251
v 0.583960 1.023328 -0.016632
v 0.746727 0.474005 0.109002
v 0.585113 0.472019 0.097800
v 0.583920 0.684084 0.099489
v 0.985931 0.476508 0.092382
v 0.879495 0.483336 0.039347
v 0.894344 0.692216 0.073817
v 0.749912 1.004319 -0.649174
v 0.584010 1.004316 -0.649104
v 0.584143 1.004316 -0.860905
v 0.749853 1.004321 -0.225820
v 0.583988 1.004318 -0.225974
v 0.583958 1.004317 -0.437420
v 1.080969 1.004040 -0.225457
v 0.915473 1.004341 -0.225596
v 0.915650 1.004341 -0.437446
v 1.115401 0.680050 -0.648170
v 1.115693 0.845007 -0.648650
v 1.114950 0.844556 -0.860723
v 1.087943 0.685074 -0.231095
v 1.108934 0.848713 -0.224165
v 1.116534 0.846103 -0.436391
v 1.040321 0.359049 -0.236983
v 1.063670 0.521999 -0.235079
v 1.113091 0.516017 -0.436717
v 0.086634 1.004329 -0.648675
v -0.079218 1.003151 -0.648492
v -0.079246 1.003105 -0.860560
v 0.086490 1.004900 -0.224150
v -0.079223 1.004284 -0.224340
v -0.079127 1.003050 -0.436341
v 0.418096 1.004319 -0.225657
v 0.252208 1.004341 -0.224873
v 0.252225 1.004320 -0.436830
v 0.097294 0.792906 -2.121240
v -0.036724 0.785519 -2.142205
v 0.006204 0.577697 -2.131964
v 0.086732 1.005153 -1.920294
v -0.078593 1.005446 -1.919922
v -0.077849 0.994620 -2.130326
v 0.418554 1.004905 -1.920087
v 0.252560 1.004417 -1.919978
v 0.253614 0.993229 -2.119384
v 1.185913 0.598191 -2.185331
v 1.097980 0.732220 -2.207570
v 0.995465 0.554717 -2.259260
v 1.064183 0.690133 -1.897057
v 1.095561 0.851511 -1.911007
v 1.135915 0.842334 -2.096866
v 1.017755 0.364613 -1.893611
v 1.038447 0.527716 -1.892315
v 1.151408 0.519539 -2.031975
v 1.140052 0.355431 -2.020392
v 1.150885 0.681114 -2.061751
v 1.069096 0.478277 -2.282016
v 0.419088 0.992896 -2.116727
v 0.087833 0.994893 -2.123666
v 0.107031 0.584867 -2.079829
v 0.418027 1.004317 -0.437179
v 0.086633 1.004327 -0.436538
v 0.086685 1.004328 -0.860697
v 1.107950 0.351281 -0.436123
v 1.114530 0.681043 -0.435848
v 1.115112 0.679556 -0.860452
v 1.081688 1.003117 -0.437127
v 0.749840 1.004320 -0.437504
v 0.750019 1.004318 -0.860937
v 1.015740 0.686341 0.106516
v 0.748820 0.686247 0.100932
v 0.749883 1.020302 -0.015871
v 1.293938 0.267750 0.133822
v 1.122527 0.539404 0.199241
v 1.100697 0.698467 -0.059159
v -0.108587 0.843464 -0.435966
v -0.106313 0.513291 -0.436910
v -0.108089 0.513018 -0.860471
v -0.027204 0.651182 0.207644
v -0.204102 0.397015 0.167425
v -0.109234 0.529952 -0.070392
v 0.419106 0.683291 0.096525
v 0.096032 0.683862 0.061820
v 0.084949 1.031460 -0.015950
v -0.131905 0.839637 -2.100788
v -0.184233 0.522773 -2.029574
v -0.101639 0.339184 -2.258052
v -0.109079 0.843327 -1.284579
v -0.108783 0.513357 -1.284934
v -0.103203 0.514864 -1.705837
v 0.418567 1.004316 -1.284621
v 0.086820 1.004332 -1.284530
v 0.087067 1.004332 -1.708123
v 1.080822 0.992647 -2.125414
v 0.749818 0.992174 -2.114491
v 0.746168 0.568421 -2.123618
v 1.081955 1.003043 -1.284847
v 0.750190 1.004319 -1.284709
v 0.750426 1.004320 -1.708873
v 1.115277 0.349674 -1.284289
v 1.114894 0.679329 -1.285005
v 1.115474 0.680655 -1.705989
v 1.105543 0.351038 -1.705220
v 1.081636 1.003134 -1.708832
v 1.003761 0.574586 -2.143707
v 0.418703 1.004321 -1.708424
v -0.109852 0.844864 -1.708953
v 0.040874 0.563364 -2.254704
v 0.418028 1.027063 -0.017106
v -0.107003 0.858505 -0.040925
v -0.108635 0.842918 -0.860440
v 1.094508 0.369146 -0.070571
v 1.081812 1.019518 -0.013943
v 1.081920 1.003091 -0.860895
v 1.114764 0.350018 -0.860120
v 0.418289 1.004318 -0.860854
v 0.416926 0.570724 -2.133964
v 1.226539 0.202922 -2.217297
v 0.000000 0.003554 -2.047695
v 0.000000 0.086801 -2.047695
v 0.017746 0.003554 -2.041929
v 0.017746 0.086801 -2.041929
v 0.028713 0.003554 -2.026834
v 0.028713 0.086801 -2.026834
v 0.028713 0.003554 -2.008175
v 0.028713 0.086801 -2.008175
v 0.017746 0.003554 -1.993080
v 0.017746 0.086801 -1.993080
v 0.000000 0.003554 -1.987314
v 0.000000 0.086801 -1.987314
v -0.017746 0.003554 -1.993080
v -0.017746 0.086801 -1.993080
v -0.028713 0.003554 -2.008175
v -0.028713 0.086801 -2.008175
v -0.028713 0.003554 -2.026834
v -0.028713 0.086801 -2.026834
v -0.017746 0.003554 -2.041929
v -0.017746 0.086801 -2.041929
v 0.000000 0.156726 -2.047170
v 0.017437 0.156726 -2.041505
v 0.028214 0.156726 -2.026672
v 0.028214 0.156726 -2.008337
v 0.017437 0.156726 -1.993504
v 0.000000 0.156726 -1.987839
v -0.017437 0.156726 -1.993504
v -0.028214 0.156726 -2.008337
v -0.028214 0.156726 -2.026672
v -0.017437 0.156726 -2.041505
v 0.000000 0.206766 -2.045322
v 0.016351 0.206766 -2.040010
v 0.026456 0.206766 -2.026100
v 0.026456 0.206766 -2.008908
v 0.016351 0.206766 -1.995000
v 0.000000 0.206766 -1.989687
v -0.016351 0.206766 -1.995000
v -0.026456 0.206766 -2.008908
v -0.026456 0.206766 -2.026100
v -0.016351 0.206766 -2.040010
v 0.000000 0.689487 -2.045613
v 0.016522 0.689487 -2.040245
v 0.026733 0.689487 -2.026191
v 0.026733 0.689487 -2.008819
v 0.016522 0.689487 -1.994764
v 0.000000 0.689487 -1.989396
v -0.016522 0.689487 -1.994764
v -0.026733 0.689487 -2.008819
v -0.026733 0.689487 -2.026191
v -0.016522 0.689487 -2.040245
v 0.000000 0.751922 -2.047472
v 0.017614 0.751922 -2.041749
v 0.028500 0.751922 -2.026765
v 0.028500 0.751922 -2.008244
v 0.017614 0.751922 -1.993261
v 0.000000 0.751922 -1.987538
v -0.017614 0.751922 -1.993261
v -0.028500 0.751922 -2.008244
v -0.028500 0.751922 -2.026765
v -0.017614 0.751922 -2.041749
v 0.000000 0.784531 -2.062114
v 0.026221 0.784531 -2.053595
v 0.042426 0.784531 -2.031289
v 0.042426 0.784531 -2.003720
v 0.026221 0.784531 -1.981415
v 0.000000 0.784531 -1.972895
v -0.026221 0.784531 -1.981415
v -0.042426 0.784531 -2.003720
v -0.042426 0.784531 -2.031289
v -0.026221 0.784531 -2.053595
v 0.000000 0.107501 -2.056159
v 0.000000 0.133755 -2.056294
v 0.000000 0.120618 -2.058418
v 0.022800 0.133755 -2.048886
v 0.022721 0.107501 -2.048777
v 0.024048 0.120618 -2.050604
v 0.036891 0.133755 -2.029491
v 0.036763 0.107501 -2.029450
v 0.038911 0.120618 -2.030148
v 0.036891 0.133755 -2.005518
v 0.036763 0.107501 -2.005559
v 0.038911 0.120618 -2.004862
v 0.022800 0.133755 -1.986123
v 0.022721 0.107501 -1.986232
v 0.024048 0.120618 -1.984405
v 0.000000 0.133755 -1.978715
v 0.000000 0.107501 -1.978850
v 0.000000 0.120618 -1.976591
v -0.022800 0.133755 -1.986123
v -0.022721 0.107501 -1.986232
v -0.024048 0.120618 -1.984405
v -0.036891 0.133755 -2.005518
v -0.036763 0.107501 -2.005559
v -0.038911 0.120618 -2.004862
v -0.036891 0.133755 -2.029491
v -0.036763 0.107501 -2.029450
v -0.038911 0.120618 -2.030148
v -0.022800 0.133755 -2.048886
v -0.022721 0.107501 -2.048777
v -0.024048 0.120618 -2.050604
v 0.000000 0.165299 -2.051203
v 0.000000 0.195120 -2.050996
v 0.000000 0.180228 -2.054057
v 0.019686 0.195120 -2.044600
v 0.019808 0.165299 -2.044768
v 0.021485 0.180228 -2.047076
v 0.031853 0.195120 -2.027854
v 0.032050 0.165299 -2.027918
v 0.034763 0.180228 -2.028800
v 0.031853 0.195120 -2.007155
v 0.032050 0.165299 -2.007091
v 0.034763 0.180228 -2.006209
v 0.019686 0.195120 -1.990409
v 0.019808 0.165299 -1.990242
v 0.021485 0.180228 -1.987933
v 0.000000 0.195120 -1.984013
v 0.000000 0.165299 -1.983805
v 0.000000 0.180228 -1.980952
v -0.019686 0.195120 -1.990409
v -0.019808 0.165299 -1.990242
v -0.021485 0.180228 -1.987933
v -0.031853 0.195120 -2.007155
v -0.032050 0.165299 -2.007091
v -0.034763 0.180228 -2.006209
v -0.031853 0.195120 -2.027854
v -0.032050 0.165299 -2.027918
v -0.034763 0.180228 -2.028800
v -0.019686 0.195120 -2.044600
v -0.019808 0.165299 -2.044768
v -0.021485 0.180228 -2.047076
v 0.000000 0.622233 -2.062503
v 0.000000 0.660203 -2.056474
v 0.022905 0.660203 -2.049031
v 0.026449 0.622233 -2.053909
v 0.037062 0.660203 -2.029546
v 0.042796 0.622233 -2.031410
v 0.037062 0.660203 -2.005462
v 0.042796 0.622233 -2.003599
v 0.022905 0.660203 -1.985978
v 0.026449 0.622233 -1.981100
v 0.000000 0.660203 -1.978535
v 0.000000 0.622233 -1.972506
v -0.022905 0.660203 -1.985978
v -0.026450 0.622233 -1.981100
v -0.037062 0.660203 -2.005462
v -0.042796 0.622233 -2.003599
v -0.037062 0.660203 -2.029546
v -0.042796 0.622233 -2.031410
v -0.022905 0.660203 -2.049031
v -0.026450 0.622233 -2.053909
v 0.000000 0.704424 -2.055304
v 0.000000 0.735620 -2.056454
v 0.000000 0.719893 -2.059748
v 0.022894 0.735620 -2.049016
v 0.022218 0.704424 -2.048084
v 0.024830 0.719893 -2.051681
v 0.037043 0.735620 -2.029541
v 0.035949 0.704424 -2.029185
v 0.040176 0.719893 -2.030559
v 0.037043 0.735620 -2.005468
v 0.035949 0.704424 -2.005824
v 0.040176 0.719893 -2.004450
v 0.022894 0.735620 -1.985994
v 0.022218 0.704424 -1.986924
v 0.024830 0.719893 -1.983329
v 0.000000 0.735620 -1.978555
v 0.000000 0.704424 -1.979705
v 0.000000 0.719893 -1.975261
v -0.022894 0.735620 -1.985994
v -0.022218 0.704424 -1.986924
v -0.024830 0.719893 -1.983329
v -0.037043 0.735620 -2.005468
v -0.035949 0.704424 -2.005824
v -0.040176 0.719893 -2.004450
v -0.037043 0.735620 -2.029541
v -0.035949 0.704424 -2.029185
v -0.040176 0.719893 -2.030559
v -0.022894 0.735620 -2.049016
v -0.022218 0.704424 -2.048084
v -0.024830 0.719893 -2.051681
v 0.000000 0.069864 -2.047695
v 0.017746 0.069864 -2.041929
v 0.028713 0.069864 -2.026834
v 0.028713 0.069864 -2.008175
v 0.017746 0.069864 -1.993080
v 0.000000 0.069864 -1.987314
v -0.017746 0.069864 -1.993080
v -0.028713 0.069864 -2.008175
v -0.028713 0.069864 -2.026834
v -0.017746 0.069864 -2.041929
v 0.021129 0.086801 -2.046586
v 0.000000 0.086801 -2.053451
v 0.000000 0.069864 -2.053451
v 0.034187 0.086801 -2.028612
v 0.034187 0.086801 -2.006396
v 0.021129 0.086801 -1.988423
v 0.000000 0.086801 -1.981558
v -0.021129 0.086801 -1.988423
v -0.034187 0.086801 -2.006396
v -0.034187 0.086801 -2.028612
v -0.021129 0.086801 -2.046586
v 0.021129 0.069864 -2.046586
v 0.034187 0.069864 -2.028612
v 0.034187 0.069864 -2.006396
v 0.021129 0.069864 -1.988423
v 0.000000 0.069864 -1.981558
v -0.021129 0.069864 -1.988423
v -0.034187 0.069864 -2.006396
v -0.034187 0.069864 -2.028612
v -0.021129 0.069864 -2.046586
v 0.000000 0.003554 -0.030191
v 0.000000 0.086801 -0.030191
v 0.017746 0.003554 -0.024425
v 0.017746 0.086801 -0.024425
v 0.028713 0.003554 -0.009329
v 0.028713 0.086801 -0.009329
v 0.028713 0.003554 0.009329
v 0.028713 0.086801 0.009329
v 0.017746 0.003554 0.024425
v 0.017746 0.086801 0.024425
v 0.000000 0.003554 0.030191
v 0.000000 0.086801 0.030191
v -0.017746 0.003554 0.024425
v -0.017746 0.086801 0.024425
v -0.028713 0.003554 0.009329
v -0.028713 0.086801 0.009329
v -0.028713 0.003554 -0.009329
v -0.028713 0.086801 -0.009329
v -0.017746 0.003554 -0.024425
v -0.017746 0.086801 -0.024425
v 0.000000 0.156726 -0.029666
v 0.017437 0.156726 -0.024000
v 0.028214 0.156726 -0.009167
v 0.028214 0.156726 0.009167
v 0.017437 0.156726 0.024000
v 0.000000 0.156726 0.029666
v -0.017437 0.156726 0.024000
v -0.028214 0.156726 0.009167
v -0.028214 0.156726 -0.009167
v -0.017437 0.156726 -0.024000
v 0.000000 0.206766 -0.027818
v 0.016351 0.206766 -0.022505
v 0.026456 0.206766 -0.008596
v 0.026456 0.206766 0.008596
v 0.016351 0.206766 0.022505
v 0.000000 0.206766 0.027818
v -0.016351 0.206766 0.022505
v -0.026456 0.206766 0.008596
v -0.026456 0.206766 -0.008596
v -0.016351 0.206766 -0.022505
v 0.000000 0.689487 -0.028109
v 0.016522 0.689487 -0.022741
v 0.026733 0.689487 -0.008686
v 0.026733 0.689487 0.008686
v 0.016522 0.689487 0.022740
v 0.000000 0.689487 0.028109
v -0.016522 0.689487 0.022740
v -0.026733 0.689487 0.008686
v -0.026733 0.689487 -0.008686
v -0.016522 0.689487 -0.022741
v 0.000000 0.751922 -0.029967
v 0.017614 0.751922 -0.024244
v 0.028500 0.751922 -0.009260
v 0.028500 0.751922 0.009260
v 0.017614 0.751922 0.024244
v 0.000000 0.751922 0.029967
v -0.017614 0.751922 0.024244
v -0.028500 0.751922 0.009260
v -0.028500 0.751922 -0.009260
v -0.017614 0.751922 -0.024244
v 0.000000 0.784531 -0.044610
v 0.026221 0.784531 -0.036090
v 0.042426 0.784531 -0.013785
v 0.042426 0.784531 0.013785
v 0.026221 0.784531 0.036090
v 0.000000 0.784531 0.044610
v -0.026221 0.784531 0.036090
v -0.042426 0.784531 0.013785
v -0.042426 0.784531 -0.013785
v -0.026221 0.784531 -0.036090
v 0.000000 0.107501 -0.038655
v 0.000000 0.133755 -0.038789
v 0.000000 0.120618 -0.040914
v 0.022800 0.133755 -0.031381
v 0.022721 0.107501 -0.031272
v 0.024048 0.120618 -0.033100
v 0.036891 0.133755 -0.011986
v 0.036763 0.107501 -0.011945
v 0.038911 0.120618 -0.012643
v 0.036891 0.133755 0.011986
v 0.036763 0.107501 0.011945
v 0.038911 0.120618 0.012643
v 0.022800 0.133755 0.031381
v 0.022721 0.107501 0.031272
v 0.024048 0.120618 0.033100
v 0.000000 0.133755 0.038789
v 0.000000 0.107501 0.038655
v 0.000000 0.120618 0.040914
v -0.022800 0.133755 0.031381
v -0.022721 0.107501 0.031272
v -0.024048 0.120618 0.033100
v -0.036891 0.133755 0.011986
v -0.036763 0.107501 0.011945
v -0.038911 0.120618 0.012643
v -0.036891 0.133755 -0.011986
v -0.036763 0.107501 -0.011945
v -0.038911 0.120618 -0.012643
v -0.022800 0.133755 -0.031381
v -0.022721 0.107501 -0.031272
v -0.024048 0.120618 -0.033100
v 0.000000 0.165299 -0.033699
v 0.000000 0.195120 -0.033492
v 0.000000 0.180229 -0.036552
v 0.019686 0.195120 -0.027095
v 0.019808 0.165299 -0.027263
v 0.021485 0.180229 -0.029571
v 0.031853 0.195120 -0.010349
v 0.032050 0.165299 -0.010414
v 0.034763 0.180229 -0.011295
v 0.031853 0.195120 0.010349
v 0.032050 0.165299 0.010414
v 0.034763 0.180229 0.011295
v 0.019686 0.195120 0.027095
v 0.019808 0.165299 0.027263
v 0.021485 0.180229 0.029571
v 0.000000 0.195120 0.033492
v 0.000000 0.165299 0.033699
v 0.000000 0.180229 0.036552
v -0.019686 0.195120 0.027095
v -0.019808 0.165299 0.027263
v -0.021485 0.180229 0.029571
v -0.031853 0.195120 0.010349
v -0.032050 0.165299 0.010414
v -0.034763 0.180229 0.011295
v -0.031853 0.195120 -0.010349
v -0.032050 0.165299 -0.010414
v -0.034763 0.180229 -0.011295
v -0.019686 0.195120 -0.027095
v -0.019808 0.165299 -0.027263
v -0.021485 0.180229 -0.029571
v 0.000000 0.622233 -0.044999
v 0.000000 0.660203 -0.038969
v 0.022905 0.660203 -0.031527
v 0.026449 0.622233 -0.036405
v 0.037062 0.660203 -0.012042
v 0.042796 0.622233 -0.013906
v 0.037062 0.660203 0.012042
v 0.042796 0.622233 0.013905
v 0.022905 0.660203 0.031527
v 0.026449 0.622233 0.036405
v 0.000000 0.660203 0.038969
v 0.000000 0.622233 0.044999
v -0.022905 0.660203 0.031527
v -0.026450 0.622233 0.036405
v -0.037062 0.660203 0.012042
v -0.042796 0.622233 0.013905
v -0.037062 0.660203 -0.012042
v -0.042796 0.622233 -0.013906
v -0.022905 0.660203 -0.031527
v -0.026450 0.622233 -0.036405
v 0.000000 0.704424 -0.037799
v 0.000000 0.735620 -0.038950
v 0.000000 0.719893 -0.042244
v 0.022894 0.735620 -0.031511
v 0.022218 0.704424 -0.030580
v 0.024830 0.719893 -0.034176
v 0.037043 0.735620 -0.012036
v 0.035949 0.704424 -0.011681
v 0.040176 0.719893 -0.013054
v 0.037043 0.735620 0.012036
v 0.035949 0.704424 0.011681
v 0.040176 0.719893 0.013054
v 0.022894 0.735620 0.031511
v 0.022218 0.704424 0.030580
v 0.024830 0.719893 0.034176
v 0.000000 0.735620 0.038950
v 0.000000 0.704424 0.037799
v 0.000000 0.719893 0.042244
v -0.022894 0.735620 0.031511
v -0.022218 0.704424 0.030580
v -0.024830 0.719893 0.034176
v -0.037043 0.735620 0.012036
v -0.035949 0.704424 0.011681
v -0.040176 0.719893 0.013054
v -0.037043 0.735620 -0.012036
v -0.035949 0.704424 -0.011681
v -0.040176 0.719893 -0.013054
v -0.022894 0.735620 -0.031511
v -0.022218 0.704424 -0.030580
v -0.024830 0.719893 -0.034176
v 0.000000 0.069864 -0.030191
v 0.017746 0.069864 -0.024425
v 0.028713 0.069864 -0.009329
v 0.028713 0.069864 0.009329
v 0.017746 0.069864 0.024425
v 0.000000 0.069864 0.030191
v -0.017746 0.069864 0.024425
v -0.028713 0.069864 0.009329
v -0.028713 0.069864 -0.009329
v -0.017746 0.069864 -0.024425
v 0.021129 0.086801 -0.029081
v 0.000000 0.086801 -0.035946
v 0.000000 0.069864 -0.035946
v 0.034187 0.086801 -0.011108
v 0.034187 0.086801 0.011108
v 0.021129 0.086801 0.029081
v 0.000000 0.086801 0.035946
v -0.021129 0.086801 0.029081
v -0.034187 0.086801 0.011108
v -0.034187 0.086801 -0.011108
v -0.021129 0.086801 -0.029081
v 0.021129 0.069864 -0.029081
v 0.034187 0.069864 -0.011108
v 0.034187 0.069864 0.011108
v 0.021129 0.069864 0.029081
v 0.000000 0.069864 0.035946
v -0.021129 0.069864 0.029081
v -0.034187 0.069864 0.011108
v -0.034187 0.069864 -0.011108
v -0.021129 0.069864 -0.029081
v -0.057729 0.951122 0.057728
v -0.057729 0.951122 -0.057729
v 0.057729 0.951122 0.057728
v 0.057729 0.951122 -0.057729
v -0.002737 0.785080 0.057729
v -0.057729 0.840071 0.057729
v -0.057729 0.785080 0.002737
v -0.041622 0.801187 0.057729
v -0.048474 0.794335 0.048474
v -0.057729 0.801187 0.041622
v -0.041622 0.785080 0.041622
v -0.057729 0.785080 -0.002737
v -0.057729 0.840071 -0.057729
v -0.002737 0.785080 -0.057729
v -0.057729 0.801187 -0.041622
v -0.048474 0.794335 -0.048474
v -0.041622 0.801187 -0.057729
v -0.041622 0.785080 -0.041622
v 0.057729 0.785080 0.002737
v 0.057729 0.840071 0.057729
v 0.002737 0.785080 0.057729
v 0.057729 0.801187 0.041622
v 0.048474 0.794335 0.048474
v 0.041622 0.801187 0.057729
v 0.041622 0.785080 0.041622
v 0.002737 0.785080 -0.057729
v 0.057729 0.840071 -0.057729
v 0.057729 0.785080 -0.002737
v 0.041622 0.801187 -0.057729
v 0.048474 0.794335 -0.048474
v 0.057729 0.801187 -0.041622
v 0.041622 0.785080 -0.041622
v -0.043248 0.838965 0.046225
v -0.043248 0.948423 0.046225
v -0.043248 0.838965 -2.021022
v -0.043248 0.948422 -2.021022
v 1.046130 0.838965 0.046225
v 1.046130 0.948423 0.046225
v 1.046130 0.838965 -2.021022
v 1.046130 0.948422 -2.021022
v 0.999888 0.003554 -0.030191
v 0.999888 0.086801 -0.030191
v 1.017634 0.003554 -0.024425
v 1.017634 0.086801 -0.024425
v 1.028601 0.003554 -0.009329
v 1.028601 0.086801 -0.009329
v 1.028601 0.003554 0.009329
v 1.028601 0.086801 0.009329
v 1.017634 0.003554 0.024425
v 1.017634 0.086801 0.024425
v 0.999888 0.003554 0.030191
v 0.999888 0.086801 0.030191
v 0.982143 0.003554 0.024425
v 0.982143 0.086801 0.024425
v 0.971175 0.003554 0.009329
v 0.971175 0.086801 0.009329
v 0.971175 0.003554 -0.009329
v 0.971175 0.086801 -0.009329
v 0.982143 0.003554 -0.024425
v 0.982143 0.086801 -0.024425
v 0.999888 0.156726 -0.029666
v 1.017325 0.156726 -0.024000
v 1.028102 0.156726 -0.009167
v 1.028102 0.156726 0.009167
v 1.017325 0.156726 0.024000
v 0.999888 0.156726 0.029666
v 0.982451 0.156726 0.024000
v 0.971674 0.156726 0.009167
v 0.971674 0.156726 -0.009167
v 0.982451 0.156726 -0.024000
v 0.999888 0.206766 -0.027818
v 1.016239 0.206766 -0.022505
v 1.026344 0.206766 -0.008596
v 1.026344 0.206766 0.008596
v 1.016239 0.206766 0.022505
v 0.999888 0.206766 0.027818
v 0.983537 0.206766 0.022505
v 0.973432 0.206766 0.008596
v 0.973432 0.206766 -0.008596
v 0.983537 0.206766 -0.022505
v 0.999888 0.689487 -0.028109
v 1.016410 0.689487 -0.022741
v 1.026621 0.689487 -0.008686
v 1.026621 0.689487 0.008686
v 1.016410 0.689487 0.022740
v 0.999888 0.689487 0.028109
v 0.983366 0.689487 0.022740
v 0.973155 0.689487 0.008686
v 0.973155 0.689487 -0.008686
v 0.983366 0.689487 -0.022741
v 0.999888 0.751922 -0.029967
v 1.017502 0.751922 -0.024244
v 1.028389 0.751922 -0.009260
v 1.028389 0.751922 0.009260
v 1.017502 0.751922 0.024244
v 0.999888 0.751922 0.029967
v 0.982274 0.751922 0.024244
v 0.971387 0.751922 0.009260
v 0.971387 0.751922 -0.009260
v 0.982274 0.751922 -0.024244
v 0.999888 0.784531 -0.044610
v 1.026109 0.784531 -0.036090
v 1.042314 0.784531 -0.013785
v 1.042314 0.784531 0.013785
v 1.026109 0.784531 0.036090
v 0.999888 0.784531 0.044610
v 0.973667 0.784531 0.036090
v 0.957462 0.784531 0.013785
v 0.957462 0.784531 -0.013785
v 0.973667 0.784531 -0.036090
v 0.999888 0.107501 -0.038655
v 0.999888 0.133755 -0.038789
v 0.999888 0.120618 -0.040914
v 1.022688 0.133755 -0.031381
v 1.022609 0.107501 -0.031272
v 1.023936 0.120618 -0.033100
v 1.036779 0.133755 -0.011986
v 1.036651 0.107501 -0.011945
v 1.038799 0.120618 -0.012643
v 1.036779 0.133755 0.011986
v 1.036651 0.107501 0.011945
v 1.038799 0.120618 0.012643
v 1.022688 0.133755 0.031381
v 1.022609 0.107501 0.031272
v 1.023936 0.120618 0.033100
v 0.999888 0.133755 0.038789
v 0.999888 0.107501 0.038655
v 0.999888 0.120618 0.040914
v 0.977088 0.133755 0.031381
v 0.977167 0.107501 0.031272
v 0.975840 0.120618 0.033100
v 0.962997 0.133755 0.011986
v 0.963125 0.107501 0.011945
v 0.960977 0.120618 0.012643
v 0.962997 0.133755 -0.011986
v 0.963125 0.107501 -0.011945
v 0.960977 0.120618 -0.012643
v 0.977088 0.133755 -0.031381
v 0.977167 0.107501 -0.031272
v 0.975840 0.120618 -0.033100
v 0.999888 0.165299 -0.033699
v 0.999888 0.195120 -0.033492
v 0.999888 0.180229 -0.036552
v 1.019574 0.195120 -0.027095
v 1.019696 0.165299 -0.027263
v 1.021373 0.180229 -0.029571
v 1.031741 0.195120 -0.010349
v 1.031938 0.165299 -0.010414
v 1.034652 0.180229 -0.011295
v 1.031741 0.195120 0.010349
v 1.031938 0.165299 0.010414
v 1.034652 0.180229 0.011295
v 1.019574 0.195120 0.027095
v 1.019696 0.165299 0.027263
v 1.021373 0.180229 0.029571
v 0.999888 0.195120 0.033492
v 0.999888 0.165299 0.033699
v 0.999888 0.180229 0.036552
v 0.980202 0.195120 0.027095
v 0.980080 0.165299 0.027263
v 0.978403 0.180229 0.029571
v 0.968036 0.195120 0.010349
v 0.967838 0.165299 0.010414
v 0.965124 0.180229 0.011295
v 0.968036 0.195120 -0.010349
v 0.967838 0.165299 -0.010414
v 0.965124 0.180229 -0.011295
v 0.980202 0.195120 -0.027095
v 0.980080 0.165299 -0.027263
v 0.978403 0.180229 -0.029571
v 0.999888 0.622233 -0.044999
v 0.999888 0.660203 -0.038969
v 1.022794 0.660203 -0.031527
v 1.026338 0.622233 -0.036405
v 1.036950 0.660203 -0.012042
v 1.042684 0.622233 -0.013906
v 1.036950 0.660203 0.012042
v 1.042684 0.622233 0.013905
v 1.022794 0.660203 0.031527
v 1.026338 0.622233 0.036405
v 0.999888 0.660203 0.038969
v 0.999888 0.622233 0.044999
v 0.976982 0.660203 0.031527
v 0.973438 0.622233 0.036405
v 0.962826 0.660203 0.012042
v 0.957092 0.622233 0.013905
v 0.962826 0.660203 -0.012042
v 0.957092 0.622233 -0.013906
v 0.976982 0.660203 -0.031527
v 0.973438 0.622233 -0.036405
v 0.999888 0.704424 -0.037799
v 0.999888 0.735620 -0.038950
v 0.999888 0.719893 -0.042244
v 1.022782 0.735620 -0.031511
v 1.022106 0.704424 -0.030580
v 1.024719 0.719893 -0.034176
v 1.036931 0.735620 -0.012036
v 1.035837 0.704424 -0.011681
v 1.040064 0.719893 -0.013054
v 1.036931 0.735620 0.012036
v 1.035837 0.704424 0.011681
v 1.040064 0.719893 0.013054
v 1.022782 0.735620 0.031511
v 1.022106 0.704424 0.030580
v 1.024719 0.719893 0.034176
v 0.999888 0.735620 0.038950
v 0.999888 0.704424 0.037799
v 0.999888 0.719893 0.042244
v 0.976994 0.735620 0.031511
v 0.977670 0.704424 0.030580
v 0.975058 0.719893 0.034176
v 0.962845 0.735620 0.012036
v 0.963939 0.704424 0.011681
v 0.959712 0.719893 0.013054
v 0.962845 0.735620 -0.012036
v 0.963939 0.704424 -0.011681
v 0.959712 0.719893 -0.013054
v 0.976994 0.735620 -0.031511
v 0.977670 0.704424 -0.030580
v 0.975058 0.719893 -0.034176
v 0.999888 0.069864 -0.030191
v 1.017634 0.069864 -0.024425
v 1.028601 0.069864 -0.009329
v 1.028601 0.069864 0.009329
v 1.017634 0.069864 0.024425
v 0.999888 0.069864 0.030191
v 0.982143 0.069864 0.024425
v 0.971175 0.069864 0.009329
v 0.971175 0.069864 -0.009329
v 0.982143 0.069864 -0.024425
v 1.021017 0.086801 -0.029081
v 0.999888 0.086801 -0.035946
v 0.999888 0.069864 -0.035946
v 1.034075 0.086801 -0.011108
v 1.034075 0.086801 0.011108
v 1.021017 0.086801 0.029081
v 0.999888 0.086801 0.035946
v 0.978759 0.086801 0.029081
v 0.965701 0.086801 0.011108
v 0.965701 0.086801 -0.011108
v 0.978759 0.086801 -0.029081
v 1.021017 0.069864 -0.029081
v 1.034075 0.069864 -0.011108
v 1.034075 0.069864 0.011108
v 1.021017 0.069864 0.029081
v 0.999888 0.069864 0.035946
v 0.978759 0.069864 0.029081
v 0.965701 0.069864 0.011108
v 0.965701 0.069864 -0.011108
v 0.978759 0.069864 -0.029081
v 0.942159 0.951122 0.057728
v 0.942159 0.951122 -0.057729
v 1.057617 0.951122 0.057728
v 1.057617 0.951122 -0.057729
v 0.997151 0.785080 0.057729
v 0.942159 0.840071 0.057729
v 0.942159 0.785080 0.002737
v 0.958266 0.801187 0.057729
v 0.951414 0.794335 0.048474
v 0.942159 0.801187 0.041622
v 0.958266 0.785080 0.041622
v 0.942159 0.785080 -0.002737
v 0.942159 0.840071 -0.057729
v 0.997151 0.785080 -0.057729
v 0.942159 0.801187 -0.041622
v 0.951414 0.794335 -0.048474
v 0.958266 0.801187 -0.057729
v 0.958266 0.785080 -0.041622
v 1.057617 0.785080 0.002737
v 1.057617 0.840071 0.057729
v 1.002625 0.785080 0.057729
v 1.057617 0.801187 0.041622
v 1.048362 0.794335 0.048474
v 1.041510 0.801187 0.057729
v 1.041510 0.785080 0.041622
v 1.002625 0.785080 -0.057729
v 1.057617 0.840071 -0.057729
v 1.057617 0.785080 -0.002737
v 1.041510 0.801187 -0.057729
v 1.048362 0.794335 -0.048474
v 1.057617 0.801187 -0.041622
v 1.041510 0.785080 -0.041622
v -0.057729 0.951121 -1.959776
v -0.057729 0.951121 -2.075233
v 0.057729 0.951121 -1.959776
v 0.057729 0.951121 -2.075233
v -0.002737 0.785080 -1.959776
v -0.057729 0.840071 -1.959776
v -0.057729 0.785080 -2.014767
v -0.041622 0.801186 -1.959776
v -0.048474 0.794335 -1.969031
v -0.057729 0.801186 -1.975883
v -0.041622 0.785080 -1.975883
v -0.057729 0.785080 -2.020241
v -0.057729 0.840071 -2.075233
v -0.002737 0.785080 -2.075233
v -0.057729 0.801186 -2.059127
v -0.048474 0.794334 -2.065978
v -0.041622 0.801186 -2.075233
v -0.041622 0.785080 -2.059127
v 0.057729 0.785080 -2.014767
v 0.057729 0.840071 -1.959776
v 0.002737 0.785080 -1.959776
v 0.057729 0.801186 -1.975883
v 0.048474 0.794335 -1.969031
v 0.041622 0.801186 -1.959776
v 0.041622 0.785080 -1.975883
v 0.002737 0.785080 -2.075233
v 0.057729 0.840071 -2.075233
v 0.057729 0.785080 -2.020241
v 0.041622 0.801186 -2.075233
v 0.048474 0.794334 -2.065978
v 0.057729 0.801186 -2.059127
v 0.041622 0.785080 -2.059127
v 0.999888 0.003554 -2.047695
v 0.999888 0.086801 -2.047695
v 1.017634 0.003554 -2.041929
v 1.017634 0.086801 -2.041929
v 1.028601 0.003554 -2.026834
v 1.028601 0.086801 -2.026834
v 1.028601 0.003554 -2.008175
v 1.028601 0.086801 -2.008175
v 1.017634 0.003554 -1.993080
v 1.017634 0.086801 -1.993080
v 0.999888 0.003554 -1.987314
v 0.999888 0.086801 -1.987314
v 0.982143 0.003554 -1.993080
v 0.982143 0.086801 -1.993080
v 0.971175 0.003554 -2.008175
v 0.971175 0.086801 -2.008175
v 0.971175 0.003554 -2.026834
v 0.971175 0.086801 -2.026834
v 0.982143 0.003554 -2.041929
v 0.982143 0.086801 -2.041929
v 0.999888 0.156726 -2.047170
v 1.017325 0.156726 -2.041505
v 1.028102 0.156726 -2.026672
v 1.028102 0.156726 -2.008337
v 1.017325 0.156726 -1.993504
v 0.999888 0.156726 -1.987839
v 0.982451 0.156726 -1.993504
v 0.971674 0.156726 -2.008337
v 0.971674 0.156726 -2.026672
v 0.982451 0.156726 -2.041505
v 0.999888 0.206766 -2.045322
v 1.016239 0.206766 -2.040010
v 1.026344 0.206766 -2.026100
v 1.026344 0.206766 -2.008908
v 1.016239 0.206766 -1.995000
v 0.999888 0.206766 -1.989687
v 0.983537 0.206766 -1.995000
v 0.973432 0.206766 -2.008908
v 0.973432 0.206766 -2.026100
v 0.983537 0.206766 -2.040010
v 0.999888 0.689487 -2.045613
v 1.016410 0.689487 -2.040245
v 1.026621 0.689487 -2.026191
v 1.026621 0.689487 -2.008819
v 1.016410 0.689487 -1.994764
v 0.999888 0.689487 -1.989396
v 0.983366 0.689487 -1.994764
v 0.973155 0.689487 -2.008819
v 0.973155 0.689487 -2.026191
v 0.983366 0.689487 -2.040245
v 0.999888 0.751922 -2.047472
v 1.017502 0.751922 -2.041749
v 1.028389 0.751922 -2.026765
v 1.028389 0.751922 -2.008244
v 1.017502 0.751922 -1.993261
v 0.999888 0.751922 -1.987538
v 0.982274 0.751922 -1.993261
v 0.971387 0.751922 -2.008244
v 0.971387 0.751922 -2.026765
v 0.982274 0.751922 -2.041749
v 0.999888 0.784531 -2.062114
v 1.026109 0.784531 -2.053595
v 1.042314 0.784531 -2.031289
v 1.042314 0.784531 -2.003720
v 1.026109 0.784531 -1.981415
v 0.999888 0.784531 -1.972895
v 0.973667 0.784531 -1.981415
v 0.957462 0.784531 -2.003720
v 0.957462 0.784531 -2.031289
v 0.973667 0.784531 -2.053595
v 0.999888 0.107501 -2.056159
v 0.999888 0.133755 -2.056294
v 0.999888 0.120618 -2.058418
v 1.022688 0.133755 -2.048886
v 1.022609 0.107501 -2.048777
v 1.023936 0.120618 -2.050604
v 1.036779 0.133755 -2.029491
v 1.036651 0.107501 -2.029450
v 1.038799 0.120618 -2.030148
v 1.036779 0.133755 -2.005518
v 1.036651 0.107501 -2.005559
v 1.038799 0.120618 -2.004862
v 1.022688 0.133755 -1.986123
v 1.022609 0.107501 -1.986232
v 1.023936 0.120618 -1.984405
v 0.999888 0.133755 -1.978715
v 0.999888 0.107501 -1.978850
v 0.999888 0.120618 -1.976591
v 0.977088 0.133755 -1.986123
v 0.977167 0.107501 -1.986232
v 0.975840 0.120618 -1.984405
v 0.962997 0.133755 -2.005518
v 0.963125 0.107501 -2.005559
v 0.960977 0.120618 -2.004862
v 0.962997 0.133755 -2.029491
v 0.963125 0.107501 -2.029450
v 0.960977 0.120618 -2.030148
v 0.977088 0.133755 -2.048886
v 0.977167 0.107501 -2.048777
v 0.975840 0.120618 -2.050604
v 0.999888 0.165299 -2.051203
v 0.999888 0.195120 -2.050996
v 0.999888 0.180228 -2.054057
v 1.019574 0.195120 -2.044600
v 1.019696 0.165299 -2.044768
v 1.021373 0.180228 -2.047076
v 1.031741 0.195120 -2.027854
v 1.031938 0.165299 -2.027918
v 1.034652 0.180228 -2.028800
v 1.031741 0.195120 -2.007155
v 1.031938 0.165299 -2.007091
v 1.034652 0.180228 -2.006209
v 1.019574 0.195120 -1.990409
v 1.019696 0.165299 -1.990242
v 1.021373 0.180228 -1.987933
v 0.999888 0.195120 -1.984013
v 0.999888 0.165299 -1.983805
v 0.999888 0.180228 -1.980952
v 0.980202 0.195120 -1.990409
v 0.980080 0.165299 -1.990242
v 0.978403 0.180228 -1.987933
v 0.968036 0.195120 -2.007155
v 0.967838 0.165299 -2.007091
v 0.965124 0.180228 -2.006209
v 0.968036 0.195120 -2.027854
v 0.967838 0.165299 -2.027918
v 0.965124 0.180228 -2.028800
v 0.980202 0.195120 -2.044600
v 0.980080 0.165299 -2.044768
v 0.978403 0.180228 -2.047076
v 0.999888 0.622233 -2.062503
v 0.999888 0.660203 -2.056474
v 1.022794 0.660203 -2.049031
v 1.026338 0.622233 -2.053909
v 1.036950 0.660203 -2.029546
v 1.042684 0.622233 -2.031410
v 1.036950 0.660203 -2.005462
v 1.042684 0.622233 -2.003599
v 1.022794 0.660203 -1.985978
v 1.026338 0.622233 -1.981100
v 0.999888 0.660203 -1.978535
v 0.999888 0.622233 -1.972506
v 0.976982 0.660203 -1.985978
v 0.973438 0.622233 -1.981100
v 0.962826 0.660203 -2.005462
v 0.957092 0.622233 -2.003599
v 0.962826 0.660203 -2.029546
v 0.957092 0.622233 -2.031410
v 0.976982 0.660203 -2.049031
v 0.973438 0.622233 -2.053909
v 0.999888 0.704424 -2.055304
v 0.999888 0.735620 -2.056454
v 0.999888 0.719893 -2.059748
v 1.022782 0.735620 -2.049016
v 1.022106 0.704424 -2.048084
v 1.024719 0.719893 -2.051681
v 1.036931 0.735620 -2.029541
v 1.035837 0.704424 -2.029185
v 1.040064 0.719893 -2.030559
v 1.036931 0.735620 -2.005468
v 1.035837 0.704424 -2.005824
v 1.040064 0.719893 -2.004450
v 1.022782 0.735620 -1.985994
v 1.022106 0.704424 -1.986924
v 1.024719 0.719893 -1.983329
v 0.999888 0.735620 -1.978555
v 0.999888 0.704424 -1.979705
v 0.999888 0.719893 -1.975261
v 0.976994 0.735620 -1.985994
v 0.977670 0.704424 -1.986924
v 0.975058 0.719893 -1.983329
v 0.962845 0.735620 -2.005468
v 0.963939 0.704424 -2.005824
v 0.959712 0.719893 -2.004450
v 0.962845 0.735620 -2.029541
v 0.963939 0.704424 -2.029185
v 0.959712 0.719893 -2.030559
v 0.976994 0.735620 -2.049016
v 0.977670 0.704424 -2.048084
v 0.975058 0.719893 -2.051681
v 0.999888 0.069864 -2.047695
v 1.017634 0.069864 -2.041929
v 1.028601 0.069864 -2.026834
v 1.028601 0.069864 -2.008175
v 1.017634 0.069864 -1.993080
v 0.999888 0.069864 -1.987314
v 0.982143 0.069864 -1.993080
v 0.971175 0.069864 -2.008175
v 0.971175 0.069864 -2.026834
v 0.982143 0.069864 -2.041929
v 1.021017 0.086801 -2.046586
v 0.999888 0.086801 -2.053451
v 0.999888 0.069864 -2.053451
v 1.034075 0.086801 -2.028612
v 1.034075 0.086801 -2.006396
v 1.021017 0.086801 -1.988423
v 0.999888 0.086801 -1.981558
v 0.978759 0.086801 -1.988423
v 0.965701 0.086801 -2.006396
v 0.965701 0.086801 -2.028612
v 0.978759 0.086801 -2.046586
v 1.021017 0.069864 -2.046586
v 1.034075 0.069864 -2.028612
v 1.034075 0.069864 -2.006396
v 1.021017 0.069864 -1.988423
v 0.999888 0.069864 -1.981558
v 0.978759 0.069864 -1.988423
v 0.965701 0.069864 -2.006396
v 0.965701 0.069864 -2.028612
v 0.978759 0.069864 -2.046586
v 0.942159 0.951121 -1.959776
v 0.942159 0.951121 -2.075233
v 1.057617 0.951121 -1.959776
v 1.057617 0.951121 -2.075233
v 0.997151 0.785080 -1.959776
v 0.942159 0.840071 -1.959776
v 0.942159 0.785080 -2.014767
v 0.958266 0.801186 -1.959776
v 0.951414 0.794335 -1.969031
v 0.942159 0.801186 -1.975883
v 0.958266 0.785080 -1.975883
v 0.942159 0.785080 -2.020241
v 0.942159 0.840071 -2.075233
v 0.997151 0.785080 -2.075233
v 0.942159 0.801186 -2.059127
v 0.951414 0.794334 -2.065978
v 0.958266 0.801186 -2.075233
v 0.958266 0.785080 -2.059127
v 1.057617 0.785080 -2.014767
v 1.057617 0.840071 -1.959776
v 1.002625 0.785080 -1.959776
v 1.057617 0.801186 -1.975883
v 1.048362 0.794335 -1.969031
v 1.041510 0.801186 -1.959776
v 1.041510 0.785080 -1.975883
v 1.002625 0.785080 -2.075233
v 1.057617 0.840071 -2.075233
v 1.057617 0.785080 -2.020241
v 1.041510 0.801186 -2.075233
v 1.048362 0.794334 -2.065978
v 1.057617 0.801186 -2.059127
v 1.041510 0.785080 -2.059127
v -0.071872 0.946691 0.073015
v -0.071872 0.992691 0.073015
v -0.071872 0.946691 -2.091207
v -0.071872 0.992690 -2.091207
v 1.074899 0.946691 0.073015
v 1.074899 0.992691 0.073015
v 1.074899 0.946691 -2.091207
v 1.074899 0.992690 -2.091207
v -0.120970 0.003939 0.192966
v 1.126956 0.007362 0.213247
v -0.139823 0.068014 -2.246781
v 1.193747 0.073639 -2.233864
v -0.104851 0.265978 -0.966717
v 0.503482 0.365451 0.091254
v 1.111567 0.267587 -0.966163
v 0.498424 0.464045 -2.128254
v 0.501282 1.000942 -0.966811
v -0.032847 0.277241 -0.130792
v 0.915498 0.375181 0.144567
v 1.042865 0.275030 -1.796540
v 0.089404 0.484266 -2.179109
v -0.034100 0.274216 -1.800642
v 0.117881 0.388795 0.177264
v 1.012097 0.283512 -0.134204
v 0.936275 0.477604 -2.204135
v 0.501666 1.000949 -1.814441
v 0.500859 1.000991 -0.120066
v -0.104372 0.924893 -0.966514
v 1.110878 0.926270 -0.966872
v 1.103455 0.933582 -0.118629
v -0.099817 0.928722 -0.117404
v -0.108144 0.927859 -1.814618
v 1.112994 0.928977 -1.815380
v -0.371393 0.266060 0.028310
v 0.990417 0.270272 0.319809
v 1.230631 0.269908 -1.973232
v 0.010558 0.352354 -2.308197
v -0.105512 0.266312 -1.391051
v 0.179352 0.365921 0.047376
v 1.106354 0.268478 -0.541870
v 0.823646 0.463574 -2.095613
v 0.501603 0.888103 -2.131932
v 0.501015 1.000942 -0.543156
v -0.104837 0.595476 -0.966556
v 0.832998 1.000945 -0.966869
v -0.100855 0.266043 -0.542379
v 0.821267 0.371672 0.075901
v 1.112149 0.267338 -1.390058
v 0.176585 0.473760 -2.104765
v -0.284550 0.275874 -2.001647
v 0.037773 0.267202 0.269683
v 1.360014 0.261153 0.024297
v 1.031077 0.349352 -2.287213
v 0.501546 1.000943 -1.390622
v 0.500969 0.789818 0.096205
v 0.169615 1.000943 -0.966715
v 1.111469 0.597001 -0.966492
v 1.112900 0.927268 -0.542973
v 1.037862 0.776423 0.163304
v 0.832679 1.001009 -0.119542
v 1.032890 0.612345 -0.138748
v -0.104649 0.925072 -0.542320
v -0.030587 0.779609 0.170573
v -0.034595 0.606552 -0.134055
v 0.168824 1.005979 -0.118646
v -0.079248 0.861526 -2.172203
v -0.106269 0.925470 -1.390472
v -0.063951 0.602376 -1.798557
v 0.169779 1.000944 -1.814187
v 1.097658 0.860400 -2.164140
v 1.110747 0.926281 -1.390943
v 0.833501 1.001094 -1.815279
v 1.090812 0.600985 -1.800345
v 1.112119 0.596960 -1.391117
v 0.833092 1.000945 -1.390721
v 0.831473 0.886238 -2.123076
v 0.169835 1.000946 -1.390455
v -0.106059 0.595999 -1.391023
v -0.226674 0.573949 -2.122288
v 0.171764 0.788717 0.085893
v -0.215014 0.528690 0.145529
v -0.104338 0.595624 -0.542101
v 1.219821 0.530333 0.146315
v 0.830363 0.794330 0.096357
v 0.832806 1.000945 -0.543329
v 1.111463 0.597977 -0.541927
v 0.169443 1.000944 -0.542744
v 0.171779 0.890738 -2.138975
v 1.228907 0.575576 -2.087232
v -0.281214 0.134295 0.152848
v 1.043294 0.146681 0.240074
v 1.319127 0.195833 -2.124288
v -0.062569 0.211173 -2.270388
v -0.105140 0.266135 -1.178942
v 0.339336 0.364742 0.081581
v 1.110930 0.267822 -0.753950
v 0.662918 0.462926 -2.122795
v 0.500019 0.676240 -2.129791
v 0.501140 1.000942 -0.754958
v -0.104925 0.430659 -0.966630
v 0.667139 1.000943 -0.966844
v -0.069613 0.268618 -0.334007
v 0.953115 0.381935 0.002443
v 1.117976 0.267950 -1.601874
v 0.038817 0.483828 -2.042337
v -0.073638 0.281450 -2.001590
v 0.105163 0.374983 0.322012
v 1.200571 0.290443 -0.086215
v 0.974448 0.457854 -2.348860
v 0.501647 1.000944 -1.602583
v 0.500404 0.998371 0.083172
v 0.003852 1.001647 -0.966633
v 1.111284 0.761862 -0.966664
v 1.111944 0.926682 -0.754889
v 1.108366 0.920441 0.073458
v 0.666813 1.000973 -0.119973
v 1.064811 0.774433 -0.132498
v -0.104704 0.924939 -0.754450
v -0.112212 0.921508 0.073303
v -0.026368 0.441687 -0.131608
v 0.003782 1.013568 -0.118098
v 0.027980 0.685887 -2.203574
v -0.107791 0.926201 -1.602457
v -0.043591 0.438619 -1.795615
v 0.004336 1.001793 -1.814155
v 1.000550 0.678727 -2.209689
v 1.111899 0.926861 -1.603043
v 0.667634 1.000981 -1.814805
v 1.104961 0.765239 -1.808447
v -0.233679 0.298894 -0.107274
v 0.891616 0.369572 0.296979
v 1.031274 0.282755 -1.996297
v 0.084002 0.467140 -2.329105
v -0.105329 0.267100 -1.602842
v 0.023832 0.367150 0.062220
v 1.071912 0.272363 -0.334233
v 0.978794 0.467593 -2.065148
v 0.500965 1.035849 -2.020480
v 0.501003 1.000943 -0.331563
v -0.105240 0.760412 -0.966518
v 0.998818 1.001133 -0.966874
v -0.104340 0.265897 -0.754498
v 0.666415 0.366582 0.102223
v 1.111851 0.267388 -1.178195
v 0.333959 0.468364 -2.133046
v -0.292281 0.185638 -2.169346
v -0.031925 0.141870 0.205349
v 1.283156 0.136283 0.158065
v 1.115697 0.213667 -2.269540
v 0.501416 1.000943 -1.178690
v 0.502205 0.577639 0.093701
v 0.335436 1.000942 -0.966770
v 1.111362 0.432244 -0.966329
v 1.115049 0.928775 -0.330784
v 0.952172 0.583368 0.163274
v 0.998316 1.003998 -0.119266
v 1.014956 0.448184 -0.137877
v -0.105941 0.925847 -0.329985
v 0.068578 0.594863 0.186192
v -0.058669 0.769990 -0.130648
v 0.334834 1.001065 -0.119629
v -0.113492 0.940099 -2.013311
v -0.105811 0.925231 -1.178497
v -0.089921 0.764948 -1.811335
v 0.335669 1.000947 -1.814206
v 1.098654 0.939838 -2.011721
v 1.110622 0.926154 -1.178856
v 0.998743 1.002841 -1.815146
v 1.067752 0.437749 -1.796946
v 1.116663 0.597498 -1.600586
v 1.111523 0.596872 -1.178798
v 1.111508 0.761897 -1.391171
v 1.112109 0.432079 -1.390190
v 0.833135 1.000948 -1.602828
v 0.833070 1.000944 -1.178765
v 0.667335 1.000945 -1.390678
v 0.998814 1.000977 -1.390810
v 0.828622 0.674374 -2.117367
v 0.834031 1.038707 -2.021607
v 0.666589 0.887098 -2.126809
v 0.996551 0.885440 -2.117015
v 0.169938 1.000946 -1.602256
v 0.169706 1.000942 -1.178620
v 0.003987 1.002817 -1.390447
v 0.335712 1.000942 -1.390532
v -0.108779 0.596600 -1.602611
v -0.105305 0.595654 -1.178784
v -0.105673 0.431069 -1.391047
v -0.106560 0.760977 -1.390817
v -0.137353 0.466964 -2.237899
v -0.087995 0.610793 -1.993628
v -0.273125 0.428603 -2.060973
v -0.161411 0.721231 -2.157212
v 0.169139 0.998215 0.081903
v 0.176898 0.576923 0.069904
v 0.020194 0.790191 0.066042
v 0.336073 0.789102 0.092659
v -0.196420 0.612848 -0.014081
v -0.094703 0.402728 0.189680
v -0.301298 0.395937 0.100966
v -0.128232 0.667787 0.163064
v -0.104567 0.595461 -0.754318
v -0.099051 0.596480 -0.332525
v -0.103738 0.430694 -0.542534
v -0.104927 0.760661 -0.542050
v 1.185970 0.610676 -0.011051
v 1.104806 0.407030 0.216029
v 1.135174 0.669773 0.169401
v 1.301561 0.396122 0.097771
v 0.832082 0.998610 0.086131
v 0.823325 0.582019 0.101783
v 0.665912 0.790476 0.097957
v 0.972885 0.800946 0.067609
v 0.832910 1.000945 -0.755040
v 0.832710 1.000947 -0.331626
v 0.666918 1.000943 -0.543302
v 0.998648 1.001215 -0.543179
v 1.111708 0.597339 -0.754198
v 1.105923 0.599700 -0.332996
v 1.112417 0.762970 -0.542217
v 1.110318 0.433068 -0.542314
v 0.169526 1.000944 -0.754761
v 0.169354 1.000941 -0.330540
v 0.003827 1.002243 -0.542524
v 0.335163 1.000944 -0.542955
v 0.174102 0.683460 -2.133047
v 0.168695 1.026788 -2.021872
v 0.018869 0.900117 -2.119177
v 0.336598 0.889130 -2.137237
v 1.177809 0.471593 -2.229202
v 1.057881 0.611572 -1.996841
v 1.182414 0.724241 -2.140579
v 1.246249 0.426239 -2.021561
v 1.042310 0.447163 -1.998408
v 1.077432 0.776173 -1.998844
v 1.093740 0.607890 -2.259619
v 0.334933 1.031827 -2.020751
v 0.002350 1.018022 -2.024272
v 0.028886 0.694567 -2.066383
v 0.335090 1.000944 -0.331094
v 0.003913 1.000956 -0.330344
v 0.003831 1.001239 -0.754622
v 1.094275 0.435369 -0.332693
v 1.109635 0.764702 -0.330171
v 1.111906 0.762233 -0.754477
v 0.998347 1.000996 -0.331491
v 0.666930 1.000944 -0.331681
v 0.667017 1.000943 -0.755025
v 0.957210 0.592686 0.028273
v 0.667049 0.578888 0.096821
v 0.666083 0.998360 0.084717
v 1.188790 0.267655 0.189145
v 1.024018 0.529939 0.263806
v 1.158391 0.766668 0.036400
v -0.102667 0.761536 -0.329958
v -0.088592 0.432003 -0.332324
v -0.104678 0.430611 -0.754415
v -0.025566 0.526285 0.256059
v -0.184592 0.264576 0.179534
v -0.218599 0.457912 -0.067071
v 0.337680 0.576844 0.088559
v 0.014812 0.578935 0.048029
v 0.003005 0.997914 0.083118
v -0.102198 0.775719 -1.997527
v -0.079590 0.445880 -1.997419
v -0.214815 0.323540 -2.215399
v -0.105624 0.760615 -1.178656
v -0.105221 0.430827 -1.178863
v -0.109947 0.431714 -1.601104
v 0.335570 1.000941 -1.178655
v 0.003898 1.002432 -1.178575
v 0.004147 1.001929 -1.602218
v 1.001945 1.038473 -2.024275
v 0.667141 1.038587 -2.020838
v 0.664723 0.675110 -2.125643
v 0.998844 1.001826 -1.178816
v 0.667245 1.000943 -1.178725
v 0.667462 1.000945 -1.602733
v 1.111607 0.432096 -1.178605
v 1.110901 0.761740 -1.178892
v 1.112862 0.762516 -1.603525
v 1.119620 0.432623 -1.599874
v 0.998707 1.000972 -1.602828
v 0.981784 0.680029 -2.066602
v 0.335774 1.000944 -1.602422
v -0.107198 0.761739 -1.603004
v -0.056924 0.607656 -2.261458
v 0.334830 0.998306 0.082113
v -0.163125 0.767591 0.036012
v -0.105021 0.760430 -0.754313
v 1.197251 0.452340 -0.056223
v 0.998588 1.007963 0.089296
v 0.998738 1.001651 -0.755000
v 1.111283 0.432534 -0.754080
v 0.335308 1.000943 -0.754869
v 0.335238 0.677493 -2.132750
v 1.254660 0.331238 -2.191576
v -0.201770 0.069228 0.177315
v 1.083805 0.075978 0.227599
v 1.266466 0.135759 -2.191767
v -0.101252 0.139329 -2.260860
v -0.104993 0.266046 -1.072834
v 0.421293 0.365040 0.087734
v 1.111386 0.267699 -0.860050
v 0.580714 0.463462 -2.125945
v 0.499216 0.570141 -2.128923
v 0.501212 1.000943 -0.860874
v -0.104821 0.348303 -0.966672
v 0.584209 1.000943 -0.966819
v -0.022311 0.274257 -0.238882
v 0.973823 0.371399 0.085545
v 1.094317 0.269372 -1.704377
v 0.025992 0.473603 -2.127095
v -0.019630 0.278394 -1.907318
v 0.141742 0.391167 0.253200
v 1.096291 0.286796 -0.064822
v 0.930871 0.474547 -2.283996
v 0.501667 1.000945 -1.708425
v 0.501015 1.023649 -0.017172
v -0.077287 1.000408 -0.966581
v 1.111529 0.844358 -0.966741
v 1.111458 0.926480 -0.860887
v 1.111478 0.943508 -0.028257
v 0.583841 1.000976 -0.120065
v 1.086559 0.853783 -0.124629
v -0.104541 0.924899 -0.860538
v -0.105504 0.939715 -0.029295
v -0.027359 0.359343 -0.133063
v -0.076303 1.004113 -0.118395
v 0.061468 0.586244 -2.189942
v -0.107832 0.926759 -1.708525
v -0.038485 0.356375 -1.798055
v -0.076557 1.001298 -1.813999
v 0.959845 0.580899 -2.210657
v 1.113192 0.927628 -1.709210
v 0.584656 1.000964 -1.814490
v 1.108879 0.847454 -1.815388
v -0.326195 0.296508 -0.060012
v 0.946126 0.330937 0.339861
v 1.134622 0.273171 -2.016267
v 0.030873 0.410708 -2.347808
v -0.106542 0.266552 -1.497123
v 0.099810 0.368115 0.022714
v 1.097417 0.269559 -0.436460
v 0.894368 0.468554 -2.053295
v 0.501739 0.990724 -2.113427
v 0.500993 1.000943 -0.437324
v -0.105068 0.677931 -0.966530
v 0.915924 1.000974 -0.966876
v -0.103368 0.265896 -0.648406
v 0.747796 0.367969 0.109003
v 1.112023 0.267329 -1.284050
v 0.252115 0.469473 -2.133740
v -0.327454 0.242118 -2.089028
v 0.012406 0.210621 0.218868
v 1.341814 0.205428 0.109994
v 1.076219 0.285565 -2.273810
v 0.501482 1.000943 -1.284624
v 0.501559 0.683742 0.094916
v 0.252521 1.000942 -0.966737
v 1.111313 0.514613 -0.966410
v 1.114258 0.927942 -0.436906
v 0.988291 0.683002 0.167194
v 0.915581 1.001123 -0.119284
v 1.023479 0.530266 -0.138892
v -0.105810 0.925418 -0.436192
v 0.024938 0.691233 0.189140
v -0.044462 0.688644 -0.133858
v 0.251791 1.002281 -0.119340
v -0.104834 0.916621 -2.114061
v -0.106102 0.925338 -1.284497
v -0.076382 0.683846 -1.804096
v 0.252691 1.000943 -1.814031
v 1.122245 0.922759 -2.107353
v 1.110748 0.926194 -1.284905
v 0.916218 1.001806 -1.815414
v 1.079368 0.519336 -1.799012
v 1.112462 0.598201 -1.704212
v 1.111783 0.596887 -1.284954
v 1.111559 0.844384 -1.391075
v 1.112280 0.514512 -1.390999
v 0.833240 1.000950 -1.708957
v 0.833088 1.000946 -1.284727
v 0.584447 1.000943 -1.390626
v 0.915971 1.000975 -1.390757
v 0.826065 0.568525 -2.110494
v 0.832506 0.990077 -2.111963
v 0.584082 0.887582 -2.128937
v 0.913657 0.885990 -2.120657
v 0.169899 1.000945 -1.708134
v 0.169764 1.000944 -1.284525
v -0.077180 1.000239 -1.390444
v 0.252777 1.000943 -1.390454
v -0.102536 0.597451 -1.704535
v -0.105612 0.595803 -1.284902
v -0.105574 0.348662 -1.390911
v -0.106382 0.678484 -1.390946
v -0.062513 0.411526 -2.267025
v -0.180573 0.603440 -2.045426
v -0.283954 0.353163 -2.030163
v -0.194062 0.646573 -2.143622
v 0.168430 1.027485 -0.017232
v 0.173513 0.682820 0.077906
v -0.022127 0.794307 0.117593
v 0.253731 0.788776 0.090535
v -0.101592 0.611416 -0.059304
v -0.160131 0.465840 0.178199
v -0.339373 0.331872 0.066339
v -0.171333 0.597770 0.156773
v -0.104649 0.595447 -0.860439
v -0.103628 0.595840 -0.436581
v -0.102697 0.348339 -0.542442
v -0.104421 0.678146 -0.542046
v 1.091638 0.615939 -0.058634
v 1.163199 0.468803 0.188163
v 1.087303 0.735807 0.175750
v 1.261891 0.462878 0.124838
v 0.832836 1.017184 -0.015706
v 0.826336 0.688185 0.101118
v 0.583433 0.790237 0.097581
v 0.902335 0.797796 0.083006
v 0.832955 1.000945 -0.860940
v 0.832747 1.000945 -0.437491
v 0.583968 1.000943 -0.543237
v 0.915750 1.000968 -0.543264
v 1.111603 0.597141 -0.860344
v 1.110778 0.598560 -0.436527
v 1.112965 0.845453 -0.542518
v 1.111012 0.515489 -0.542129
v 0.169570 1.000943 -0.860739
v 0.169411 1.000947 -0.436661
v -0.077255 1.000402 -0.542386
v 0.252281 1.000964 -0.542849
v 0.174044 0.577779 -2.124864
v 0.170788 0.991565 -2.118863
v -0.061844 0.888296 -2.134904
v 0.254090 0.889689 -2.138633
v 1.110611 0.415110 -2.262667
v 1.154674 0.600989 -2.042402
v 1.148540 0.798184 -2.154129
v 1.243438 0.501325 -2.054784
v -0.344415 0.205435 0.108405
v 1.002978 0.215395 0.263292
v 1.310819 0.244347 -2.032802
v -0.023380 0.283393 -2.277143
v -0.105316 0.266211 -1.284981
v 0.258154 0.364785 0.070053
v 1.109622 0.268009 -0.647865
v 0.744702 0.462552 -2.116262
v 0.500816 0.782336 -2.130817
v 0.501070 1.000942 -0.649040
v -0.104773 0.513048 -0.966591
v 0.750071 1.000944 -0.966852
v -0.093371 0.266583 -0.436803
v 0.867568 0.382162 0.008427
v 1.114558 0.267475 -1.496192
v 0.124461 0.486670 -2.042235
v -0.180779 0.277210 -2.012583
v 0.046352 0.322353 0.328401
v 1.300531 0.285917 -0.056961
v 1.033573 0.404591 -2.348271
v 0.501604 1.000943 -1.496560
v 0.500443 0.895612 0.099118
v 0.086708 1.000955 -0.966669
v 1.111562 0.679407 -0.966577
v 1.112084 0.926857 -0.648908
v 1.086322 0.864904 0.132371
v 0.749758 1.000991 -0.119819
v 1.048589 0.693503 -0.136922
v -0.104605 0.924988 -0.648367
v -0.079805 0.864554 0.130785
v -0.028663 0.524132 -0.133259
v 0.086043 1.011792 -0.117823
v -0.021994 0.779019 -2.204232
v -0.107210 0.925824 -1.496400
v -0.052567 0.520667 -1.795435
v 0.086955 1.000980 -1.814177
v 1.054244 0.768614 -2.193568
v 1.111067 0.926467 -1.496960
v 0.750596 1.001009 -1.814994
v 1.098868 0.683047 -1.803849
v -0.131261 0.284470 -0.084730
v 0.881143 0.374201 0.217712
v 0.996615 0.284768 -1.892920
v 0.111640 0.484490 -2.256126
v -0.080305 0.268830 -1.705101
v 0.043377 0.375236 0.145559
v 1.019274 0.279255 -0.242256
v 0.996935 0.468667 -2.149189
v 0.501626 1.002915 -1.920572
v 0.501039 1.000946 -0.225833
v -0.105237 0.842910 -0.966514
v 1.080089 1.000292 -0.966859
v -0.104679 0.265931 -0.860602
v 0.585730 0.365860 0.094384
v 1.111710 0.267494 -1.072273
v 0.416187 0.467748 -2.130167
v -0.218487 0.126793 -2.215366
v -0.075860 0.072415 0.199921
v 1.204287 0.072311 0.187321
v 1.154620 0.142912 -2.254975
v 0.501349 1.000943 -1.072733
v 0.502879 0.471546 0.092384
v 0.418357 1.000942 -0.966782
v 1.111531 0.349902 -0.966245
v 1.115299 0.930110 -0.224629
v 0.931131 0.480032 0.151808
v 1.079224 1.003802 -0.119488
v 1.011399 0.365763 -0.137899
v -0.105516 0.926872 -0.223800
v 0.096650 0.492923 0.178921
v -0.077892 0.850159 -0.124742
v 0.417878 1.001016 -0.119803
v -0.100936 0.930308 -1.920933
v -0.105100 0.925065 -1.072469
v -0.100645 0.846606 -1.814715
v 0.418670 1.000947 -1.814147
v 1.105914 0.931998 -1.921360
v 1.110337 0.926107 -1.072843
v 1.079777 1.001576 -1.814762
v 1.054395 0.356491 -1.798154
v 1.112947 0.597100 -1.497306
v 1.111430 0.596911 -1.072643
v 1.111832 0.679420 -1.391181
v 1.112080 0.349682 -1.389994
v 0.833101 1.000945 -1.496733
v 0.833038 1.000944 -1.072806
v 0.750217 1.000945 -1.390682
v 1.080029 1.000328 -1.390854
v 0.830113 0.780392 -2.121691
v 0.833775 1.011235 -1.921191
v 0.749074 0.886607 -2.124453
v 1.058988 0.887284 -2.128776
v 0.169900 1.000946 -1.496312
v 0.169659 1.000942 -1.072665
v 0.086850 1.000961 -1.390415
v 0.418634 1.000942 -1.390544
v -0.106746 0.596233 -1.497157
v -0.105057 0.595545 -1.072671
v -0.105868 0.513524 -1.391062
v -0.106338 0.843505 -1.390640
v -0.195578 0.523020 -2.194818
v -0.048533 0.606504 -1.900142
v -0.252077 0.501329 -2.093177
v -0.122396 0.793273 -2.166399
v 0.170248 0.894524 0.091273
v 0.177232 0.471243 0.059822
v 0.091979 0.789854 0.069710
v 0.418506 0.789467 0.094763
v -0.228603 0.579490 0.071201
v -0.020029 0.341112 0.219646
v -0.258229 0.461260 0.126250
v -0.081026 0.734488 0.170429
v -0.104589 0.595521 -0.648204
v -0.068910 0.599592 -0.232976
v -0.104221 0.513124 -0.542379
v -0.105123 0.843150 -0.542130
v 1.231997 0.579865 0.067507
v 1.035977 0.345356 0.259847
v 1.175869 0.598981 0.158668
v 1.334721 0.329714 0.062489
v 0.830718 0.897744 0.100614
v 0.823378 0.476332 0.092838
v 0.748366 0.791457 0.098059
v 1.042087 0.789270 0.102855
v 0.832863 1.000946 -0.649162
v 0.832714 1.000944 -0.225682
v 0.749865 1.000945 -0.543328
v 1.079933 1.000288 -0.543035
v 1.111671 0.597605 -0.648053
v 1.071527 0.604127 -0.236150
v 1.112022 0.680472 -0.542015
v 1.109024 0.350738 -0.542218
v 0.169484 1.000944 -0.648765
v 0.169220 1.001086 -0.224299
v 0.086606 1.000954 -0.542637
v 0.418075 1.000943 -0.543056
v 0.171759 0.789679 -2.133798
v 0.169652 1.001087 -1.920356
v 0.090221 0.898079 -2.132043
v 0.419100 0.888598 -2.134497
v 1.219995 0.525715 -2.166579
v 1.042622 0.610301 -1.891650
v 1.208258 0.649423 -2.117378
v 1.239312 0.349222 -1.993847
v 1.144946 0.436888 -2.031877
v 1.019285 0.447262 -1.891950
v 1.050813 0.529288 -1.996328
v 1.035328 0.364954 -1.996260
v 1.141124 0.760593 -2.083230
v 1.074037 0.771957 -1.902017
v 1.088717 0.858272 -2.004847
v 1.066799 0.693898 -1.995937
v 1.040691 0.532747 -2.312591
v 1.152761 0.671751 -2.200257
v 1.045506 0.646042 -2.240559
v 1.140280 0.544112 -2.240664
v 0.336360 0.990971 -2.115669
v 0.335565 1.001085 -1.920248
v 0.251867 1.028747 -2.021178
v 0.417984 1.033355 -2.020574
v 0.005369 1.003527 -2.126455
v 0.004062 1.004711 -1.920545
v -0.079176 1.012989 -2.025655
v 0.085479 1.023004 -2.022650
v 0.036295 0.589254 -2.053786
v 0.026024 0.798915 -2.087795
v -0.019271 0.680735 -2.136678
v 0.105628 0.689749 -2.096121
v 0.335096 1.000944 -0.437004
v 0.335145 1.000941 -0.225395
v 0.252181 1.000944 -0.330779
v 0.418043 1.000943 -0.331392
v 0.003885 1.001555 -0.436484
v 0.003849 1.003209 -0.224118
v -0.077135 1.000446 -0.330349
v 0.086603 1.000956 -0.330376
v 0.003838 1.001424 -0.860651
v 0.003823 1.000971 -0.648575
v -0.077296 1.000322 -0.754553
v 0.086652 1.000953 -0.754698
v 1.108168 0.433743 -0.437129
v 1.045477 0.441392 -0.239116
v 1.101712 0.517395 -0.333503
v 1.083704 0.353757 -0.333280
v 1.112126 0.763624 -0.436078
v 1.095201 0.767348 -0.228318
v 1.112317 0.847169 -0.330316
v 1.107715 0.682180 -0.331564
v 1.111556 0.762020 -0.860571
v 1.112199 0.762526 -0.648359
v 1.111913 0.844758 -0.754701
v 1.111891 0.679768 -0.754313
v 0.998543 1.000967 -0.437299
v 0.998151 1.001116 -0.225510
v 0.915535 1.000955 -0.331577
v 1.079647 1.000467 -0.331209
v 0.666909 1.000943 -0.437469
v 0.666932 1.000944 -0.225934
v 0.583970 1.000943 -0.331644
v 0.749846 1.000946 -0.331654
v 0.667079 1.000943 -0.860918
v 0.666959 1.000943 -0.649144
v 0.584074 1.000942 -0.754989
v 0.749965 1.000944 -0.755034
v 0.962962 0.698138 0.041768
v 0.953608 0.487272 0.015062
v 0.882856 0.588993 0.050002
v 1.004415 0.580855 0.099622
v 0.666451 0.684726 0.096897
v 0.666908 0.472701 0.099218
v 0.584594 0.578122 0.095212
v 0.747146 0.580161 0.103823
v 0.666926 1.019762 -0.016609
v 0.665718 0.896122 0.102109
v 0.583200 0.998289 0.083494
v 0.749028 0.998330 0.085001
v 1.253159 0.334232 0.159493
v 1.113751 0.206548 0.217089
v 1.145287 0.336338 0.202518
v 1.236130 0.201960 0.174230
v 1.079724 0.606624 0.216230
v 0.955707 0.453965 0.291560
v 0.975723 0.562288 0.221533
v 1.066514 0.475189 0.241514
v 1.104970 0.780652 -0.053336
v 1.166506 0.724151 0.111628
v 1.133930 0.843114 0.057877
v 1.176042 0.689066 0.013424
v -0.104590 0.760955 -0.435909
v -0.090976 0.763178 -0.227240
v -0.101294 0.678982 -0.331282
v -0.104727 0.844041 -0.329852
v -0.101645 0.430976 -0.437024
v -0.052043 0.435528 -0.233249
v -0.080317 0.350152 -0.332858
v -0.095048 0.514117 -0.332759
v -0.104797 0.430620 -0.860517
v -0.104387 0.430613 -0.648374
v -0.104524 0.348229 -0.754468
v -0.104710 0.513022 -0.754364
v -0.074810 0.603012 0.201421
v 0.035562 0.452248 0.301038
v -0.055222 0.470805 0.215404
v 0.034071 0.571275 0.239539
v -0.252384 0.331558 0.157492
v -0.107507 0.202882 0.194617
v -0.233543 0.199299 0.169547
v -0.139280 0.333089 0.184718
v -0.114608 0.448126 -0.078597
v -0.287663 0.440018 0.008089
v -0.225546 0.378934 -0.089161
v -0.207767 0.535235 -0.040594
v 0.336887 0.682973 0.090774
v 0.338503 0.470764 0.085798
v 0.255772 0.576577 0.082900
v 0.419898 0.577223 0.091639
v 0.015245 0.685405 0.048649
v 0.018464 0.472768 0.052990
v 0.010626 0.584520 0.129994
v 0.099690 0.579484 0.040480
v 0.001432 1.034439 -0.013957
v 0.006912 0.893639 0.084999
v -0.079292 0.996516 0.087483
v 0.086151 0.998211 0.081624
v -0.153037 0.760837 -2.086812
v -0.078288 0.768489 -1.909293
v -0.094128 0.693353 -1.993051
v -0.108044 0.858146 -2.004808
v -0.185089 0.441574 -2.015409
v -0.030465 0.442537 -1.902458
v -0.076995 0.363535 -1.996864
v -0.083031 0.528282 -1.993922
v -0.140459 0.267306 -2.249956
v -0.257943 0.379086 -2.145831
v -0.252927 0.254048 -2.193193
v -0.176293 0.394846 -2.229376
v -0.105963 0.760766 -1.284714
v -0.105397 0.760492 -1.072602
v -0.105545 0.678112 -1.178727
v -0.105451 0.843196 -1.178574
v -0.105418 0.430947 -1.284971
v -0.105038 0.430729 -1.072747
v -0.105112 0.348467 -1.178896
v -0.105091 0.513223 -1.178828
v -0.096051 0.432697 -1.705234
v -0.106558 0.431288 -1.496334
v -0.108131 0.349378 -1.602288
v -0.110249 0.514139 -1.600526
v 0.335643 1.000942 -1.284568
v 0.335501 1.000942 -1.072701
v 0.252638 1.000942 -1.178621
v 0.418496 1.000942 -1.178654
v 0.003934 1.003071 -1.284516
v 0.003869 1.001005 -1.072593
v -0.077269 1.000264 -1.178555
v 0.086751 1.000958 -1.178595
v 0.004272 1.001713 -1.708067
v 0.004052 1.002278 -1.496313
v -0.077086 1.000247 -1.602250
v 0.087010 1.000959 -1.602160
v 0.997897 0.989646 -2.115587
v 0.999049 1.014878 -1.921019
v 0.917862 1.038046 -2.022342
v 1.081385 1.018472 -2.022944
v 0.667103 0.990470 -2.112196
v 0.667714 1.006352 -1.920879
v 0.584007 1.036780 -2.020586
v 0.750465 1.038640 -2.021241
v 0.663802 0.569013 -2.124384
v 0.665643 0.781224 -2.126348
v 0.582386 0.675663 -2.127814
v 0.746962 0.674621 -2.123076
v 0.998840 1.001705 -1.284803
v 0.998839 1.001280 -1.072836
v 0.915990 1.000976 -1.178787
v 1.080054 1.000282 -1.178854
v 0.667290 1.000945 -1.284672
v 0.667195 1.000943 -1.072767
v 0.584332 1.000943 -1.178692
v 0.750159 1.000943 -1.178735
v 0.667548 1.000945 -1.708707
v 0.667392 1.000945 -1.496666
v 0.584569 1.000944 -1.602606
v 0.750321 1.000945 -1.602769
v 1.111856 0.432064 -1.284729
v 1.111441 0.432156 -1.072468
v 1.111543 0.514477 -1.178712
v 1.111682 0.349731 -1.178486
v 1.111064 0.761782 -1.285023
v 1.111009 0.761766 -1.072771
v 1.111072 0.844239 -1.178900
v 1.111400 0.679283 -1.178859
v 1.111702 0.763244 -1.709579
v 1.112244 0.762115 -1.497350
v 1.112491 0.845042 -1.603387
v 1.114066 0.679964 -1.603462
v 1.108192 0.433416 -1.704464
v 1.113620 0.432201 -1.495401
v 1.118600 0.515040 -1.599358
v 1.119079 0.350274 -1.601240
v 0.998653 1.000970 -1.708892
v 0.998780 1.000975 -1.496834
v 0.915923 1.000968 -1.602833
v 1.079930 1.000307 -1.602950
v 0.979484 0.573729 -2.062822
v 0.984512 0.784635 -2.086258
v 0.902554 0.677067 -2.090293
v 1.014782 0.679691 -2.136910
v 0.335741 1.000945 -1.708238
v 0.335761 1.000944 -1.496426
v 0.252847 1.000944 -1.602275
v 0.418711 1.000944 -1.602428
v -0.103976 0.762536 -1.708875
v -0.107181 0.761291 -1.496922
v -0.107217 0.679156 -1.603112
v -0.107290 0.844297 -1.602776
v 0.005862 0.535624 -2.307547
v -0.120155 0.667599 -2.213894
v -0.098910 0.539236 -2.247125
v -0.009521 0.656093 -2.250845
v 0.334964 1.026096 -0.017459
v 0.335227 0.894996 0.094922
v 0.252015 0.998280 0.081534
v 0.417627 0.998265 0.082167
v -0.103555 0.776315 -0.050040
v -0.161450 0.724029 0.112035
v -0.181209 0.690047 0.012218
v -0.140364 0.844917 0.056902
v -0.105078 0.760398 -0.860418
v -0.105050 0.760504 -0.648194
v -0.104667 0.677934 -0.754298
v -0.105298 0.842948 -0.754375
v 1.091903 0.451324 -0.069252
v 1.277739 0.435398 0.004892
v 1.192269 0.531138 -0.032545
v 1.199551 0.371887 -0.073468
v 0.998770 1.014408 -0.014194
v 0.984636 0.904273 0.089426
v 0.915326 0.999938 0.086550
v 1.080848 0.996957 0.088796
v 0.998781 1.001061 -0.860942
v 0.998698 1.001488 -0.649073
v 0.915856 1.000971 -0.755025
v 1.080002 1.000249 -0.754953
v 1.111319 0.432370 -0.860196
v 1.111076 0.432714 -0.647996
v 1.111513 0.514929 -0.754126
v 1.111092 0.350159 -0.754024
v 0.335373 1.000943 -0.860815
v 0.335238 1.000944 -0.648908
v 0.252410 1.000944 -0.754815
v 0.418218 1.000943 -0.754910
v 0.334583 0.574528 -2.131987
v 0.335967 0.783516 -2.134413
v 0.252997 0.681741 -2.133088
v 0.417639 0.676840 -2.131474
v 1.188970 0.271921 -2.240870
v 1.284732 0.386829 -2.108745
v 1.215930 0.400232 -2.213603
v 1.289008 0.263657 -2.160113
v 1.290235 0.312511 -2.074376
v 1.246410 0.453275 -2.137799
v 1.147705 0.342474 -2.248730
v 0.418394 0.782933 -2.132888
v 0.253559 0.784304 -2.134974
v 0.253265 0.575580 -2.133358
v 0.418146 1.000943 -0.648980
v 0.252351 1.000944 -0.648843
v 0.252465 1.000942 -0.860785
v 1.110494 0.350334 -0.648040
v 1.111363 0.515152 -0.648002
v 1.111389 0.514748 -0.860264
v 1.079947 1.000266 -0.649021
v 0.915813 1.000970 -0.649135
v 0.915888 1.000972 -0.860941
v 1.064917 0.892712 0.099163
v 0.912522 0.902894 0.092116
v 0.915796 1.013341 -0.014544
v 1.282779 0.356777 -0.018631
v 1.249704 0.504376 0.039736
v 1.091692 0.533605 -0.065224
v -0.105141 0.843003 -0.648275
v -0.104654 0.678007 -0.648172
v -0.104773 0.677909 -0.860419
v -0.119678 0.794720 0.118721
v -0.190896 0.649443 0.093001
v -0.101227 0.693918 -0.054970
v 0.417880 0.895239 0.095158
v 0.252704 0.894661 0.091219
v 0.251775 1.025934 -0.017226
v -0.070973 0.732729 -2.212433
v -0.154914 0.594427 -2.200026
v -0.024220 0.480510 -2.289597
v -0.107011 0.843842 -1.496709
v -0.107016 0.678762 -1.497070
v -0.102611 0.679956 -1.707598
v 0.418686 1.000944 -1.496546
v 0.252834 1.000944 -1.496407
v 0.252799 1.000945 -1.708274
v 1.037685 0.783344 -2.132610
v 0.911585 0.780485 -2.113028
v 0.901292 0.571637 -2.077238
v 1.080001 1.000325 -1.496909
v 0.915944 1.000972 -1.496768
v 0.915975 1.000970 -1.708985
v 1.113921 0.349817 -1.495975
v 1.113293 0.514625 -1.496141
v 1.110658 0.515769 -1.704072
v 1.112555 0.679603 -1.497375
v 1.111979 0.844602 -1.497213
v 1.112104 0.845818 -1.709561
v 1.111418 0.679315 -1.072714
v 1.111165 0.844240 -1.072817
v 1.111137 0.844287 -1.284967
v 1.111602 0.349813 -1.072368
v 1.111378 0.514524 -1.072561
v 1.111858 0.514471 -1.284859
v 0.750254 1.000945 -1.496722
v 0.584506 1.000943 -1.496658
v 0.584618 1.000947 -1.708639
v 0.750118 1.000943 -1.072794
v 0.584273 1.000943 -1.072761
v 0.584389 1.000943 -1.284670
v 1.080081 1.000290 -1.072854
v 0.915962 1.000976 -1.072826
v 0.915992 1.000976 -1.284764
v 0.748004 0.780717 -2.124225
v 0.583234 0.781770 -2.128581
v 0.581538 0.569558 -2.126936
v 0.750760 1.008143 -1.921142
v 0.584672 1.004481 -1.920918
v 0.584413 0.990610 -2.112360
v 1.079180 1.004966 -1.920408
v 0.916701 1.014541 -1.921424
v 0.915207 0.989923 -2.112290
v 0.086932 1.000961 -1.496328
v -0.077167 1.000258 -1.496407
v -0.076882 1.000594 -1.708180
v 0.086738 1.000955 -1.072647
v -0.077316 1.000345 -1.072597
v -0.077212 1.000220 -1.284497
v 0.418425 1.000942 -1.072731
v 0.252577 1.000942 -1.072697
v 0.252707 1.000943 -1.284567
v -0.106718 0.513727 -1.497013
v -0.106401 0.348897 -1.496861
v -0.089531 0.350615 -1.705091
v -0.104901 0.513118 -1.072709
v -0.104895 0.348373 -1.072786
v -0.105326 0.348561 -1.284998
v -0.105160 0.843040 -1.072574
v -0.105329 0.678000 -1.072631
v -0.105812 0.678269 -1.284831
v -0.223082 0.449479 -2.170333
v -0.284240 0.307346 -2.115205
v -0.177454 0.196125 -2.232234
v -0.041408 0.524278 -1.900623
v -0.028097 0.360188 -1.905208
v -0.182873 0.359455 -2.014308
v -0.094167 0.848994 -1.916953
v -0.065760 0.687134 -1.903970
v -0.166719 0.681202 -2.069385
v 0.088065 0.894590 0.085029
v -0.052029 0.895376 0.103885
v -0.077301 1.014125 -0.015529
v 0.099191 0.473329 0.036023
v 0.026883 0.479871 0.138253
v -0.004072 0.689699 0.123559
v 0.420617 0.471124 0.089775
v 0.256857 0.470525 0.078629
v 0.254756 0.682685 0.087084
v -0.253073 0.505988 0.042967
v -0.300043 0.363548 -0.019627
v -0.123098 0.366317 -0.081556
v -0.063358 0.272471 0.200988
v -0.152420 0.134400 0.186516
v -0.291816 0.265622 0.128460
v 0.075720 0.473839 0.243045
v -0.002405 0.395063 0.268179
v -0.115352 0.535195 0.179620
v -0.104556 0.513056 -0.648262
v -0.103932 0.348223 -0.648415
v -0.104761 0.348257 -0.860562
v -0.061614 0.517389 -0.232532
v -0.042424 0.353817 -0.233706
v -0.098589 0.348711 -0.436763
v -0.099680 0.845297 -0.224089
v -0.080969 0.681249 -0.230203
v -0.103707 0.678394 -0.435952
v 1.194957 0.649612 0.091019
v 1.124442 0.794456 0.119690
v 1.108144 0.862312 -0.040737
v 1.008354 0.398959 0.287050
v 0.940428 0.462356 0.220180
v 1.034380 0.647512 0.199605
v 1.156741 0.137884 0.201996
v 1.073847 0.277371 0.232428
v 1.204777 0.399698 0.171071
v 0.748278 0.896375 0.099173
v 0.583122 0.895783 0.098885
v 0.583922 1.019954 -0.016694
v 0.746532 0.474045 0.105634
v 0.585256 0.472014 0.094428
v 0.583965 0.684117 0.096115
v 0.989231 0.476087 0.092944
v 0.877783 0.483871 0.036489
v 0.893070 0.692673 0.070726
v 0.749912 1.000944 -0.649174
v 0.584010 1.000942 -0.649104
v 0.584143 1.000942 -0.860905
v 0.749853 1.000947 -0.225820
v 0.583988 1.000943 -0.225974
v 0.583958 1.000943 -0.437420
v 1.079147 1.001200 -0.225463
v 0.915491 1.000966 -0.225583
v 0.915651 1.000967 -0.437447
v 1.112026 0.680061 -0.648168
v 1.112319 0.845007 -0.648635
v 1.111575 0.844551 -0.860713
v 1.084749 0.685515 -0.232092
v 1.105621 0.849164 -0.224627
v 1.113160 0.846154 -0.436399
v 1.037174 0.359431 -0.238142
v 1.060567 0.522397 -0.236344
v 1.109721 0.516109 -0.436881
v 0.086626 1.000955 -0.648671
v -0.077264 1.000400 -0.648486
v -0.077288 1.000357 -0.860560
v 0.086430 1.001529 -0.223994
v -0.077222 1.001567 -0.224284
v -0.077187 1.000289 -0.436341
v 0.418096 1.000944 -0.225656
v 0.252181 1.000967 -0.224843
v 0.252225 1.000945 -0.436831
v 0.098291 0.793453 -2.118062
v -0.039725 0.784778 -2.140852
v 0.002960 0.577026 -2.132606
v 0.086737 1.001797 -1.920642
v -0.076646 1.002699 -1.920143
v -0.076446 0.992555 -2.128056
v 0.418592 1.001573 -1.920614
v 0.252587 1.001073 -1.920433
v 0.253599 0.991050 -2.116807
v 1.183266 0.597498 -2.183356
v 1.097157 0.731045 -2.204515
v 0.997389 0.552983 -2.257097
v 1.060897 0.690656 -1.896495
v 1.092246 0.852020 -1.910635
v 1.132641 0.841663 -2.097333
v 1.014424 0.365023 -1.893264
v 1.035143 0.528157 -1.891787
v 1.150344 0.519129 -2.035151
v 1.140047 0.354997 -2.023738
v 1.148537 0.680391 -2.064064
v 1.067152 0.478155 -2.279261
v 0.419058 0.990798 -2.114084
v 0.087870 0.992771 -2.121042
v 0.108511 0.585522 -2.076867
v 0.418027 1.000942 -0.437179
v 0.086620 1.000952 -0.436544
v 0.086675 1.000954 -0.860698
v 1.104609 0.351525 -0.436532
v 1.111156 0.681082 -0.435917
v 1.111737 0.679556 -0.860446
v 1.079869 1.000275 -0.437115
v 0.749840 1.000945 -0.437504
v 0.750019 1.000944 -0.860937
v 1.018991 0.685703 0.105875
v 0.748880 0.686184 0.097559
v 0.749860 1.016929 -0.015931
v 1.291703 0.267299 0.131334
v 1.120820 0.539017 0.196355
v 1.098071 0.698381 -0.057041
v -0.105213 0.843491 -0.435973
v -0.102943 0.513368 -0.437066
v -0.104715 0.513015 -0.860473
v -0.027021 0.650115 0.204448
v -0.202846 0.396715 0.164307
v -0.107706 0.529446 -0.067426
v 0.419193 0.683343 0.093152
v 0.096580 0.684240 0.058512
v 0.084837 1.028095 -0.016175
v -0.128654 0.838796 -2.100457
v -0.182410 0.522101 -2.032333
v -0.100517 0.339119 -2.254870
v -0.105705 0.843326 -1.284592
v -0.105408 0.513362 -1.284945
v -0.099969 0.515021 -1.704886
v 0.418567 1.000942 -1.284621
v 0.086781 1.000958 -1.284532
v 0.087050 1.000958 -1.708122
v 1.079465 0.990602 -2.123098
v 0.749795 0.990259 -2.111712
v 0.745840 0.568577 -2.120263
v 1.080057 1.000254 -1.284844
v 0.750190 1.000944 -1.284709
v 0.750427 1.000945 -1.708874
v 1.111903 0.349671 -1.284295
v 1.111519 0.679315 -1.285013
v 1.112112 0.680709 -1.705715
v 1.102346 0.351296 -1.704170
v 1.079789 1.000310 -1.708857
v 1.007084 0.574171 -2.144126
v 0.418703 1.000946 -1.708424
v -0.106482 0.845000 -1.708830
v 0.038636 0.561630 -2.252869
v 0.418005 1.023689 -0.017170
v -0.103776 0.858334 -0.039953
v -0.105261 0.842906 -0.860440
v 1.093410 0.369034 -0.067382
v 1.079959 1.016698 -0.013985
v 1.080041 1.000288 -0.860888
v 1.111390 0.350018 -0.860126
v 0.418289 1.000943 -0.860854
v 0.416855 0.570739 -2.130590
v 1.224619 0.202889 -2.214523
v 0.000000 0.005726 -2.045113
v 0.000000 0.084614 -2.045125
v 0.016228 0.005726 -2.039840
v 0.016235 0.084614 -2.039850
v 0.026257 0.005726 -2.026036
v 0.026269 0.084614 -2.026040
v 0.026257 0.005726 -2.008973
v 0.026269 0.084614 -2.008969
v 0.016228 0.005726 -1.995169
v 0.016235 0.084614 -1.995159
v 0.000000 0.005726 -1.989896
v 0.000000 0.084614 -1.989884
v -0.016228 0.005726 -1.995169
v -0.016235 0.084614 -1.995159
v -0.026257 0.005726 -2.008973
v -0.026269 0.084614 -2.008969
v -0.026257 0.005726 -2.026036
v -0.026269 0.084614 -2.026040
v -0.016228 0.005726 -2.039840
v -0.016235 0.084614 -2.039850
v 0.000000 0.156839 -2.043798
v 0.015455 0.156839 -2.038776
v 0.025006 0.156839 -2.025630
v 0.025006 0.156839 -2.009379
v 0.015455 0.156839 -1.996233
v 0.000000 0.156839 -1.991211
v -0.015455 0.156839 -1.996233
v -0.025006 0.156839 -2.009379
v -0.025006 0.156839 -2.025630
v -0.015455 0.156839 -2.038776
v 0.000000 0.206041 -2.042027
v 0.014414 0.206041 -2.037343
v 0.023322 0.206041 -2.025082
v 0.023322 0.206041 -2.009927
v 0.014414 0.206041 -1.997666
v 0.000000 0.206041 -1.992982
v -0.014414 0.206041 -1.997666
v -0.023322 0.206041 -2.009927
v -0.023322 0.206041 -2.025082
v -0.014414 0.206041 -2.037343
v 0.000000 0.689896 -2.042264
v 0.014553 0.689896 -2.037535
v 0.023547 0.689896 -2.025155
v 0.023547 0.689896 -2.009854
v 0.014553 0.689896 -1.997474
v 0.000000 0.689896 -1.992745
v -0.014553 0.689896 -1.997474
v -0.023547 0.689896 -2.009854
v -0.023547 0.689896 -2.025155
v -0.014553 0.689896 -2.037535
v 0.000000 0.751770 -2.044101
v 0.015633 0.751770 -2.039021
v 0.025294 0.751770 -2.025723
v 0.025294 0.751770 -2.009286
v 0.015633 0.751770 -1.995988
v 0.000000 0.751771 -1.990908
v -0.015633 0.751770 -1.995988
v -0.025294 0.751770 -2.009286
v -0.025294 0.751770 -2.025723
v -0.015633 0.751770 -2.039021
v 0.000000 0.782914 -2.059152
v 0.024480 0.782914 -2.051198
v 0.039609 0.782914 -2.030374
v 0.039609 0.782914 -2.004635
v 0.024480 0.782914 -1.983811
v 0.000000 0.782914 -1.975857
v -0.024480 0.782914 -1.983811
v -0.039609 0.782914 -2.004635
v -0.039609 0.782914 -2.030374
v -0.024480 0.782914 -2.051198
v 0.000000 0.108412 -2.052911
v 0.000000 0.132876 -2.053036
v 0.000000 0.120634 -2.055044
v 0.020885 0.132876 -2.046250
v 0.020811 0.108412 -2.046149
v 0.022065 0.120634 -2.047874
v 0.033792 0.132876 -2.028484
v 0.033673 0.108412 -2.028445
v 0.035702 0.120634 -2.029105
v 0.033792 0.132876 -2.006525
v 0.033673 0.108412 -2.006563
v 0.035702 0.120634 -2.005904
v 0.020885 0.132876 -1.988759
v 0.020811 0.108412 -1.988861
v 0.022065 0.120634 -1.987135
v 0.000000 0.132876 -1.981973
v 0.000000 0.108412 -1.982099
v 0.000000 0.120634 -1.979966
v -0.020885 0.132876 -1.988759
v -0.020811 0.108412 -1.988861
v -0.022065 0.120634 -1.987135
v -0.033792 0.132876 -2.006525
v -0.033673 0.108412 -2.006563
v -0.035702 0.120634 -2.005904
v -0.033792 0.132876 -2.028484
v -0.033673 0.108412 -2.028445
v -0.035702 0.120634 -2.029105
v -0.020885 0.132876 -2.046250
v -0.020811 0.108412 -2.046149
v -0.022065 0.120634 -2.047874
v 0.000000 0.166319 -2.047987
v 0.000000 0.194058 -2.047794
v 0.000000 0.180206 -2.050682
v 0.017803 0.194058 -2.042009
v 0.017917 0.166319 -2.042165
v 0.019502 0.180206 -2.044346
v 0.028806 0.194058 -2.026864
v 0.028990 0.166319 -2.026924
v 0.031554 0.180206 -2.027757
v 0.028806 0.194058 -2.008145
v 0.028990 0.166319 -2.008085
v 0.031554 0.180206 -2.007252
v 0.017803 0.194058 -1.993000
v 0.017917 0.166319 -1.992844
v 0.019502 0.180206 -1.990663
v 0.000000 0.194058 -1.987216
v 0.000000 0.166319 -1.987022
v 0.000000 0.180206 -1.984326
v -0.017803 0.194058 -1.993000
v -0.017917 0.166319 -1.992844
v -0.019502 0.180206 -1.990663
v -0.028806 0.194058 -2.008145
v -0.028990 0.166319 -2.008085
v -0.031554 0.180206 -2.007252
v -0.028806 0.194058 -2.026864
v -0.028990 0.166319 -2.026924
v -0.031554 0.180206 -2.027757
v -0.017803 0.194058 -2.042009
v -0.017917 0.166319 -2.042165
v -0.019502 0.180206 -2.044346
v 0.000000 0.622040 -2.059134
v 0.000000 0.659363 -2.053205
v 0.020984 0.659363 -2.046387
v 0.024469 0.622040 -2.051184
v 0.033954 0.659363 -2.028537
v 0.039592 0.622040 -2.030369
v 0.033954 0.659363 -2.006472
v 0.039592 0.622040 -2.004640
v 0.020984 0.659363 -1.988622
v 0.024469 0.622040 -1.983825
v 0.000000 0.659363 -1.981804
v 0.000000 0.622040 -1.975875
v -0.020984 0.659363 -1.988622
v -0.024469 0.622040 -1.983825
v -0.033954 0.659363 -2.006472
v -0.039592 0.622040 -2.004640
v -0.033954 0.659363 -2.028537
v -0.039592 0.622040 -2.030369
v -0.020984 0.659363 -2.046387
v -0.024469 0.622040 -2.051184
v 0.000000 0.705788 -2.052217
v 0.000000 0.734478 -2.053279
v 0.000000 0.720011 -2.056376
v 0.021028 0.734478 -2.046447
v 0.020403 0.705788 -2.045588
v 0.022848 0.720011 -2.048952
v 0.034023 0.734478 -2.028559
v 0.033013 0.705788 -2.028231
v 0.036969 0.720011 -2.029516
v 0.034023 0.734478 -2.006450
v 0.033013 0.705788 -2.006778
v 0.036969 0.720011 -2.005493
v 0.021028 0.734478 -1.988563
v 0.020403 0.705788 -1.989421
v 0.022848 0.720011 -1.986057
v 0.000000 0.734478 -1.981730
v 0.000000 0.705788 -1.982792
v 0.000000 0.720011 -1.978633
v -0.021028 0.734478 -1.988563
v -0.020404 0.705788 -1.989421
v -0.022848 0.720011 -1.986057
v -0.034023 0.734478 -2.006450
v -0.033014 0.705788 -2.006778
v -0.036969 0.720011 -2.005493
v -0.034023 0.734478 -2.028559
v -0.033014 0.705788 -2.028231
v -0.036969 0.720011 -2.029516
v -0.021028 0.734478 -2.046447
v -0.020404 0.705788 -2.045588
v -0.022848 0.720011 -2.048952
v 0.000000 0.072508 -2.045599
v 0.016514 0.072508 -2.040233
v 0.026720 0.072508 -2.026186
v 0.026720 0.072508 -2.008823
v 0.016514 0.072508 -1.994776
v 0.000000 0.072508 -1.989410
v -0.016514 0.072508 -1.994776
v -0.026720 0.072508 -2.008823
v -0.026720 0.072508 -2.026186
v -0.016514 0.072508 -2.040233
v 0.019611 0.084629 -2.044496
v 0.000000 0.084629 -2.050869
v 0.000000 0.072036 -2.050869
v 0.031731 0.084629 -2.027815
v 0.031731 0.084629 -2.007195
v 0.019611 0.084629 -1.990512
v 0.000000 0.084629 -1.984141
v -0.019611 0.084629 -1.990512
v -0.031731 0.084629 -2.007195
v -0.031731 0.084629 -2.027815
v -0.019611 0.084629 -2.044496
v 0.019611 0.072036 -2.044496
v 0.031731 0.072036 -2.027815
v 0.031731 0.072036 -2.007195
v 0.019611 0.072036 -1.990512
v 0.000000 0.072036 -1.984141
v -0.019611 0.072036 -1.990512
v -0.031731 0.072036 -2.007195
v -0.031731 0.072036 -2.027815
v -0.019611 0.072036 -2.044496
v 0.000000 0.005726 -0.027608
v 0.000000 0.084615 -0.027621
v 0.016228 0.005726 -0.022336
v 0.016235 0.084615 -0.022346
v 0.026257 0.005726 -0.008531
v 0.026269 0.084615 -0.008535
v 0.026257 0.005726 0.008531
v 0.026269 0.084615 0.008535
v 0.016228 0.005726 0.022336
v 0.016235 0.084615 0.022346
v 0.000000 0.005726 0.027608
v 0.000000 0.084615 0.027621
v -0.016228 0.005726 0.022336
v -0.016235 0.084615 0.022346
v -0.026257 0.005726 0.008531
v -0.026269 0.084615 0.008535
v -0.026257 0.005726 -0.008531
v -0.026269 0.084615 -0.008535
v -0.016228 0.005726 -0.022336
v -0.016235 0.084615 -0.022346
v 0.000000 0.156839 -0.026293
v 0.015455 0.156839 -0.021272
v 0.025006 0.156839 -0.008125
v 0.025006 0.156839 0.008125
v 0.015455 0.156839 0.021272
v 0.000000 0.156839 0.026293
v -0.015455 0.156839 0.021272
v -0.025006 0.156839 0.008125
v -0.025006 0.156839 -0.008125
v -0.015455 0.156839 -0.021272
v 0.000000 0.206041 -0.024522
v 0.014414 0.206041 -0.019839
v 0.023322 0.206041 -0.007578
v 0.023322 0.206041 0.007578
v 0.014414 0.206041 0.019839
v 0.000000 0.206041 0.024522
v -0.014414 0.206041 0.019839
v -0.023322 0.206041 0.007578
v -0.023322 0.206041 -0.007578
v -0.014414 0.206041 -0.019839
v 0.000000 0.689896 -0.024759
v 0.014553 0.689896 -0.020031
v 0.023547 0.689896 -0.007651
v 0.023547 0.689896 0.007651
v 0.014553 0.689896 0.020031
v 0.000000 0.689896 0.024759
v -0.014553 0.689896 0.020031
v -0.023547 0.689896 0.007651
v -0.023547 0.689896 -0.007651
v -0.014553 0.689896 -0.020031
v 0.000000 0.751771 -0.026596
v 0.015633 0.751771 -0.021517
v 0.025294 0.751771 -0.008219
v 0.025294 0.751771 0.008218
v 0.015633 0.751771 0.021517
v 0.000000 0.751771 0.026596
v -0.015633 0.751771 0.021517
v -0.025294 0.751771 0.008218
v -0.025294 0.751771 -0.008219
v -0.015633 0.751771 -0.021517
v 0.000000 0.782914 -0.041648
v 0.024480 0.782914 -0.033694
v 0.039609 0.782914 -0.012870
v 0.039609 0.782914 0.012870
v 0.024480 0.782914 0.033694
v 0.000000 0.782914 0.041648
v -0.024480 0.782914 0.033694
v -0.039609 0.782914 0.012870
v -0.039609 0.782914 -0.012870
v -0.024480 0.782914 -0.033694
v 0.000000 0.108413 -0.035406
v 0.000000 0.132876 -0.035531
v 0.000000 0.120635 -0.037539
v 0.020885 0.132876 -0.028745
v 0.020811 0.108413 -0.028644
v 0.022065 0.120635 -0.030370
v 0.033792 0.132876 -0.010980
v 0.033673 0.108413 -0.010941
v 0.035702 0.120635 -0.011600
v 0.033792 0.132876 0.010980
v 0.033673 0.108413 0.010941
v 0.035702 0.120635 0.011600
v 0.020885 0.132876 0.028745
v 0.020811 0.108413 0.028644
v 0.022065 0.120635 0.030370
v 0.000000 0.132876 0.035531
v 0.000000 0.108413 0.035406
v 0.000000 0.120635 0.037539
v -0.020885 0.132876 0.028745
v -0.020811 0.108413 0.028644
v -0.022065 0.120635 0.030370
v -0.033792 0.132876 0.010980
v -0.033673 0.108413 0.010941
v -0.035702 0.120635 0.011600
v -0.033792 0.132876 -0.010980
v -0.033673 0.108413 -0.010941
v -0.035702 0.120635 -0.011600
v -0.020885 0.132876 -0.028745
v -0.020811 0.108413 -0.028644
v -0.022065 0.120635 -0.030370
v 0.000000 0.166319 -0.030482
v 0.000000 0.194058 -0.030289
v 0.000000 0.180206 -0.033178
v 0.017803 0.194058 -0.024504
v 0.017917 0.166319 -0.024661
v 0.019502 0.180206 -0.026841
v 0.028806 0.194058 -0.009360
v 0.028990 0.166319 -0.009419
v 0.031554 0.180206 -0.010253
v 0.028806 0.194058 0.009360
v 0.028990 0.166319 0.009419
v 0.031554 0.180206 0.010253
v 0.017803 0.194058 0.024504
v 0.017917 0.166319 0.024661
v 0.019502 0.180206 0.026841
v 0.000000 0.194058 0.030289
v 0.000000 0.166319 0.030482
v 0.000000 0.180206 0.033178
v -0.017803 0.194058 0.024504
v -0.017917 0.166319 0.024661
v -0.019502 0.180206 0.026841
v -0.028806 0.194058 0.009360
v -0.028990 0.166319 0.009419
v -0.031554 0.180206 0.010253
v -0.028806 0.194058 -0.009360
v -0.028990 0.166319 -0.009419
v -0.031554 0.180206 -0.010253
v -0.017803 0.194058 -0.024504
v -0.017917 0.166319 -0.024661
v -0.019502 0.180206 -0.026841
v 0.000000 0.622040 -0.041630
v 0.000000 0.659363 -0.035701
v 0.020984 0.659363 -0.028883
v 0.024469 0.622040 -0.033679
v 0.033954 0.659363 -0.011032
v 0.039592 0.622040 -0.012864
v 0.033954 0.659363 0.011032
v 0.039592 0.622040 0.012864
v 0.020984 0.659363 0.028883
v 0.024469 0.622040 0.033679
v 0.000000 0.659363 0.035701
v 0.000000 0.622040 0.041630
v -0.020984 0.659363 0.028883
v -0.024469 0.622040 0.033679
v -0.033954 0.659363 0.011032
v -0.039592 0.622040 0.012864
v -0.033954 0.659363 -0.011032
v -0.039592 0.622040 -0.012864
v -0.020984 0.659363 -0.028883
v -0.024469 0.622040 -0.033679
v 0.000000 0.705788 -0.034712
v 0.000000 0.734478 -0.035774
v 0.000000 0.720011 -0.038871
v 0.021028 0.734478 -0.028942
v 0.020403 0.705788 -0.028083
v 0.022848 0.720011 -0.031448
v 0.034023 0.734478 -0.011055
v 0.033013 0.705788 -0.010727
v 0.036969 0.720011 -0.012012
v 0.034023 0.734478 0.011055
v 0.033013 0.705788 0.010727
v 0.036969 0.720011 0.012012
v 0.021028 0.734478 0.028942
v 0.020403 0.705788 0.028083
v 0.022848 0.720011 0.031448
v 0.000000 0.734478 0.035774
v 0.000000 0.705788 0.034712
v 0.000000 0.720011 0.038871
v -0.021028 0.734478 0.028942
v -0.020404 0.705788 0.028083
v -0.022848 0.720011 0.031448
v -0.034023 0.734478 0.011055
v -0.033014 0.705788 0.010727
v -0.036969 0.720011 0.012012
v -0.034023 0.734478 -0.011055
v -0.033014 0.705788 -0.010727
v -0.036969 0.720011 -0.012012
v -0.021028 0.734478 -0.028942
v -0.020404 0.705788 -0.028083
v -0.022848 0.720011 -0.031448
v 0.000000 0.072508 -0.028095
v 0.016514 0.072508 -0.022729
v 0.026720 0.072508 -0.008682
v 0.026720 0.072508 0.008682
v 0.016514 0.072508 0.022729
v 0.000000 0.072508 0.028095
v -0.016514 0.072508 0.022729
v -0.026720 0.072508 0.008682
v -0.026720 0.072508 -0.008682
v -0.016514 0.072508 -0.022729
v 0.019611 0.084629 -0.026992
v 0.000000 0.084629 -0.033364
v 0.000000 0.072036 -0.033364
v 0.031731 0.084629 -0.010310
v 0.031731 0.084629 0.010310
v 0.019611 0.084629 0.026992
v 0.000000 0.084629 0.033364
v -0.019611 0.084629 0.026992
v -0.031731 0.084629 0.010310
v -0.031731 0.084629 -0.010310
v -0.019611 0.084629 -0.026992
v 0.019611 0.072036 -0.026992
v 0.031731 0.072036 -0.010310
v 0.031731 0.072036 0.010310
v 0.019611 0.072036 0.026992
v 0.000000 0.072036 0.033364
v -0.019611 0.072036 0.026992
v -0.031731 0.072036 0.010310
v -0.031731 0.072036 -0.010310
v -0.019611 0.072036 -0.026992
v -0.055780 0.949173 0.055780
v -0.055780 0.949173 -0.055781
v 0.055780 0.949173 0.055780
v 0.055780 0.949173 -0.055781
v -0.002622 0.787465 0.055344
v -0.055344 0.840187 0.055344
v -0.055344 0.787465 0.002622
v -0.040533 0.802276 0.054726
v -0.046525 0.796283 0.046525
v -0.054726 0.802276 0.040533
v -0.040533 0.788082 0.040533
v -0.055344 0.787465 -0.002622
v -0.055344 0.840187 -0.055344
v -0.002622 0.787465 -0.055344
v -0.054726 0.802276 -0.040533
v -0.046525 0.796283 -0.046525
v -0.040533 0.802276 -0.054726
v -0.040533 0.788082 -0.040533
v 0.055344 0.787465 0.002622
v 0.055344 0.840187 0.055344
v 0.002622 0.787465 0.055344
v 0.054726 0.802276 0.040533
v 0.046525 0.796283 0.046525
v 0.040533 0.802276 0.054726
v 0.040533 0.788082 0.040533
v 0.002622 0.787465 -0.055344
v 0.055344 0.840187 -0.055344
v 0.055344 0.787465 -0.002622
v 0.040533 0.802276 -0.054726
v 0.046525 0.796283 -0.046525
v 0.054726 0.802276 -0.040533
v 0.040533 0.788082 -0.040533
v -0.041299 0.840914 0.044277
v -0.041299 0.946474 0.044277
v -0.041299 0.840914 -2.019074
v -0.041299 0.946474 -2.019074
v 1.044181 0.840914 0.044277
v 1.044181 0.946474 0.044277
v 1.044181 0.840914 -2.019074
v 1.044181 0.946474 -2.019074
v 0.999888 0.005726 -0.027608
v 0.999888 0.084615 -0.027621
v 1.016116 0.005726 -0.022336
v 1.016123 0.084615 -0.022346
v 1.026145 0.005726 -0.008531
v 1.026157 0.084615 -0.008535
v 1.026145 0.005726 0.008531
v 1.026157 0.084615 0.008535
v 1.016116 0.005726 0.022336
v 1.016123 0.084615 0.022346
v 0.999888 0.005726 0.027608
v 0.999888 0.084615 0.027621
v 0.983660 0.005726 0.022336
v 0.983653 0.084615 0.022346
v 0.973631 0.005726 0.008531
v 0.973619 0.084615 0.008535
v 0.973631 0.005726 -0.008531
v 0.973619 0.084615 -0.008535
v 0.983660 0.005726 -0.022336
v 0.983653 0.084615 -0.022346
v 0.999888 0.156839 -0.026293
v 1.015343 0.156839 -0.021272
v 1.024895 0.156839 -0.008125
v 1.024895 0.156839 0.008125
v 1.015343 0.156839 0.021272
v 0.999888 0.156839 0.026293
v 0.984433 0.156839 0.021272
v 0.974882 0.156839 0.008125
v 0.974882 0.156839 -0.008125
v 0.984433 0.156839 -0.021272
v 0.999888 0.206041 -0.024522
v 1.014302 0.206041 -0.019839
v 1.023210 0.206041 -0.007578
v 1.023210 0.206041 0.007578
v 1.014302 0.206041 0.019839
v 0.999888 0.206041 0.024522
v 0.985474 0.206041 0.019839
v 0.976566 0.206041 0.007578
v 0.976566 0.206041 -0.007578
v 0.985474 0.206041 -0.019839
v 0.999888 0.689896 -0.024759
v 1.014441 0.689896 -0.020031
v 1.023435 0.689896 -0.007651
v 1.023435 0.689896 0.007651
v 1.014441 0.689896 0.020031
v 0.999888 0.689896 0.024759
v 0.985335 0.689896 0.020031
v 0.976340 0.689896 0.007651
v 0.976340 0.689896 -0.007651
v 0.985335 0.689896 -0.020031
v 0.999888 0.751771 -0.026596
v 1.015521 0.751771 -0.021517
v 1.025182 0.751771 -0.008219
v 1.025182 0.751771 0.008218
v 1.015521 0.751771 0.021517
v 0.999888 0.751771 0.026596
v 0.984255 0.751771 0.021517
v 0.974594 0.751771 0.008218
v 0.974594 0.751771 -0.008219
v 0.984255 0.751771 -0.021517
v 0.999888 0.782914 -0.041648
v 1.024368 0.782914 -0.033694
v 1.039498 0.782914 -0.012870
v 1.039498 0.782914 0.012870
v 1.024368 0.782914 0.033694
v 0.999888 0.782914 0.041648
v 0.975408 0.782914 0.033694
v 0.960278 0.782914 0.012870
v 0.960278 0.782914 -0.012870
v 0.975408 0.782914 -0.033694
v 0.999888 0.108413 -0.035406
v 0.999888 0.132876 -0.035531
v 0.999888 0.120635 -0.037539
v 1.020773 0.132876 -0.028745
v 1.020699 0.108413 -0.028644
v 1.021953 0.120635 -0.030370
v 1.033680 0.132876 -0.010980
v 1.033561 0.108413 -0.010941
v 1.035590 0.120635 -0.011600
v 1.033680 0.132876 0.010980
v 1.033561 0.108413 0.010941
v 1.035590 0.120635 0.011600
v 1.020773 0.132876 0.028745
v 1.020699 0.108413 0.028644
v 1.021953 0.120635 0.030370
v 0.999888 0.132876 0.035531
v 0.999888 0.108413 0.035406
v 0.999888 0.120635 0.037539
v 0.979003 0.132876 0.028745
v 0.979077 0.108413 0.028644
v 0.977823 0.120635 0.030370
v 0.966096 0.132876 0.010980
v 0.966215 0.108413 0.010941
v 0.964186 0.120635 0.011600
v 0.966096 0.132876 -0.010980
v 0.966215 0.108413 -0.010941
v 0.964186 0.120635 -0.011600
v 0.979003 0.132876 -0.028745
v 0.979077 0.108413 -0.028644
v 0.977823 0.120635 -0.030370
v 0.999888 0.166319 -0.030482
v 0.999888 0.194058 -0.030289
v 0.999888 0.180206 -0.033178
v 1.017691 0.194058 -0.024504
v 1.017805 0.166319 -0.024661
v 1.019390 0.180206 -0.026841
v 1.028695 0.194058 -0.009360
v 1.028878 0.166319 -0.009419
v 1.031443 0.180206 -0.010253
v 1.028695 0.194058 0.009360
v 1.028878 0.166319 0.009419
v 1.031443 0.180206 0.010253
v 1.017691 0.194058 0.024504
v 1.017805 0.166319 0.024661
v 1.019390 0.180206 0.026841
v 0.999888 0.194058 0.030289
v 0.999888 0.166319 0.030482
v 0.999888 0.180206 0.033178
v 0.982085 0.194058 0.024504
v 0.981971 0.166319 0.024661
v 0.980386 0.180206 0.026841
v 0.971081 0.194058 0.009360
v 0.970897 0.166319 0.009419
v 0.968334 0.180206 0.010253
v 0.971081 0.194058 -0.009360
v 0.970897 0.166319 -0.009419
v 0.968334 0.180206 -0.010253
v 0.982085 0.194058 -0.024504
v 0.981971 0.166319 -0.024661
v 0.980386 0.180206 -0.026841
v 0.999888 0.622040 -0.041630
v 0.999888 0.659363 -0.035701
v 1.020873 0.659363 -0.028883
v 1.024357 0.622040 -0.033679
v 1.033842 0.659363 -0.011032
v 1.039480 0.622040 -0.012864
v 1.033842 0.659363 0.011032
v 1.039480 0.622040 0.012864
v 1.020873 0.659363 0.028883
v 1.024357 0.622040 0.033679
v 0.999888 0.659363 0.035701
v 0.999888 0.622040 0.041630
v 0.978903 0.659363 0.028883
v 0.975419 0.622040 0.033679
v 0.965934 0.659363 0.011032
v 0.960296 0.622040 0.012864
v 0.965934 0.659363 -0.011032
v 0.960296 0.622040 -0.012864
v 0.978903 0.659363 -0.028883
v 0.975419 0.622040 -0.033679
v 0.999888 0.705788 -0.034712
v 0.999888 0.734478 -0.035774
v 0.999888 0.720011 -0.038871
v 1.020916 0.734478 -0.028942
v 1.020292 0.705788 -0.028083
v 1.022736 0.720011 -0.031448
v 1.033911 0.734478 -0.011055
v 1.032902 0.705788 -0.010727
v 1.036857 0.720011 -0.012012
v 1.033911 0.734478 0.011055
v 1.032902 0.705788 0.010727
v 1.036857 0.720011 0.012012
v 1.020916 0.734478 0.028942
v 1.020292 0.705788 0.028083
v 1.022736 0.720011 0.031448
v 0.999888 0.734478 0.035774
v 0.999888 0.705788 0.034712
v 0.999888 0.720011 0.038871
v 0.978860 0.734478 0.028942
v 0.979485 0.705788 0.028083
v 0.977040 0.720011 0.031448
v 0.965864 0.734478 0.011055
v 0.966875 0.705788 0.010727
v 0.962919 0.720011 0.012012
v 0.965864 0.734478 -0.011055
v 0.966875 0.705788 -0.010727
v 0.962919 0.720011 -0.012012
v 0.978860 0.734478 -0.028942
v 0.979485 0.705788 -0.028083
v 0.977040 0.720011 -0.031448
v 0.999888 0.072508 -0.028095
v 1.016402 0.072508 -0.022729
v 1.026608 0.072508 -0.008682
v 1.026608 0.072508 0.008682
v 1.016402 0.072508 0.022729
v 0.999888 0.072508 0.028095
v 0.983375 0.072508 0.022729
v 0.973169 0.072508 0.008682
v 0.973169 0.072508 -0.008682
v 0.983375 0.072508 -0.022729
v 1.019499 0.084629 -0.026992
v 0.999888 0.084629 -0.033364
v 0.999888 0.072036 -0.033364
v 1.031619 0.084629 -0.010310
v 1.031619 0.084629 0.010310
v 1.019499 0.084629 0.026992
v 0.999888 0.084629 0.033364
v 0.980277 0.084629 0.026992
v 0.968157 0.084629 0.010310
v 0.968157 0.084629 -0.010310
v 0.980277 0.084629 -0.026992
v 1.019499 0.072036 -0.026992
v 1.031619 0.072036 -0.010310
v 1.031619 0.072036 0.010310
v 1.019499 0.072036 0.026992
v 0.999888 0.072036 0.033364
v 0.980277 0.072036 0.026992
v 0.968157 0.072036 0.010310
v 0.968157 0.072036 -0.010310
v 0.980277 0.072036 -0.026992
v 0.944108 0.949173 0.055780
v 0.944108 0.949173 -0.055781
v 1.055668 0.949173 0.055780
v 1.055668 0.949173 -0.055781
v 0.997266 0.787465 0.055344
v 0.944544 0.840187 0.055344
v 0.944544 0.787465 0.002622
v 0.959355 0.802276 0.054726
v 0.953362 0.796283 0.046525
v 0.945162 0.802276 0.040533
v 0.959355 0.788082 0.040533
v 0.944544 0.787465 -0.002622
v 0.944544 0.840187 -0.055344
v 0.997266 0.787465 -0.055344
v 0.945162 0.802276 -0.040533
v 0.953362 0.796283 -0.046525
v 0.959355 0.802276 -0.054726
v 0.959355 0.788082 -0.040533
v 1.055232 0.787465 0.002622
v 1.055232 0.840187 0.055344
v 1.002510 0.787465 0.055344
v 1.054615 0.802276 0.040533
v 1.046414 0.796283 0.046525
v 1.040421 0.802276 0.054726
v 1.040421 0.788082 0.040533
v 1.002510 0.787465 -0.055344
v 1.055232 0.840187 -0.055344
v 1.055232 0.787465 -0.002622
v 1.040421 0.802276 -0.054726
v 1.046414 0.796283 -0.046525
v 1.054615 0.802276 -0.040533
v 1.040421 0.788082 -0.040533
v -0.055780 0.949173 -1.961724
v -0.055780 0.949173 -2.073285
v 0.055780 0.949173 -1.961724
v 0.055780 0.949173 -2.073285
v -0.002622 0.787464 -1.962161
v -0.055344 0.840187 -1.962161
v -0.055344 0.787464 -2.014883
v -0.040533 0.802276 -1.962778
v -0.046525 0.796283 -1.970979
v -0.054726 0.802276 -1.976972
v -0.040533 0.788082 -1.976972
v -0.055344 0.787464 -2.020126
v -0.055344 0.840187 -2.072849
v -0.002622 0.787464 -2.072849
v -0.054726 0.802276 -2.058038
v -0.046525 0.796283 -2.064030
v -0.040533 0.802276 -2.072231
v -0.040533 0.788082 -2.058038
v 0.055344 0.787464 -2.014883
v 0.055344 0.840187 -1.962161
v 0.002622 0.787464 -1.962161
v 0.054726 0.802276 -1.976972
v 0.046525 0.796283 -1.970979
v 0.040533 0.802276 -1.962778
v 0.040533 0.788082 -1.976972
v 0.002622 0.787464 -2.072849
v 0.055344 0.840187 -2.072849
v 0.055344 0.787464 -2.020126
v 0.040533 0.802276 -2.072231
v 0.046525 0.796283 -2.064030
v 0.054726 0.802276 -2.058038
v 0.040533 0.788082 -2.058038
v 0.999888 0.005726 -2.045113
v 0.999888 0.084614 -2.045125
v 1.016116 0.005726 -2.039840
v 1.016123 0.084614 -2.039850
v 1.026145 0.005726 -2.026036
v 1.026157 0.084614 -2.026040
v 1.026145 0.005726 -2.008973
v 1.026157 0.084614 -2.008969
v 1.016116 0.005726 -1.995169
v 1.016123 0.084614 -1.995159
v 0.999888 0.005726 -1.989896
v 0.999888 0.084614 -1.989884
v 0.983660 0.005726 -1.995169
v 0.983653 0.084614 -1.995159
v 0.973631 0.005726 -2.008973
v 0.973619 0.084614 -2.008969
v 0.973631 0.005726 -2.026036
v 0.973619 0.084614 -2.026040
v 0.983660 0.005726 -2.039840
v 0.983653 0.084614 -2.039850
v 0.999888 0.156839 -2.043798
v 1.015343 0.156839 -2.038776
v 1.024895 0.156839 -2.025630
v 1.024895 0.156839 -2.009379
v 1.015343 0.156839 -1.996233
v 0.999888 0.156839 -1.991211
v 0.984433 0.156839 -1.996233
v 0.974882 0.156839 -2.009379
v 0.974882 0.156839 -2.025630
v 0.984433 0.156839 -2.038776
v 0.999888 0.206041 -2.042027
v 1.014302 0.206041 -2.037343
v 1.023210 0.206041 -2.025082
v 1.023210 0.206041 -2.009927
v 1.014302 0.206041 -1.997666
v 0.999888 0.206041 -1.992982
v 0.985474 0.206041 -1.997666
v 0.976566 0.206041 -2.009927
v 0.976566 0.206041 -2.025082
v 0.985474 0.206041 -2.037343
v 0.999888 0.689896 -2.042264
v 1.014441 0.689896 -2.037535
v 1.023435 0.689896 -2.025155
v 1.023435 0.689896 -2.009854
v 1.014441 0.689896 -1.997474
v 0.999888 0.689896 -1.992745
v 0.985335 0.689896 -1.997474
v 0.976340 0.689896 -2.009854
v 0.976340 0.689896 -2.025155
v 0.985335 0.689896 -2.037535
v 0.999888 0.751770 -2.044101
v 1.015521 0.751770 -2.039021
v 1.025182 0.751770 -2.025723
v 1.025182 0.751770 -2.009286
v 1.015521 0.751770 -1.995988
v 0.999888 0.751770 -1.990908
v 0.984255 0.751770 -1.995988
v 0.974594 0.751770 -2.009286
v 0.974594 0.751770 -2.025723
v 0.984255 0.751770 -2.039021
v 0.999888 0.782914 -2.059152
v 1.024368 0.782914 -2.051198
v 1.039498 0.782914 -2.030374
v 1.039498 0.782914 -2.004635
v 1.024368 0.782914 -1.983811
v 0.999888 0.782914 -1.975857
v 0.975408 0.782914 -1.983811
v 0.960278 0.782914 -2.004635
v 0.960278 0.782914 -2.030374
v 0.975408 0.782914 -2.051198
v 0.999888 0.108412 -2.052911
v 0.999888 0.132876 -2.053036
v 0.999888 0.120634 -2.055044
v 1.020773 0.132876 -2.046250
v 1.020699 0.108412 -2.046149
v 1.021953 0.120634 -2.047874
v 1.033680 0.132876 -2.028484
v 1.033561 0.108412 -2.028446
v 1.035590 0.120634 -2.029105
v 1.033680 0.132876 -2.006525
v 1.033561 0.108412 -2.006563
v 1.035590 0.120634 -2.005904
v 1.020773 0.132876 -1.988759
v 1.020699 0.108412 -1.988861
v 1.021953 0.120634 -1.987135
v 0.999888 0.132876 -1.981973
v 0.999888 0.108412 -1.982099
v 0.999888 0.120634 -1.979966
v 0.979003 0.132876 -1.988759
v 0.979077 0.108412 -1.988861
v 0.977823 0.120634 -1.987135
v 0.966096 0.132876 -2.006525
v 0.966215 0.108412 -2.006563
v 0.964186 0.120634 -2.005904
v 0.966096 0.132876 -2.028484
v 0.966215 0.108412 -2.028446
v 0.964186 0.120634 -2.029105
v 0.979003 0.132876 -2.046250
v 0.979077 0.108412 -2.046149
v 0.977823 0.120634 -2.047874
v 0.999888 0.166319 -2.047987
v 0.999888 0.194058 -2.047794
v 0.999888 0.180206 -2.050682
v 1.017691 0.194058 -2.042009
v 1.017805 0.166319 -2.042165
v 1.019390 0.180206 -2.044346
v 1.028695 0.194058 -2.026864
v 1.028878 0.166319 -2.026924
v 1.031443 0.180206 -2.027757
v 1.028695 0.194058 -2.008145
v 1.028878 0.166319 -2.008085
v 1.031443 0.180206 -2.007252
v 1.017691 0.194058 -1.993000
v 1.017805 0.166319 -1.992844
v 1.019390 0.180206 -1.990663
v 0.999888 0.194058 -1.987216
v 0.999888 0.166319 -1.987022
v 0.999888 0.180206 -1.984326
v 0.982085 0.194058 -1.993000
v 0.981971 0.166319 -1.992844
v 0.980386 0.180206 -1.990663
v 0.971081 0.194058 -2.008145
v 0.970897 0.166319 -2.008085
v 0.968334 0.180206 -2.007252
v 0.971081 0.194058 -2.026864
v 0.970897 0.166319 -2.026924
v 0.968334 0.180206 -2.027757
v 0.982085 0.194058 -2.042009
v 0.981971 0.166319 -2.042165
v 0.980386 0.180206 -2.044346
v 0.999888 0.622040 -2.059134
v 0.999888 0.659363 -2.053205
v 1.020873 0.659363 -2.046387
v 1.024357 0.622040 -2.051184
v 1.033842 0.659363 -2.028537
v 1.039480 0.622040 -2.030369
v 1.033842 0.659363 -2.006472
v 1.039480 0.622040 -2.004640
v 1.020873 0.659363 -1.988622
v 1.024357 0.622040 -1.983825
v 0.999888 0.659363 -1.981804
v 0.999888 0.622040 -1.975875
v 0.978903 0.659363 -1.988622
v 0.975419 0.622040 -1.983825
v 0.965934 0.659363 -2.006472
v 0.960296 0.622040 -2.004640
v 0.965934 0.659363 -2.028537
v 0.960296 0.622040 -2.030369
v 0.978903 0.659363 -2.046387
v 0.975419 0.622040 -2.051184
v 0.999888 0.705788 -2.052217
v 0.999888 0.734478 -2.053279
v 0.999888 0.720011 -2.056376
v 1.020916 0.734478 -2.046447
v 1.020292 0.705788 -2.045588
v 1.022736 0.720011 -2.048952
v 1.033911 0.734478 -2.028559
v 1.032902 0.705788 -2.028231
v 1.036857 0.720011 -2.029516
v 1.033911 0.734478 -2.006450
v 1.032902 0.705788 -2.006778
v 1.036857 0.720011 -2.005493
v 1.020916 0.734478 -1.988563
v 1.020292 0.705788 -1.989421
v 1.022736 0.720011 -1.986057
v 0.999888 0.734478 -1.981730
v 0.999888 0.705788 -1.982792
v 0.999888 0.720011 -1.978633
v 0.978860 0.734478 -1.988563
v 0.979485 0.705788 -1.989421
v 0.977040 0.720011 -1.986057
v 0.965864 0.734478 -2.006450
v 0.966875 0.705788 -2.006778
v 0.962919 0.720011 -2.005493
v 0.965864 0.734478 -2.028559
v 0.966875 0.705788 -2.028231
v 0.962919 0.720011 -2.029516
v 0.978860 0.734478 -2.046447
v 0.979485 0.705788 -2.045588
v 0.977040 0.720011 -2.048952
v 0.999888 0.072508 -2.045599
v 1.016402 0.072508 -2.040233
v 1.026608 0.072508 -2.026186
v 1.026608 0.072508 -2.008823
v 1.016402 0.072508 -1.994776
v 0.999888 0.072508 -1.989410
v 0.983375 0.072508 -1.994776
v 0.973169 0.072508 -2.008823
v 0.973169 0.072508 -2.026186
v 0.983375 0.072508 -2.040233
v 1.019499 0.084629 -2.044496
v 0.999888 0.084629 -2.050869
v 0.999888 0.072036 -2.050869
v 1.031619 0.084629 -2.027815
v 1.031619 0.084629 -2.007195
v 1.019499 0.084629 -1.990512
v 0.999888 0.084629 -1.984141
v 0.980277 0.084629 -1.990512
v 0.968157 0.084629 -2.007195
v 0.968157 0.084629 -2.027815
v 0.980277 0.084629 -2.044496
v 1.019499 0.072036 -2.044496
v 1.031619 0.072036 -2.027815
v 1.031619 0.072036 -2.007195
v 1.019499 0.072036 -1.990512
v 0.999888 0.072036 -1.984141
v 0.980277 0.072036 -1.990512
v 0.968157 0.072036 -2.007195
v 0.968157 0.072036 -2.027815
v 0.980277 0.072036 -2.044496
v 0.944108 0.949173 -1.961724
v 0.944108 0.949173 -2.073285
v 1.055668 0.949173 -1.961724
v 1.055668 0.949173 -2.073285
v 0.997266 0.787464 -1.962161
v 0.944544 0.840187 -1.962161
v 0.944544 0.787464 -2.014883
v 0.959355 0.802276 -1.962778
v 0.953362 0.796283 -1.970979
v 0.945162 0.802276 -1.976972
v 0.959355 0.788082 -1.976972
v 0.944544 0.787464 -2.020126
v 0.944544 0.840187 -2.072849
v 0.997266 0.787464 -2.072849
v 0.945162 0.802276 -2.058038
v 0.953362 0.796283 -2.064030
v 0.959355 0.802276 -2.072231
v 0.959355 0.788082 -2.058038
v 1.055232 0.787464 -2.014883
v 1.055232 0.840187 -1.962161
v 1.002510 0.787464 -1.962161
v 1.054615 0.802276 -1.976972
v 1.046414 0.796283 -1.970979
v 1.040421 0.802276 -1.962778
v 1.040421 0.788082 -1.976972
v 1.002510 0.787464 -2.072849
v 1.055232 0.840187 -2.072849
v 1.055232 0.787464 -2.020126
v 1.040421 0.802276 -2.072231
v 1.046414 0.796283 -2.064030
v 1.054615 0.802276 -2.058038
v 1.040421 0.788082 -2.058038
v -0.069923 0.948639 0.071067
v -0.069923 0.990742 0.071067
v -0.069923 0.948639 -2.089259
v -0.069923 0.990742 -2.089259
v 1.072951 0.948639 0.071067
v 1.072951 0.990742 0.071067
v 1.072951 0.948639 -2.089259
v 1.072951 0.990742 -2.089259
vn 0.5691 0.0099 -0.8222
vn 0.5961 0.0346 -0.8022
vn 0.4927 0.0126 -0.8701
vn 0.4724 -0.0037 -0.8814
vn 0.0211 -0.0047 -0.9998
vn 0.0230 -0.0076 -0.9997
vn 0.0238 -0.0067 -0.9997
vn 0.0238 -0.0013 -0.9997
vn -0.0000 1.0000 -0.0000
vn 1.0000 -0.0000 0.0019
vn 1.0000 -0.0004 0.0025
vn 1.0000 0.0005 0.0013
vn 1.0000 0.0011 0.0010
vn 0.5568 0.8307 -0.0021
vn 0.9789 0.2043 -0.0030
vn 0.9792 0.2026 -0.0032
vn 0.5596 0.8288 -0.0013
vn 0.5488 0.8358 0.0126
vn 0.9737 0.2213 -0.0548
vn 0.9917 0.1275 -0.0182
vn 0.5610 0.8260 -0.0554
vn 0.3253 0.0332 -0.9450
vn 0.1692 -0.7948 -0.5828
vn 0.9354 -0.0690 -0.3468
vn 0.9502 -0.0602 -0.3057
vn -1.0000 0.0038 -0.0003
vn -0.9836 0.1804 -0.0008
vn -0.9836 0.1801 0.0013
vn -1.0000 0.0042 0.0008
vn -0.9563 0.0507 -0.2879
vn -0.9709 0.2212 -0.0918
vn -0.9957 0.0886 -0.0265
vn -0.9890 -0.1404 -0.0466
vn 0.0067 0.9998 0.0190
vn 0.0106 0.9998 0.0178
vn 0.0057 0.9946 -0.1036
vn 0.0038 0.9938 -0.1112
vn 0.6633 0.5141 -0.5438
vn 0.9018 0.3742 0.2162
vn 0.8818 -0.3050 0.3597
vn 0.9694 -0.0552 -0.2391
vn -0.9985 -0.0404 -0.0366
vn -0.9828 0.1847 -0.0067
vn -0.9871 0.1573 -0.0298
vn -0.9926 -0.0983 -0.0712
vn -0.0044 0.9999 0.0094
vn -0.0027 1.0000 0.0038
vn -0.9846 0.1229 0.1243
vn -0.9382 0.3438 -0.0398
vn -0.9197 -0.3426 0.1918
vn -0.6328 -0.7608 0.1440
vn 0.5474 0.8369 0.0075
vn 0.9788 0.2050 -0.0004
vn 0.9849 0.1683 -0.0401
vn 0.5679 0.8229 0.0201
vn 0.9473 -0.0765 -0.3112
vn 0.9377 -0.0822 -0.3376
vn 0.5104 -0.8006 -0.3140
vn 0.8911 -0.1186 -0.4380
vn 0.9965 -0.0161 -0.0814
vn 0.9905 -0.0286 -0.1343
vn 0.9369 -0.1004 -0.3348
vn 0.9582 -0.0981 -0.2689
vn 1.0000 0.0040 0.0024
vn 1.0000 0.0019 0.0028
vn 1.0000 0.0030 0.0057
vn 1.0000 0.0040 0.0052
vn 1.0000 0.0009 0.0019
vn 1.0000 0.0015 0.0016
vn 0.9999 0.0027 0.0107
vn 1.0000 0.0018 0.0098
vn -0.0002 1.0000 0.0004
vn -0.0013 1.0000 0.0014
vn -0.0120 0.9988 0.0485
vn -0.0076 0.9993 0.0353
vn -0.0002 1.0000 -0.0000
vn 0.5626 0.8268 -0.0009
vn 0.9795 0.2013 0.0009
vn 0.9791 0.2036 0.0018
vn 0.5594 0.8289 -0.0004
vn 0.0974 -0.0463 -0.9942
vn 0.2829 -0.1049 -0.9534
vn 0.2281 -0.7673 -0.5994
vn 0.1263 -0.0589 -0.9902
vn 0.0069 0.5676 -0.8233
vn 0.0057 0.5582 -0.8297
vn 0.0280 0.0408 -0.9988
vn 0.0189 0.0603 -0.9980
vn 0.4021 0.6060 -0.6863
vn 0.8789 0.3381 -0.3365
vn 0.1737 0.4382 -0.8819
vn -0.2519 0.1887 -0.9492
vn 0.0051 1.0000 -0.0001
vn 0.0001 1.0000 -0.0000
vn 0.0012 1.0000 0.0014
vn 0.0092 0.9999 0.0056
vn 0.0115 0.9999 0.0005
vn 0.0109 0.9999 -0.0009
vn -0.9583 -0.0464 -0.2818
vn -0.9740 -0.0429 -0.2222
vn -0.9594 -0.1180 -0.2562
vn -0.9503 -0.0970 -0.2957
vn -1.0000 -0.0013 0.0032
vn -1.0000 -0.0027 0.0037
vn -1.0000 -0.0026 0.0056
vn -1.0000 -0.0017 0.0058
vn -1.0000 0.0001 0.0037
vn -0.9828 0.1846 0.0021
vn -0.9821 0.1883 0.0043
vn -1.0000 0.0010 0.0058
vn -0.3327 0.0193 -0.9428
vn -0.4594 -0.0164 -0.8881
vn 0.1743 -0.4460 -0.8779
vn 0.3643 -0.3689 -0.8551
vn -0.5401 0.1991 0.8177
vn -0.7207 0.2285 0.6545
vn -0.9487 0.3065 -0.0777
vn -0.9456 0.2941 0.1389
vn -0.9635 0.2491 -0.0984
vn -0.8255 0.3257 -0.4610
vn -0.0825 0.5574 -0.8262
vn -0.6920 0.3369 -0.6385
vn 0.0332 0.9972 0.0665
vn 0.0205 0.9988 0.0444
vn 0.0315 0.9917 -0.1249
vn 0.0350 0.9906 -0.1319
vn -0.1624 -0.1120 0.9803
vn -0.1879 -0.0844 0.9786
vn -0.1183 -0.0698 0.9905
vn -0.1205 -0.1242 0.9849
vn -0.0257 -0.0153 0.9996
vn -0.0186 -0.0125 0.9997
vn -0.0186 -0.0156 0.9997
vn -0.0233 -0.0147 0.9996
vn -0.4526 0.1499 -0.8790
vn -0.6008 0.1150 -0.7911
vn -0.9788 -0.0580 -0.1964
vn -0.9602 -0.0136 -0.2790
vn -0.3722 0.0889 0.9239
vn -0.3513 0.0585 0.9344
vn -0.6782 0.2472 0.6920
vn -0.7598 0.2895 0.5821
vn -0.0543 0.3162 0.9471
vn 0.1524 0.3224 0.9343
vn 0.3855 0.4742 0.7915
vn -0.3664 0.2671 0.8913
vn -1.0000 0.0007 0.0008
vn -1.0000 -0.0006 0.0012
vn -1.0000 -0.0016 0.0018
vn -1.0000 0.0005 0.0012
vn -0.9987 -0.0228 0.0465
vn -0.9995 -0.0123 0.0276
vn -1.0000 -0.0019 0.0053
vn -1.0000 -0.0052 0.0082
vn -1.0000 -0.0079 0.0021
vn -0.9836 0.1804 -0.0027
vn -0.9836 0.1803 -0.0029
vn -1.0000 -0.0000 -0.0010
vn 0.7781 0.0255 -0.6276
vn 0.6590 0.0502 -0.7505
vn 0.9850 -0.1165 -0.1273
vn 0.9842 -0.1522 -0.0906
vn 0.5056 0.1148 0.8551
vn 0.4807 0.0903 0.8722
vn 0.7388 0.2521 0.6250
vn 0.6762 0.2379 0.6973
vn 0.6623 0.1335 0.7372
vn 0.6821 0.1954 0.7046
vn 0.9148 0.3985 0.0659
vn 0.9338 0.3282 0.1428
vn 0.0070 0.9998 0.0176
vn 0.0079 0.9999 0.0149
vn 0.0053 0.9974 -0.0723
vn 0.0041 0.9968 -0.0797
vn -0.0178 0.0185 0.9997
vn 0.2172 -0.0300 0.9757
vn 0.1136 -0.0331 0.9930
vn 0.0009 -0.0093 1.0000
vn -0.9634 0.1890 0.1899
vn -0.8606 0.4109 0.3008
vn -0.5468 0.4734 0.6906
vn -0.7884 0.2113 0.5778
vn -0.0001 1.0000 -0.0000
vn 0.5391 0.8422 -0.0033
vn 0.9766 0.2151 -0.0046
vn 0.9769 0.2134 -0.0064
vn 0.5468 0.8372 -0.0026
vn 1.0000 0.0001 -0.0018
vn 1.0000 -0.0020 -0.0012
vn 1.0000 -0.0013 -0.0008
vn 1.0000 0.0013 -0.0016
vn 0.9997 -0.0114 0.0205
vn 0.9994 -0.0153 0.0300
vn 1.0000 -0.0063 0.0051
vn 1.0000 -0.0057 0.0032
vn 0.9900 -0.0722 0.1213
vn 0.9859 -0.0870 0.1431
vn 0.9982 -0.0406 0.0430
vn 0.9990 -0.0305 0.0320
vn 0.0030 1.0000 0.0005
vn 0.0029 1.0000 -0.0005
vn 0.0038 1.0000 0.0015
vn 0.0049 1.0000 -0.0007
vn -0.4386 -0.1943 -0.8774
vn -0.3956 -0.1285 -0.9094
vn -0.3503 -0.7716 -0.5310
vn -0.2296 -0.9204 -0.3165
vn -0.0110 0.6289 -0.7774
vn -0.0046 0.6475 -0.7621
vn -0.0425 0.0543 -0.9976
vn -0.1306 -0.0335 -0.9909
vn 0.0089 0.6217 -0.7832
vn 0.0088 0.6057 -0.7957
vn 0.0261 0.0857 -0.9960
vn 0.0251 0.0907 -0.9956
vn 0.5763 0.0360 -0.8165
vn 0.4920 -0.0187 -0.8704
vn -0.2835 -0.4899 -0.8244
vn 0.6740 -0.0002 -0.7387
vn 0.6959 0.2140 0.6855
vn 0.5146 0.1854 0.8371
vn 0.8954 0.3158 0.3140
vn 0.9439 0.3190 0.0847
vn 0.0016 0.1289 0.9917
vn -0.1158 -0.6803 0.7237
vn 0.1840 -0.3486 0.9191
vn 0.3570 0.2744 0.8929
vn 0.3155 0.1215 0.9411
vn 0.1383 0.1229 0.9827
vn 0.5704 0.2973 0.7657
vn 0.7723 0.3150 0.5517
vn 0.9790 -0.1305 -0.1565
vn 0.9836 -0.1228 -0.1322
vn 0.7434 -0.0579 0.6663
vn 0.7759 -0.0691 0.6271
vn 0.9872 -0.1216 -0.1028
vn 0.4674 -0.8811 -0.0723
vn 0.6856 -0.0559 0.7259
vn 0.7185 -0.0378 0.6944
vn 0.9702 0.1989 0.1383
vn 0.8526 0.1922 0.4860
vn 0.9288 0.3361 -0.1564
vn 0.8055 0.3588 -0.4717
vn 0.9824 -0.1507 -0.1101
vn 0.9775 -0.1535 -0.1447
vn 0.9461 -0.0534 0.3195
vn 0.9791 -0.0615 0.1939
vn 0.9738 -0.1549 -0.1667
vn 0.9757 -0.1359 -0.1720
vn 0.8242 -0.0384 0.5651
vn 0.8937 -0.0366 0.4472
vn -0.5704 0.5140 -0.6407
vn 0.1138 0.4118 -0.9041
vn -0.3731 -0.0477 -0.9266
vn -0.8941 -0.0858 -0.4395
vn 0.2440 0.3482 -0.9051
vn 0.6137 0.2690 -0.7423
vn 0.2984 0.3150 -0.9010
vn -0.1912 0.4113 -0.8912
vn 0.7843 0.2056 -0.5853
vn 0.8625 0.2170 -0.4571
vn 0.6026 0.1281 -0.7877
vn 0.5997 0.1209 -0.7910
vn 0.0047 0.6458 -0.7635
vn 0.0073 0.6344 -0.7730
vn 0.0200 0.0920 -0.9956
vn 0.0092 0.0869 -0.9962
vn -0.0079 0.9909 0.1347
vn -0.0083 0.9893 0.1456
vn -0.0123 0.9983 -0.0569
vn -0.0122 0.9984 -0.0547
vn -0.0112 0.9876 0.1563
vn -0.0134 0.9863 0.1646
vn -0.0131 0.9976 -0.0684
vn -0.0128 0.9980 -0.0617
vn -0.4158 0.6121 -0.6726
vn 0.0027 0.6672 -0.7449
vn 0.0488 -0.0587 -0.9971
vn 0.2373 0.2068 -0.9492
vn -0.5769 0.8142 0.0657
vn -0.0159 0.9967 0.0793
vn -0.0296 0.9991 -0.0307
vn -0.5698 0.8211 -0.0325
vn -0.0016 0.9946 0.1034
vn -0.0068 0.9926 0.1215
vn -0.0113 0.9986 -0.0521
vn 0.0002 0.9992 -0.0392
vn 0.9613 0.1990 0.1904
vn 0.4362 -0.0724 -0.8969
vn 0.3076 -0.9189 -0.2472
vn 0.6513 -0.7190 0.2427
vn 0.8894 0.2196 -0.4009
vn 0.1349 -0.1424 -0.9806
vn 0.2822 -0.0911 -0.9550
vn 0.9782 0.2048 -0.0341
vn -0.2954 -0.1620 -0.9415
vn -0.1337 -0.0690 -0.9886
vn -0.2452 -0.0721 -0.9668
vn -0.4074 -0.1499 -0.9009
vn -0.0000 1.0000 0.0001
vn 0.0077 0.9999 -0.0091
vn 0.0020 1.0000 -0.0018
vn 0.0002 1.0000 -0.0002
vn 0.0001 1.0000 -0.0003
vn 0.0001 1.0000 -0.0002
vn -0.5750 0.8182 -0.0002
vn -0.0073 1.0000 0.0030
vn -0.0072 1.0000 -0.0013
vn -0.5793 0.8151 -0.0023
vn -0.5931 0.8050 -0.0165
vn -0.0162 0.9988 -0.0464
vn -0.0062 1.0000 -0.0060
vn -0.5725 0.8199 -0.0051
vn 0.0178 0.9988 -0.0462
vn 0.0159 0.9995 -0.0261
vn 0.0009 1.0000 -0.0010
vn 0.0042 1.0000 -0.0034
vn -0.5802 0.8145 0.0003
vn -0.0073 1.0000 0.0011
vn -0.0072 1.0000 -0.0010
vn -0.5797 0.8148 0.0002
vn -0.5790 0.8154 -0.0015
vn -0.0072 1.0000 -0.0025
vn -0.0074 1.0000 0.0010
vn -0.5788 0.8155 0.0005
vn 0.0025 1.0000 -0.0012
vn 0.0017 1.0000 0.0005
vn 0.9984 -0.0274 0.0487
vn 0.9957 -0.0455 0.0801
vn 0.9998 -0.0151 0.0159
vn 0.9999 -0.0084 0.0085
vn 0.9196 -0.1180 0.3747
vn 0.9209 -0.1092 0.3742
vn 0.9516 -0.0934 0.2928
vn 0.9670 -0.0765 0.2429
vn 0.9324 -0.1131 0.3433
vn 0.4968 -0.8405 0.2160
vn 0.5852 -0.7714 0.2498
vn 0.9358 -0.1197 0.3316
vn 0.9999 -0.0150 0.0024
vn 0.9998 -0.0145 0.0126
vn 1.0000 -0.0063 0.0002
vn 1.0000 -0.0041 -0.0044
vn 0.9815 -0.1336 0.1369
vn 0.9659 -0.1345 0.2213
vn 0.9952 -0.0506 0.0838
vn 0.9980 -0.0503 0.0378
vn 0.9464 -0.1307 0.2954
vn 0.9299 -0.1184 0.3482
vn 0.9802 -0.0579 0.1894
vn 0.9894 -0.0525 0.1354
vn 1.0000 0.0013 -0.0029
vn 1.0000 0.0005 -0.0023
vn 1.0000 0.0007 -0.0021
vn 1.0000 0.0028 -0.0029
vn 1.0000 -0.0000 -0.0042
vn 1.0000 -0.0024 -0.0026
vn 1.0000 -0.0003 -0.0027
vn 1.0000 0.0006 -0.0032
vn 1.0000 -0.0034 -0.0006
vn 1.0000 -0.0041 0.0010
vn 1.0000 -0.0027 -0.0005
vn 1.0000 -0.0013 -0.0015
vn -0.0005 1.0000 0.0003
vn 0.0070 1.0000 0.0003
vn 0.0074 1.0000 0.0012
vn -0.0017 1.0000 0.0006
vn -0.0051 1.0000 -0.0040
vn -0.0008 0.9999 -0.0111
vn 0.0053 1.0000 -0.0014
vn -0.0004 1.0000 -0.0002
vn 0.5399 0.8417 0.0020
vn 0.9861 0.1557 0.0580
vn 0.9787 0.2051 0.0063
vn 0.5317 0.8469 -0.0037
vn -0.0000 1.0000 -0.0001
vn -0.0001 1.0000 -0.0002
vn -0.0003 1.0000 -0.0004
vn 0.3775 -0.1356 0.9160
vn -0.2185 -0.1066 0.9700
vn -0.1311 -0.1039 0.9859
vn 0.2238 -0.1219 0.9670
vn 0.5072 -0.1585 0.8471
vn -0.4364 -0.0858 0.8956
vn -0.3242 -0.0840 0.9422
vn 0.4750 -0.1310 0.8702
vn -0.9781 0.1250 -0.1666
vn -0.9105 0.2594 -0.3222
vn -0.9446 0.3261 -0.0376
vn -0.9888 0.1458 -0.0327
vn -0.0133 -0.0100 0.9999
vn -0.0185 0.0014 0.9998
vn -0.0040 -0.0175 0.9998
vn -0.0128 -0.0177 0.9998
vn -0.0424 0.0014 0.9991
vn -0.0704 0.0177 0.9974
vn -0.0463 0.0130 0.9988
vn -0.0229 -0.0043 0.9997
vn 0.0580 -0.0121 0.9982
vn 0.4907 -0.0969 0.8659
vn 0.3469 -0.0532 0.9364
vn -0.0096 0.0115 0.9999
vn 0.0112 0.9998 0.0183
vn 0.0086 0.9998 0.0172
vn 0.0047 0.9962 -0.0864
vn 0.0060 0.9955 -0.0946
vn -0.0140 0.0688 0.9975
vn -0.0039 0.0680 0.9977
vn 0.0011 0.6896 0.7242
vn -0.0022 0.6847 0.7288
vn 0.0047 0.0634 0.9980
vn 0.0446 0.0379 0.9983
vn 0.0116 0.6878 0.7258
vn 0.0030 0.6930 0.7209
vn 0.4865 0.0987 0.8681
vn 0.5671 0.1005 0.8175
vn 0.8921 0.2967 0.3409
vn 0.8160 0.2846 0.5032
vn 0.4934 -0.0472 0.8685
vn 0.3473 -0.0013 0.9378
vn 0.3894 0.0354 0.9204
vn 0.4015 0.0369 0.9151
vn 0.3237 0.0097 0.9461
vn 0.3229 0.0120 0.9464
vn 0.4195 0.0755 0.9046
vn 0.4182 0.0525 0.9069
vn -0.2029 0.3724 0.9056
vn 0.2819 0.2712 0.9203
vn 0.5634 0.2624 0.7834
vn 0.2580 0.3181 0.9123
vn -0.8656 0.4393 0.2403
vn -0.3318 0.4782 0.8131
vn 0.0414 0.3464 0.9372
vn -0.6365 0.4210 0.6463
vn 0.4259 0.1440 0.8933
vn 0.6108 -0.0142 0.7916
vn 0.4896 0.0218 0.8717
vn 0.5024 0.0711 0.8617
vn 0.9732 0.0381 -0.2266
vn 0.8920 0.0367 -0.4506
vn 0.9856 -0.1557 -0.0663
vn 0.9884 -0.1476 -0.0353
vn 0.7199 0.3413 0.6044
vn 0.8585 0.3301 0.3924
vn 0.9452 0.2723 -0.1801
vn 0.9609 0.2599 0.0952
vn 0.9197 0.3388 0.1983
vn 0.9342 0.3565 -0.0151
vn 0.7246 0.2582 -0.6390
vn 0.8655 0.2556 -0.4307
vn -0.9998 -0.0095 0.0166
vn -0.9999 -0.0109 0.0096
vn -1.0000 -0.0051 0.0021
vn -1.0000 -0.0039 0.0039
vn -0.9550 -0.1112 0.2748
vn -0.9694 -0.1174 0.2155
vn -0.9968 -0.0425 0.0679
vn -0.9922 -0.0480 0.1148
vn -0.9844 -0.1166 0.1315
vn -0.9914 0.1218 0.0473
vn -0.9851 0.1716 0.0063
vn -0.9990 -0.0340 0.0302
vn -0.9924 -0.0583 0.1087
vn -0.9966 -0.0377 0.0738
vn -0.9998 -0.0122 0.0148
vn -0.9994 -0.0229 0.0278
vn -0.9624 -0.1108 0.2482
vn -0.9520 -0.0799 0.2954
vn -0.9687 -0.0784 0.2355
vn -0.9537 -0.1148 0.2780
vn -0.9465 -0.0749 0.3139
vn -0.9473 -0.0897 0.3075
vn -0.9856 -0.0496 0.1616
vn -0.9780 -0.0585 0.2004
vn -1.0000 -0.0010 0.0016
vn -1.0000 -0.0001 0.0010
vn -1.0000 0.0002 0.0009
vn -1.0000 -0.0005 0.0010
vn -0.9999 -0.0080 0.0095
vn -1.0000 -0.0045 0.0050
vn -1.0000 -0.0014 0.0021
vn -1.0000 -0.0028 0.0040
vn -1.0000 -0.0014 0.0025
vn -1.0000 -0.0005 0.0014
vn -1.0000 -0.0001 0.0005
vn -1.0000 0.0003 0.0009
vn -0.4451 0.0534 0.8939
vn -0.4011 0.1710 0.8999
vn -0.5475 0.2223 0.8067
vn -0.6130 0.2199 0.7589
vn -0.6701 -0.0789 0.7381
vn -0.0724 0.3508 0.9337
vn -0.3436 0.2070 0.9160
vn -0.5810 -0.0452 0.8126
vn 0.7143 0.4775 0.5116
vn 0.8848 0.2804 -0.3722
vn 0.9288 0.3707 -0.0024
vn 0.3776 0.4015 0.8344
vn -0.6069 0.1194 0.7858
vn -0.4912 0.0938 0.8660
vn -0.8460 0.3036 0.4384
vn -0.9029 0.3351 0.2691
vn -0.1947 0.0023 0.9809
vn -0.1817 0.0054 0.9833
vn -0.2632 0.0329 0.9642
vn -0.3416 0.0383 0.9391
vn -0.3128 -0.0299 0.9494
vn -0.6107 -0.1404 0.7793
vn -0.3827 -0.0290 0.9234
vn -0.2320 0.0366 0.9720
vn -0.2011 0.0950 -0.9750
vn -0.3196 0.1330 -0.9382
vn -0.9270 -0.0022 -0.3752
vn -0.8902 -0.0167 -0.4553
vn -0.7940 0.4178 -0.4416
vn -0.8681 0.4123 -0.2765
vn -0.4607 0.3131 -0.8305
vn -0.3013 0.2670 -0.9154
vn -0.9087 0.4094 -0.0820
vn -0.9262 0.3641 0.0984
vn -0.7526 0.3145 -0.5785
vn -0.6052 0.3423 -0.7187
vn -0.0785 -0.0427 0.9960
vn -0.0381 -0.0226 0.9990
vn -0.0279 -0.0172 0.9995
vn -0.0458 -0.0309 0.9985
vn -0.1608 -0.0658 0.9848
vn -0.0741 -0.0367 0.9966
vn -0.0527 -0.0261 0.9983
vn -0.1175 -0.0480 0.9919
vn -0.0424 -0.0206 0.9989
vn -0.0296 -0.0115 0.9995
vn -0.0223 -0.0121 0.9997
vn -0.0318 -0.0170 0.9993
vn 0.9823 0.1862 -0.0214
vn 0.5676 -0.0395 0.8223
vn 0.3839 -0.0572 0.9216
vn 0.8172 0.2663 0.5111
vn 0.8397 0.1024 -0.5334
vn 0.8138 0.0579 0.5782
vn 0.7084 0.0253 0.7054
vn 0.9272 0.1423 -0.3464
vn -0.0388 -0.0498 0.9980
vn -0.2687 -0.0883 0.9592
vn -0.2409 -0.0795 0.9673
vn -0.1320 -0.0709 0.9887
vn -0.6102 0.7918 0.0270
vn -0.0575 0.9959 0.0698
vn -0.0482 0.9915 -0.1210
vn -0.6333 0.7703 -0.0751
vn 0.1860 0.2614 0.9471
vn 0.2023 0.0279 0.9789
vn 0.0240 0.6287 0.7773
vn -0.4394 0.6339 0.6364
vn -0.0485 -0.0422 0.9979
vn -0.0507 0.0085 0.9987
vn -0.0070 0.6289 0.7775
vn 0.0048 0.6093 0.7929
vn -0.8649 0.2418 0.4399
vn -0.9504 0.2474 0.1886
vn -0.8456 0.3150 -0.4310
vn -0.9121 0.3115 -0.2667
vn -0.9841 -0.1504 0.0941
vn -0.9879 -0.1397 0.0677
vn -0.9370 0.0107 0.3491
vn -0.8633 0.0035 0.5047
vn -0.9929 -0.1084 0.0484
vn -0.9877 0.1505 0.0429
vn -0.9734 0.2263 0.0350
vn -0.9849 0.0263 0.1710
vn -0.1675 0.0959 0.9812
vn -0.3450 0.1608 0.9247
vn -0.8886 0.2903 0.3551
vn -0.7557 0.2897 0.5874
vn -0.9802 -0.0611 0.1883
vn -0.9826 -0.0744 0.1702
vn -0.6133 -0.0114 0.7898
vn -0.5781 -0.0371 0.8151
vn -0.9836 -0.1031 0.1483
vn -0.9848 -0.1283 0.1167
vn -0.7697 0.0023 0.6384
vn -0.6870 -0.0059 0.7267
vn -0.4020 -0.0015 -0.9156
vn -0.3339 0.0197 -0.9424
vn 0.3878 -0.3253 -0.8625
vn -0.3392 -0.0073 -0.9407
vn -0.9202 0.2505 -0.3008
vn -0.8738 0.1888 -0.4482
vn -0.6014 0.1047 -0.7921
vn -0.6604 0.1229 -0.7408
vn -0.7973 0.1678 -0.5798
vn -0.7023 0.1811 -0.6884
vn -0.4754 0.0872 -0.8754
vn -0.5143 0.1031 -0.8514
vn -1.0000 -0.0023 0.0040
vn -1.0000 0.0005 0.0042
vn -1.0000 0.0003 0.0058
vn -1.0000 -0.0027 0.0056
vn -1.0000 -0.0021 0.0021
vn -1.0000 0.0004 0.0017
vn -1.0000 0.0007 0.0025
vn -1.0000 -0.0020 0.0025
vn -1.0000 0.0023 0.0027
vn -0.9836 0.1804 0.0037
vn -0.9833 0.1819 0.0029
vn -1.0000 -0.0000 0.0031
vn -1.0000 -0.0007 0.0021
vn -1.0000 -0.0007 0.0025
vn -1.0000 -0.0015 0.0055
vn -1.0000 -0.0007 0.0053
vn -1.0000 -0.0004 0.0014
vn -1.0000 0.0001 0.0014
vn -1.0000 -0.0001 0.0020
vn -1.0000 -0.0005 0.0018
vn -1.0000 -0.0001 0.0017
vn -1.0000 -0.0024 0.0020
vn -1.0000 -0.0026 0.0025
vn -1.0000 -0.0006 0.0023
vn -0.9408 -0.0609 -0.3333
vn -0.9467 -0.0496 -0.3182
vn -0.9484 -0.0716 -0.3088
vn -0.9515 -0.0602 -0.3016
vn -0.9999 -0.0074 0.0108
vn -0.9998 -0.0047 0.0183
vn -0.9983 -0.0223 -0.0536
vn -0.9957 -0.0373 -0.0852
vn -0.9998 0.0007 0.0188
vn -0.9999 0.0030 0.0127
vn -0.9997 0.0041 -0.0244
vn -0.9994 -0.0065 -0.0336
vn -0.5794 0.8151 0.0011
vn -0.0081 1.0000 0.0009
vn -0.0080 1.0000 -0.0018
vn -0.5765 0.8171 0.0006
vn -0.5779 0.8161 0.0029
vn -0.0074 1.0000 0.0017
vn -0.0078 1.0000 0.0047
vn -0.5784 0.8157 0.0040
vn 0.0035 1.0000 0.0009
vn 0.0078 1.0000 0.0024
vn -0.5597 0.8287 0.0025
vn -0.0052 1.0000 0.0009
vn -0.0018 0.9999 0.0104
vn -0.5649 0.8252 0.0007
vn -0.5705 0.8213 0.0010
vn -0.0079 1.0000 -0.0021
vn -0.0073 1.0000 -0.0009
vn -0.5650 0.8251 0.0008
vn 0.0083 1.0000 -0.0010
vn 0.0061 1.0000 -0.0007
vn 0.0003 0.5471 -0.8371
vn -0.0131 0.5600 -0.8284
vn -0.1139 -0.0327 -0.9930
vn 0.0703 -0.0223 -0.9973
vn -0.0122 0.9848 0.1730
vn 0.0620 0.9870 0.1484
vn 0.0691 0.9905 -0.1189
vn -0.0082 0.9918 -0.1274
vn 0.6354 0.7692 0.0683
vn 0.9936 0.0998 -0.0528
vn 0.9841 0.1639 0.0684
vn 0.6079 0.7918 -0.0585
vn 0.0078 0.5921 -0.8058
vn 0.0066 0.5776 -0.8163
vn 0.0213 0.0701 -0.9973
vn 0.0243 0.0786 -0.9966
vn -0.0138 0.9850 0.1722
vn -0.0131 0.9841 0.1770
vn -0.0103 0.9961 -0.0878
vn -0.0121 0.9969 -0.0778
vn -0.0142 0.9837 0.1792
vn -0.0186 0.9840 0.1774
vn -0.0084 0.9933 -0.1149
vn -0.0072 0.9949 -0.1004
vn 0.0283 -0.0098 -0.9996
vn 0.0422 -0.0173 -0.9990
vn 0.0497 -0.0197 -0.9986
vn 0.0303 -0.0102 -0.9995
vn 0.0276 -0.0067 -0.9996
vn 0.0272 -0.0059 -0.9996
vn 0.0311 -0.0115 -0.9995
vn 0.0262 -0.0086 -0.9996
vn 0.0325 -0.0117 -0.9994
vn 0.0920 -0.0538 -0.9943
vn 0.1891 -0.0764 -0.9790
vn 0.0538 -0.0256 -0.9982
vn -0.0037 1.0000 -0.0010
vn 0.0077 1.0000 -0.0019
vn 0.0075 1.0000 -0.0016
vn -0.0013 1.0000 -0.0009
vn -0.0026 1.0000 0.0008
vn 0.0076 1.0000 0.0016
vn 0.0077 1.0000 0.0010
vn -0.0043 1.0000 0.0005
vn 0.5626 0.8267 0.0005
vn 0.9796 0.2012 -0.0012
vn 0.9797 0.2005 0.0009
vn 0.5637 0.8260 0.0011
vn -0.0001 1.0000 0.0002
vn -0.0056 0.9997 0.0252
vn -0.0052 0.9998 0.0168
vn 1.0000 0.0003 0.0030
vn 1.0000 0.0001 0.0025
vn 1.0000 0.0004 0.0083
vn 1.0000 0.0012 0.0069
vn 1.0000 -0.0000 0.0009
vn 1.0000 0.0012 0.0010
vn 1.0000 0.0008 0.0019
vn 1.0000 0.0004 0.0020
vn 1.0000 0.0015 0.0010
vn 1.0000 0.0013 0.0010
vn 1.0000 0.0017 0.0014
vn 1.0000 0.0014 0.0016
vn 1.0000 0.0029 0.0020
vn 1.0000 0.0021 0.0025
vn 1.0000 0.0023 0.0050
vn 1.0000 0.0050 0.0038
vn 1.0000 0.0035 -0.0018
vn 1.0000 0.0020 0.0002
vn 1.0000 0.0028 0.0005
vn 1.0000 0.0025 -0.0008
vn 1.0000 -0.0003 0.0002
vn 1.0000 0.0009 0.0015
vn 1.0000 0.0036 0.0007
vn 0.9997 -0.0154 -0.0173
vn 0.9989 -0.0152 -0.0442
vn 0.9778 -0.0879 -0.1904
vn 0.9900 -0.0845 -0.1130
vn 1.0000 0.0066 0.0052
vn 1.0000 0.0045 0.0069
vn 1.0000 0.0056 -0.0017
vn 1.0000 0.0029 0.0022
vn 0.9999 0.0089 0.0123
vn 0.9997 0.0101 0.0213
vn 0.9999 0.0125 -0.0049
vn 0.9999 0.0135 -0.0028
vn 0.9796 -0.0432 -0.1964
vn 0.9645 -0.0588 -0.2573
vn 0.9023 -0.1082 -0.4174
vn 0.9167 -0.1065 -0.3851
vn 0.9995 0.0067 0.0297
vn 0.9994 0.0022 0.0337
vn 0.9995 -0.0100 -0.0298
vn 0.9999 0.0037 -0.0129
vn 0.9995 0.0002 0.0323
vn 0.9995 0.0006 0.0302
vn 0.9966 -0.0285 -0.0772
vn 0.9979 -0.0243 -0.0593
vn -0.0027 1.0000 0.0043
vn 0.0067 1.0000 0.0068
vn 0.0197 0.9984 0.0539
vn -0.0109 0.9981 0.0603
vn 0.0073 1.0000 -0.0000
vn 0.5562 0.8310 0.0016
vn 0.9784 0.2068 0.0039
vn 0.9778 0.2093 0.0054
vn 0.5511 0.8344 0.0031
vn 0.2788 -0.1176 -0.9531
vn -0.5234 -0.0265 -0.8517
vn -0.5998 -0.0291 -0.7996
vn 0.1496 -0.8626 -0.4832
vn 0.2050 -0.1462 -0.9678
vn -0.2139 -0.1126 -0.9703
vn -0.3715 -0.0633 -0.9263
vn 0.2931 -0.1297 -0.9472
vn -0.7743 0.1978 -0.6011
vn -0.4499 0.4362 -0.7793
vn -0.7948 0.4072 -0.4499
vn -0.9654 0.1877 -0.1808
vn -0.0007 1.0000 0.0011
vn -0.0000 1.0000 0.0005
vn -0.9865 -0.0478 -0.1569
vn -0.9947 -0.0518 -0.0893
vn -0.9836 -0.1292 -0.1260
vn -0.9716 -0.1357 -0.1938
vn -1.0000 0.0003 0.0059
vn -1.0000 -0.0000 0.0036
vn -0.9999 -0.0062 -0.0136
vn -0.9998 0.0015 -0.0198
vn -1.0000 -0.0002 0.0048
vn -0.9813 0.1922 0.0049
vn -0.9810 0.1939 0.0010
vn -1.0000 -0.0073 -0.0044
vn -0.4651 0.0736 -0.8822
vn -0.0075 0.4029 -0.9152
vn 0.1396 0.5255 -0.8393
vn -0.5135 0.0704 -0.8552
vn -0.6316 0.1963 -0.7500
vn -0.5221 0.2411 -0.8181
vn -0.2578 0.2639 -0.9295
vn -0.4874 0.1040 -0.8670
vn -0.2147 0.3303 -0.9191
vn -0.0512 0.3258 -0.9441
vn 0.8865 0.4328 -0.1640
vn 0.2890 0.3848 -0.8766
vn 0.0110 0.9995 0.0281
vn 0.0082 0.9998 0.0199
vn 0.0070 0.9931 -0.1167
vn 0.0164 0.9925 -0.1210
vn -0.0217 0.0419 0.9989
vn -0.0193 0.0541 0.9983
vn -0.0048 0.6517 0.7585
vn -0.0048 0.6435 0.7654
vn -0.0197 0.0616 0.9979
vn -0.0175 0.0665 0.9976
vn -0.0035 0.6729 0.7397
vn -0.0060 0.6635 0.7482
vn -0.7379 0.0794 -0.6702
vn -0.8597 0.0671 -0.5063
vn -0.9884 -0.1255 -0.0854
vn -0.9860 -0.1044 -0.1301
vn -0.8984 0.3305 0.2892
vn -0.8264 0.3045 0.4736
vn -0.9484 0.2750 -0.1579
vn -0.8757 0.2841 -0.3905
vn -0.6984 0.2968 0.6513
vn -0.2017 0.4263 0.8818
vn -0.8505 0.3318 0.4081
vn -0.9582 0.2655 0.1068
vn -1.0000 -0.0026 0.0015
vn -1.0000 -0.0027 0.0009
vn -1.0000 -0.0010 0.0013
vn -1.0000 -0.0024 0.0022
vn -1.0000 -0.0030 0.0010
vn -1.0000 -0.0035 0.0007
vn -1.0000 -0.0034 0.0003
vn -1.0000 -0.0027 0.0004
vn -1.0000 0.0026 0.0006
vn -0.9837 0.1801 0.0003
vn -0.9836 0.1803 -0.0000
vn -1.0000 0.0028 0.0002
vn 0.5397 0.0800 -0.8380
vn 0.4262 0.0600 -0.9027
vn 0.9641 -0.0737 -0.2552
vn 0.9778 -0.0872 -0.1904
vn 0.8956 0.3838 -0.2249
vn 0.8235 0.3722 -0.4282
vn 0.4089 0.2369 -0.8813
vn 0.5715 0.2700 -0.7749
vn 0.7169 0.3618 -0.5960
vn 0.6414 0.4186 -0.6430
vn 0.1389 -0.4782 -0.8672
vn 0.2431 0.1885 -0.9515
vn -0.0109 0.9999 0.0066
vn -0.0073 1.0000 0.0045
vn -0.0100 0.9979 -0.0643
vn -0.0047 0.9979 -0.0644
vn 0.0792 -0.0215 0.9966
vn -0.0549 -0.0198 0.9983
vn -0.0157 0.7040 0.7101
vn -0.0008 0.6782 0.7348
vn -0.1311 0.2108 0.9687
vn 0.1361 0.5013 0.8545
vn 0.8506 0.3166 0.4197
vn 0.4433 0.6305 0.6371
vn -0.0017 1.0000 -0.0006
vn 0.0076 1.0000 -0.0012
vn 0.0076 1.0000 0.0005
vn -0.0012 1.0000 0.0003
vn -0.0031 1.0000 0.0005
vn 0.0076 1.0000 0.0010
vn 0.0077 1.0000 -0.0010
vn -0.0031 1.0000 -0.0005
vn 0.5528 0.8333 -0.0009
vn 0.9777 0.2098 -0.0037
vn 0.9784 0.2065 -0.0024
vn 0.5555 0.8315 -0.0014
vn 1.0000 -0.0017 -0.0007
vn 1.0000 -0.0003 0.0005
vn 1.0000 0.0010 0.0005
vn 1.0000 -0.0007 -0.0001
vn 1.0000 -0.0042 0.0026
vn 1.0000 -0.0063 0.0053
vn 1.0000 -0.0026 0.0017
vn 1.0000 -0.0026 0.0003
vn 0.9999 -0.0109 0.0115
vn 0.9998 -0.0138 0.0157
vn 1.0000 -0.0036 0.0063
vn 1.0000 -0.0032 0.0045
vn -0.0687 -0.0318 -0.9971
vn 0.0161 -0.0003 -0.9999
vn 0.0193 0.0047 -0.9998
vn -0.1126 -0.0428 -0.9927
vn 0.0002 -0.0256 -0.9997
vn 0.0148 -0.0208 -0.9997
vn 0.0121 -0.0104 -0.9999
vn -0.0128 -0.0178 -0.9998
vn 0.0233 -0.0150 -0.9996
vn 0.0270 -0.0101 -0.9996
vn 0.0231 -0.0093 -0.9997
vn 0.0190 -0.0107 -0.9998
vn 0.3792 0.0507 -0.9239
vn 0.4647 0.0352 -0.8848
vn -0.2898 -0.3236 -0.9007
vn -0.3271 -0.3338 -0.8841
vn 0.9200 0.2546 -0.2980
vn 0.9686 0.2369 -0.0748
vn 0.7564 0.1293 -0.6412
vn 0.6528 0.1515 -0.7422
vn 0.9582 0.2401 0.1555
vn 0.9179 0.3165 0.2394
vn 0.8746 0.1818 -0.4494
vn 0.8559 0.1274 -0.5012
vn -1.0000 -0.0079 0.0055
vn -0.9936 -0.0438 -0.1039
vn -1.0000 -0.0000 0.0054
vn -0.9386 -0.0691 -0.3381
vn -0.9530 -0.0713 -0.2946
vn -1.0000 0.0008 0.0014
vn -1.0000 0.0004 0.0018
vn -1.0000 0.0002 0.0011
vn -1.0000 -0.0002 0.0020
vn -0.9112 0.3227 -0.2560
vn -0.6590 0.1596 -0.7351
vn -0.5765 -0.3043 0.7583
vn -0.4219 0.0109 -0.9066
vn -0.3618 -0.0004 -0.9323
vn -0.9796 -0.0825 0.1831
vn -0.2795 -0.8499 0.4468
vn -0.0317 -0.6469 0.7620
vn 0.8622 0.0518 0.5039
vn 0.0093 -0.8350 0.5502
vn -0.1880 -0.7736 0.6052
vn 0.8182 -0.3783 -0.4329
vn 0.5655 -0.7590 -0.3227
vn 0.8764 0.2887 -0.3856
vn -0.0877 -0.0455 0.9951
vn -0.0493 -0.0225 0.9985
vn -0.0343 -0.0104 0.9994
vn -0.1839 -0.0807 0.9796
vn -0.7255 0.4788 -0.4944
vn -0.2533 -0.3853 -0.8874
vn -0.8887 0.4070 0.2113
vn -0.1628 -0.7269 -0.6672
vn -0.8563 -0.0292 -0.5157
vn 0.4562 -0.3888 0.8004
vn 0.3250 -0.4998 0.8029
vn -0.7167 -0.2052 0.6665
vn -0.2149 0.0011 0.9766
vn -0.3635 0.0584 0.9298
vn -0.1769 0.0060 0.9842
vn -0.1664 0.0045 0.9860
vn -0.6282 0.1809 0.7568
vn 0.1021 0.4628 0.8805
vn 0.9537 -0.1199 0.2758
vn -0.6891 -0.0679 0.7215
vn -0.9999 -0.0096 0.0125
vn -1.0000 -0.0031 0.0050
vn -0.9989 -0.0287 0.0364
vn -1.0000 -0.0010 0.0019
vn -0.5037 -0.8508 0.1500
vn -0.5973 -0.7733 0.2127
vn -0.9893 -0.0698 0.1278
vn -0.7849 -0.0522 0.6174
vn -0.1257 -0.2153 0.9684
vn 0.6954 -0.0408 0.7174
vn -0.8008 -0.4398 -0.4066
vn -0.9741 -0.2259 -0.0026
vn -0.3119 -0.3874 0.8675
vn 0.3178 0.0065 0.9481
vn 0.3173 0.0093 0.9483
vn -0.1807 -0.5148 0.8381
vn -0.0796 0.0216 0.9966
vn 0.1059 -0.0164 0.9942
vn 0.4149 -0.7386 0.5313
vn -0.0545 0.0041 0.9985
vn -0.2664 -0.9254 0.2696
vn -0.6098 -0.7649 -0.2076
vn 0.2691 -0.9053 0.3288
vn 0.9011 0.3791 0.2103
vn -0.0000 -1.0000 -0.0000
vn -0.0000 0.0449 0.9990
vn 0.5872 0.0449 0.8082
vn 0.5362 -0.4096 0.7380
vn -0.0000 -0.4096 0.9123
vn 0.9501 0.0449 -0.3087
vn 0.5872 0.0449 -0.8082
vn 0.5362 -0.4096 -0.7380
vn 0.8676 -0.4096 -0.2819
vn -0.5872 0.0449 -0.8082
vn -0.9501 0.0449 -0.3087
vn -0.8676 -0.4096 -0.2819
vn -0.5362 -0.4096 -0.7380
vn -0.5872 0.0449 0.8082
vn -0.5362 -0.4096 0.7380
vn 0.9501 0.0449 0.3087
vn 0.8676 -0.4096 0.2819
vn -0.0000 0.0449 -0.9990
vn -0.0000 -0.4096 -0.9123
vn -0.9501 0.0449 0.3087
vn -0.8676 -0.4096 0.2819
vn 0.5659 -0.2702 -0.7789
vn -0.0000 -0.2702 -0.9628
vn -0.0000 -0.0049 -1.0000
vn 0.5878 -0.0049 -0.8090
vn -0.0000 0.2606 -0.9654
vn 0.5675 0.2606 -0.7811
vn 0.9157 -0.2702 -0.2975
vn 0.9510 -0.0049 -0.3090
vn 0.9182 0.2606 -0.2983
vn 0.9157 -0.2702 0.2975
vn 0.9510 -0.0049 0.3090
vn 0.9182 0.2606 0.2983
vn 0.5659 -0.2702 0.7789
vn 0.5878 -0.0049 0.8090
vn 0.5675 0.2606 0.7811
vn -0.0000 -0.2702 0.9628
vn -0.0000 -0.0049 1.0000
vn -0.0000 0.2606 0.9654
vn -0.5659 -0.2702 0.7789
vn -0.5878 -0.0049 0.8090
vn -0.5675 0.2606 0.7811
vn -0.9157 -0.2702 0.2975
vn -0.9510 -0.0049 0.3090
vn -0.9182 0.2606 0.2983
vn -0.9157 -0.2702 -0.2975
vn -0.9510 -0.0049 -0.3090
vn -0.9182 0.2606 -0.2983
vn -0.5659 -0.2702 -0.7789
vn -0.5878 -0.0049 -0.8090
vn -0.5675 0.2606 -0.7811
vn -0.0000 -0.0335 -0.9994
vn 0.5875 -0.0335 -0.8086
vn 0.5441 -0.3785 -0.7488
vn -0.0000 -0.3785 -0.9256
vn -0.5875 -0.0335 -0.8086
vn -0.5441 -0.3785 -0.7488
vn 0.8803 -0.3785 -0.2860
vn 0.9505 -0.0335 -0.3088
vn 0.8803 -0.3785 0.2860
vn 0.9505 -0.0335 0.3088
vn 0.5441 -0.3785 0.7488
vn 0.5875 -0.0335 0.8086
vn -0.0000 -0.0335 0.9994
vn -0.0000 -0.3785 0.9256
vn -0.5441 -0.3785 0.7488
vn -0.5875 -0.0335 0.8086
vn -0.8803 -0.3785 0.2860
vn -0.9505 -0.0335 0.3088
vn -0.8803 -0.3785 -0.2860
vn -0.9505 -0.0335 -0.3088
vn 0.5603 -0.3021 -0.7712
vn -0.0000 -0.3021 -0.9533
vn -0.0000 0.0067 -1.0000
vn 0.5878 0.0067 -0.8090
vn -0.0000 0.3149 -0.9491
vn 0.5579 0.3149 -0.7679
vn 0.9066 -0.3021 -0.2946
vn 0.9510 0.0067 -0.3090
vn 0.9027 0.3149 -0.2933
vn 0.9066 -0.3021 0.2946
vn 0.9510 0.0067 0.3090
vn 0.9027 0.3149 0.2933
vn 0.5603 -0.3021 0.7712
vn 0.5878 0.0067 0.8090
vn 0.5579 0.3149 0.7679
vn -0.0000 -0.3021 0.9533
vn -0.0000 0.0067 1.0000
vn -0.0000 0.3149 0.9491
vn -0.5603 -0.3021 0.7712
vn -0.5878 0.0067 0.8090
vn -0.5579 0.3149 0.7679
vn -0.9066 -0.3021 0.2946
vn -0.9510 0.0067 0.3090
vn -0.9027 0.3149 0.2933
vn -0.9066 -0.3021 -0.2946
vn -0.9510 0.0067 -0.3090
vn -0.9027 0.3149 -0.2933
vn -0.5603 -0.3021 -0.7712
vn -0.5878 0.0067 -0.8090
vn -0.5579 0.3149 -0.7679
vn -0.0000 0.2149 -0.9766
vn 0.5741 0.2149 -0.7901
vn -0.5741 0.2149 -0.7901
vn 0.9288 0.2149 -0.3018
vn 0.9288 0.2149 0.3018
vn 0.5740 0.2149 0.7901
vn -0.0000 0.2149 0.9766
vn -0.5740 0.2149 0.7901
vn -0.9288 0.2149 0.3018
vn -0.9288 0.2149 -0.3018
vn 0.5868 0.0569 -0.8077
vn -0.0000 0.0569 -0.9984
vn -0.0000 0.2489 -0.9685
vn 0.5693 0.2489 -0.7836
vn 0.9495 0.0569 -0.3085
vn 0.9211 0.2489 -0.2993
vn 0.9495 0.0569 0.3085
vn 0.9211 0.2489 0.2993
vn 0.5868 0.0569 0.8077
vn 0.5693 0.2489 0.7836
vn -0.0000 0.0569 0.9984
vn -0.0000 0.2489 0.9685
vn -0.5868 0.0569 0.8077
vn -0.5693 0.2489 0.7836
vn -0.9495 0.0569 0.3085
vn -0.9211 0.2489 0.2993
vn -0.9495 0.0569 -0.3085
vn -0.9211 0.2489 -0.2993
vn -0.5868 0.0569 -0.8077
vn -0.5693 0.2489 -0.7836
vn -0.0000 -0.1210 -0.9926
vn 0.5835 -0.1210 -0.8031
vn -0.5835 -0.1210 -0.8031
vn 0.9441 -0.1210 -0.3067
vn 0.9441 -0.1210 0.3067
vn 0.5835 -0.1210 0.8031
vn -0.0000 -0.1210 0.9926
vn -0.5835 -0.1210 0.8031
vn -0.9441 -0.1210 0.3067
vn -0.9441 -0.1210 -0.3067
vn 0.5376 -0.4042 -0.7400
vn -0.0000 -0.4041 -0.9147
vn -0.0000 -0.0350 -0.9994
vn 0.5874 -0.0350 -0.8085
vn -0.0000 0.3385 -0.9410
vn 0.5531 0.3385 -0.7613
vn 0.8699 -0.4042 -0.2827
vn 0.9505 -0.0350 -0.3088
vn 0.8949 0.3385 -0.2908
vn 0.8699 -0.4042 0.2827
vn 0.9505 -0.0350 0.3088
vn 0.8949 0.3385 0.2908
vn 0.5376 -0.4042 0.7400
vn 0.5874 -0.0350 0.8085
vn 0.5531 0.3385 0.7613
vn -0.0000 -0.4042 0.9147
vn -0.0000 -0.0350 0.9994
vn -0.0000 0.3385 0.9410
vn -0.5376 -0.4042 0.7400
vn -0.5874 -0.0350 0.8085
vn -0.5531 0.3385 0.7613
vn -0.8699 -0.4042 0.2827
vn -0.9505 -0.0350 0.3088
vn -0.8949 0.3385 0.2908
vn -0.8699 -0.4042 -0.2827
vn -0.9505 -0.0350 -0.3088
vn -0.8949 0.3385 -0.2908
vn -0.5376 -0.4042 -0.7400
vn -0.5874 -0.0350 -0.8085
vn -0.5531 0.3385 -0.7613
vn -0.5878 -0.0000 -0.8090
vn -0.0000 -0.0000 -1.0000
vn -0.9511 -0.0000 -0.3090
vn -0.9511 -0.0000 0.3090
vn -0.5878 -0.0000 0.8090
vn -0.0000 -0.0000 1.0000
vn 0.5878 -0.0000 0.8090
vn 0.9511 -0.0000 0.3090
vn 0.9511 -0.0000 -0.3090
vn 0.5878 -0.0000 -0.8090
vn 0.5741 0.2149 0.7901
vn -0.5741 0.2149 0.7901
vn 0.5376 -0.4041 -0.7400
vn 0.5376 -0.4041 0.7400
vn -0.0000 -0.4041 0.9147
vn -0.5376 -0.4041 0.7400
vn -0.5376 -0.4041 -0.7400
vn -0.0341 -0.7067 0.7067
vn -0.3228 -0.3228 0.8897
vn -0.5774 -0.5774 0.5774
vn -0.3228 -0.8897 0.3228
vn -0.7067 -0.0341 0.7067
vn -0.8897 -0.3228 0.3228
vn -0.7067 -0.7067 0.0341
vn -0.7067 -0.7067 -0.0341
vn -0.8897 -0.3228 -0.3228
vn -0.5774 -0.5774 -0.5774
vn -0.3228 -0.8897 -0.3228
vn -0.7067 -0.0341 -0.7067
vn -0.3228 -0.3228 -0.8897
vn -0.0341 -0.7067 -0.7067
vn 0.7067 -0.7067 0.0341
vn 0.8897 -0.3228 0.3228
vn 0.5774 -0.5774 0.5774
vn 0.3228 -0.8897 0.3228
vn 0.7067 -0.0341 0.7067
vn 0.3228 -0.3228 0.8897
vn 0.0341 -0.7067 0.7067
vn 0.0341 -0.7067 -0.7067
vn 0.3228 -0.3228 -0.8897
vn 0.5774 -0.5774 -0.5774
vn 0.3228 -0.8897 -0.3228
vn 0.7067 -0.0341 -0.7067
vn 0.8897 -0.3228 -0.3228
vn 0.7067 -0.7067 -0.0341
vn -1.0000 -0.0000 -0.0000
vn 1.0000 -0.0000 -0.0000
vn -0.9510 -0.0050 -0.3090
vn -0.5874 -0.0335 -0.8086
vn -0.5874 -0.0335 0.8086
vn -0.9505 -0.0335 0.3089
vn -0.9505 -0.0335 -0.3089
vn 0.8699 -0.4041 -0.2827
vn 0.8699 -0.4041 0.2827
vn -0.8699 -0.4041 0.2827
vn -0.8699 -0.4041 -0.2827
vn -0.5773 -0.5774 0.5774
vn -0.5773 -0.5774 -0.5774
vn 0.5773 -0.5774 0.5773
vn 0.5773 -0.5774 -0.5773
vn -0.5773 -0.5774 0.5773
vn -0.5774 -0.5774 -0.5773
vn 0.5774 -0.5774 -0.5773
vn -0.0000 -0.0050 -1.0000
vn -0.9510 -0.0050 0.3090
vn -0.5685 -0.0098 0.8227
vn -0.4723 0.0037 0.8814
vn 0.0256 -0.5817 0.8130
vn -0.0450 -0.6189 0.7842
vn -0.0211 0.0047 0.9998
vn -0.0238 0.0013 0.9997
vn -0.0238 0.0067 0.9997
vn -0.0230 0.0076 0.9997
vn -1.0000 -0.0000 -0.0019
vn -1.0000 -0.0011 -0.0010
vn -1.0000 -0.0005 -0.0013
vn -1.0000 0.0004 -0.0025
vn -0.5564 -0.8309 0.0021
vn -0.5593 -0.8290 0.0013
vn -0.9799 -0.1993 0.0032
vn -0.9796 -0.2010 0.0030
vn -0.5493 -0.8356 -0.0101
vn -0.5606 -0.8263 0.0554
vn -0.9921 -0.1239 0.0180
vn -0.9747 -0.2164 0.0564
vn -0.3268 -0.0325 0.9445
vn -0.9499 0.0599 0.3066
vn -0.9345 0.0685 0.3492
vn -0.2793 -0.0239 0.9599
vn 1.0000 -0.0034 0.0003
vn 1.0000 -0.0039 -0.0008
vn 0.9843 -0.1765 -0.0013
vn 0.9843 -0.1768 0.0008
vn 0.9560 -0.0491 0.2893
vn 0.9889 0.1412 0.0463
vn 0.9960 -0.0856 0.0264
vn 0.9717 -0.2166 0.0939
vn -0.0068 -0.9998 -0.0163
vn -0.0038 -0.9937 0.1117
vn -0.0057 -0.9946 0.1040
vn -0.0107 -0.9998 -0.0152
vn -0.6635 -0.5149 0.5428
vn -0.7331 -0.6036 0.3134
vn -0.8417 -0.3933 -0.3699
vn -0.9036 -0.3719 -0.2127
vn 0.9985 0.0409 0.0366
vn 0.9926 0.0989 0.0711
vn 0.9876 -0.1539 0.0298
vn 0.9834 -0.1815 0.0067
vn 0.0028 -1.0000 -0.0040
vn 0.0044 -0.9999 -0.0095
vn 0.9850 -0.1204 -0.1236
vn 0.9674 -0.1038 -0.2309
vn 0.9199 -0.3364 -0.2014
vn 0.9385 -0.3426 0.0432
vn -0.5469 -0.8372 -0.0075
vn -0.5674 -0.8232 -0.0202
vn -0.9854 -0.1653 0.0404
vn -0.9794 -0.2019 0.0005
vn -0.9472 0.0765 0.3112
vn -0.8914 0.1187 0.4374
vn -0.8842 0.1376 0.4464
vn -0.9377 0.0821 0.3375
vn -0.9966 0.0160 0.0813
vn -0.9583 0.0981 0.2685
vn -0.9371 0.1004 0.3342
vn -0.9905 0.0285 0.1342
vn -1.0000 -0.0041 -0.0024
vn -1.0000 -0.0040 -0.0052
vn -1.0000 -0.0030 -0.0057
vn -1.0000 -0.0019 -0.0028
vn -1.0000 -0.0009 -0.0019
vn -1.0000 -0.0018 -0.0098
vn -0.9999 -0.0027 -0.0107
vn -1.0000 -0.0015 -0.0016
vn 0.0002 -1.0000 -0.0004
vn 0.0076 -0.9993 -0.0353
vn 0.0120 -0.9987 -0.0485
vn 0.0013 -1.0000 -0.0014
vn 0.0002 -1.0000 -0.0000
vn -0.5623 -0.8270 0.0009
vn -0.5592 -0.8291 0.0004
vn -0.9797 -0.2003 -0.0019
vn -0.9802 -0.1980 -0.0009
vn -0.0972 0.0462 0.9942
vn -0.1261 0.0588 0.9903
vn -0.3274 0.1383 0.9347
vn -0.2826 0.1049 0.9535
vn -0.0069 -0.5666 0.8239
vn -0.0190 -0.0585 0.9981
vn -0.0279 -0.0390 0.9988
vn -0.0057 -0.5573 0.8303
vn -0.4038 -0.6033 0.6877
vn 0.2566 -0.1827 0.9491
vn -0.1694 -0.4412 0.8813
vn -0.8791 -0.3345 0.3395
vn -0.0051 -1.0000 0.0001
vn -0.0092 -0.9999 -0.0056
vn -0.0012 -1.0000 -0.0015
vn -0.0001 -1.0000 -0.0000
vn -0.0115 -0.9999 -0.0005
vn -0.0109 -0.9999 0.0009
vn 0.9584 0.0464 0.2816
vn 0.9504 0.0970 0.2955
vn 0.9595 0.1180 0.2558
vn 0.9741 0.0429 0.2222
vn 1.0000 0.0013 -0.0032
vn 1.0000 0.0017 -0.0058
vn 1.0000 0.0026 -0.0056
vn 1.0000 0.0027 -0.0037
vn 1.0000 0.0003 -0.0037
vn 1.0000 -0.0006 -0.0058
vn 0.9827 -0.1849 -0.0043
vn 0.9834 -0.1812 -0.0021
vn 0.3322 -0.0193 0.9430
vn 0.3263 0.0021 0.9453
vn 0.8875 -0.3180 0.3337
vn 0.4592 0.0167 0.8882
vn 0.5392 -0.1974 -0.8187
vn 0.9455 -0.2943 -0.1392
vn 0.9485 -0.3072 0.0779
vn 0.7202 -0.2273 -0.6555
vn 0.9643 -0.2473 0.0946
vn 0.6956 -0.3353 0.6353
vn 0.0751 -0.5636 0.8226
vn 0.8252 -0.3235 0.4630
vn -0.0332 -0.9974 -0.0638
vn -0.0351 -0.9906 0.1324
vn -0.0315 -0.9916 0.1254
vn -0.0206 -0.9989 -0.0416
vn 0.1580 0.1111 -0.9812
vn 0.1178 0.1236 -0.9853
vn 0.1183 0.0699 -0.9905
vn 0.1877 0.0844 -0.9786
vn 0.0257 0.0153 -0.9996
vn 0.0233 0.0147 -0.9996
vn 0.0186 0.0157 -0.9997
vn 0.0186 0.0125 -0.9997
vn 0.4540 -0.1486 0.8785
vn 0.9602 0.0134 0.2791
vn 0.9788 0.0577 0.1965
vn 0.6016 -0.1137 0.7906
vn 0.3708 -0.0885 -0.9245
vn 0.7592 -0.2898 -0.5827
vn 0.6779 -0.2474 -0.6923
vn 0.3504 -0.0579 -0.9348
vn 0.0610 -0.3143 -0.9474
vn 0.3718 -0.2655 -0.8895
vn -0.3885 -0.4743 -0.7900
vn -0.1331 -0.3179 -0.9387
vn 1.0000 -0.0007 -0.0008
vn 1.0000 -0.0005 -0.0012
vn 1.0000 0.0016 -0.0018
vn 1.0000 0.0006 -0.0012
vn 0.9987 0.0227 -0.0464
vn 1.0000 0.0052 -0.0082
vn 1.0000 0.0019 -0.0053
vn 0.9995 0.0123 -0.0275
vn 1.0000 0.0083 -0.0021
vn 1.0000 0.0003 0.0010
vn 0.9843 -0.1767 0.0029
vn 0.9842 -0.1769 0.0027
vn -0.7787 -0.0243 0.6269
vn -0.9842 0.1519 0.0906
vn -0.9850 0.1163 0.1274
vn -0.6599 -0.0492 0.7497
vn -0.5063 -0.1139 -0.8548
vn -0.6757 -0.2380 -0.6977
vn -0.7383 -0.2523 -0.6255
vn -0.4795 -0.0899 -0.8729
vn -0.6612 -0.1331 -0.7383
vn -0.9336 -0.3284 -0.1431
vn -0.9148 -0.3980 -0.0688
vn -0.0062 -0.7028 -0.7113
vn -0.0070 -0.9999 -0.0147
vn -0.0041 -0.9968 0.0799
vn -0.0053 -0.9974 0.0725
vn -0.0079 -0.9999 -0.0117
vn 0.0186 -0.0188 -0.9997
vn -0.0007 0.0093 -1.0000
vn -0.1138 0.0332 -0.9930
vn -0.2175 0.0302 -0.9756
vn 0.9647 -0.1857 -0.1866
vn 0.7943 -0.2063 -0.5714
vn 0.5467 -0.4719 -0.6917
vn 0.8607 -0.4078 -0.3047
vn 0.0001 -1.0000 -0.0000
vn -0.5387 -0.8425 0.0033
vn -0.5465 -0.8375 0.0026
vn -0.9776 -0.2103 0.0065
vn -0.9773 -0.2120 0.0047
vn -1.0000 -0.0001 0.0018
vn -1.0000 -0.0013 0.0016
vn -1.0000 0.0013 0.0008
vn -1.0000 0.0020 0.0012
vn -0.9997 0.0113 -0.0204
vn -1.0000 0.0057 -0.0032
vn -1.0000 0.0063 -0.0051
vn -0.9994 0.0152 -0.0298
vn -0.9900 0.0721 -0.1211
vn -0.9990 0.0305 -0.0320
vn -0.9983 0.0405 -0.0430
vn -0.9859 0.0870 -0.1429
vn -0.0030 -1.0000 -0.0005
vn -0.0029 -1.0000 0.0005
vn -0.0038 -1.0000 -0.0015
vn -0.0049 -1.0000 0.0007
vn 0.4348 0.1938 0.8794
vn 0.4454 0.2509 0.8595
vn 0.3164 -0.6536 0.6875
vn 0.3952 0.1287 0.9096
vn 0.0112 -0.6288 0.7775
vn 0.1299 0.0364 0.9909
vn 0.0426 -0.0523 0.9977
vn 0.0046 -0.6470 0.7625
vn -0.0089 -0.6209 0.7839
vn -0.0251 -0.0890 0.9957
vn -0.0262 -0.0840 0.9961
vn -0.0089 -0.6048 0.7963
vn -0.5788 -0.0336 0.8148
vn -0.8819 -0.4715 0.0001
vn -0.8664 -0.2936 0.4040
vn -0.4910 0.0187 0.8710
vn -0.6946 -0.2122 -0.6874
vn -0.9438 -0.3193 -0.0855
vn -0.8950 -0.3159 -0.3149
vn -0.5138 -0.1837 -0.8380
vn -0.0004 -0.1277 -0.9918
vn -0.3569 -0.2733 -0.8933
vn -0.2697 -0.3036 -0.9138
vn 0.0594 -0.1162 -0.9915
vn -0.3144 -0.1194 -0.9418
vn -0.7717 -0.3146 -0.5527
vn -0.5699 -0.2973 -0.7660
vn -0.1369 -0.1210 -0.9832
vn -0.9794 0.1302 0.1545
vn -0.7761 0.0692 -0.6267
vn -0.7437 0.0577 -0.6660
vn -0.9839 0.1227 0.1300
vn -0.9875 0.1214 0.1005
vn -0.7189 0.0377 -0.6941
vn -0.6849 0.0555 -0.7266
vn -0.9833 0.1575 0.0908
vn -0.9704 -0.1961 -0.1410
vn -0.8081 -0.3590 0.4670
vn -0.9285 -0.3373 0.1552
vn -0.8513 -0.1902 -0.4890
vn -0.9824 0.1511 0.1095
vn -0.9787 0.0635 -0.1954
vn -0.9460 0.0539 -0.3197
vn -0.9777 0.1532 0.1438
vn -0.9741 0.1545 0.1654
vn -0.8939 0.0369 -0.4468
vn -0.8244 0.0384 -0.5647
vn -0.9760 0.1355 0.1705
vn 0.5716 -0.5150 0.6388
vn 0.6623 -0.5841 0.4692
vn -0.5526 -0.8252 0.1170
vn -0.1132 -0.4127 0.9038
vn -0.2450 -0.3473 0.9052
vn 0.1873 -0.4104 0.8925
vn -0.2972 -0.3158 0.9011
vn -0.6121 -0.2688 0.7437
vn -0.7830 -0.2052 0.5872
vn -0.6010 -0.1198 0.7902
vn -0.6025 -0.1281 0.7877
vn -0.8612 -0.2168 0.4598
vn -0.0047 -0.6452 0.7640
vn -0.0092 -0.0850 0.9963
vn -0.0200 -0.0902 0.9957
vn -0.0073 -0.6337 0.7735
vn 0.0079 -0.9907 -0.1355
vn 0.0123 -0.9985 0.0529
vn 0.0124 -0.9984 0.0553
vn 0.0084 -0.9892 -0.1466
vn 0.0113 -0.9875 -0.1573
vn 0.0128 -0.9981 0.0601
vn 0.0132 -0.9977 0.0669
vn 0.0134 -0.9861 -0.1658
vn 0.4166 -0.6098 0.6743
vn -0.2374 -0.1985 0.9509
vn -0.0507 0.0621 0.9968
vn -0.0048 -0.6665 0.7455
vn 0.5766 -0.8144 -0.0659
vn 0.5703 -0.8209 0.0301
vn 0.0275 -0.9992 0.0278
vn 0.0126 -0.9968 -0.0795
vn 0.0016 -0.9946 -0.1038
vn -0.0001 -0.9993 0.0365
vn 0.0113 -0.9987 0.0500
vn 0.0068 -0.9925 -0.1222
vn -0.9621 -0.1966 -0.1891
vn -0.6328 -0.7589 -0.1537
vn -0.4047 -0.5081 0.7603
vn -0.4386 0.0714 0.8958
vn -0.8942 -0.2133 0.3936
vn -0.9791 -0.2010 0.0318
vn -0.2853 0.0895 0.9542
vn -0.1372 0.1406 0.9805
vn 0.2927 0.1618 0.9424
vn 0.4034 0.1494 0.9027
vn 0.2452 0.0721 0.9668
vn 0.1340 0.0691 0.9886
vn -0.0000 -1.0000 -0.0001
vn -0.0077 -0.9999 0.0092
vn -0.0002 -1.0000 0.0002
vn -0.0020 -1.0000 0.0019
vn -0.0001 -1.0000 0.0004
vn -0.0001 -1.0000 0.0002
vn 0.5747 -0.8184 0.0002
vn 0.5790 -0.8153 0.0023
vn 0.0037 -1.0000 0.0012
vn 0.0038 -1.0000 -0.0030
vn 0.5927 -0.8053 0.0165
vn 0.5722 -0.8201 0.0052
vn 0.0026 -1.0000 0.0061
vn 0.0126 -0.9988 0.0466
vn -0.0178 -0.9988 0.0462
vn -0.0042 -1.0000 0.0035
vn -0.0009 -1.0000 0.0010
vn -0.0159 -0.9995 0.0261
vn 0.5800 -0.8146 -0.0003
vn 0.5795 -0.8150 -0.0002
vn 0.0036 -1.0000 0.0010
vn 0.0037 -1.0000 -0.0011
vn 0.5787 -0.8155 0.0015
vn 0.5785 -0.8157 -0.0005
vn 0.0038 -1.0000 -0.0010
vn 0.0036 -1.0000 0.0025
vn -0.0025 -1.0000 0.0012
vn -0.0017 -1.0000 -0.0005
vn -0.9984 0.0273 -0.0485
vn -0.9999 0.0084 -0.0084
vn -0.9998 0.0151 -0.0159
vn -0.9958 0.0455 -0.0799
vn -0.9205 0.1178 -0.3727
vn -0.9670 0.0765 -0.2429
vn -0.9516 0.0934 -0.2928
vn -0.9218 0.1091 -0.3721
vn -0.9331 0.1130 -0.3415
vn -0.9358 0.1197 -0.3315
vn -0.9258 0.1451 -0.3490
vn -0.9354 0.1419 -0.3237
vn -0.9999 0.0155 -0.0024
vn -1.0000 0.0046 0.0044
vn -1.0000 0.0063 -0.0002
vn -0.9998 0.0145 -0.0126
vn -0.9815 0.1344 -0.1365
vn -0.9980 0.0509 -0.0379
vn -0.9952 0.0506 -0.0838
vn -0.9661 0.1344 -0.2202
vn -0.9469 0.1306 -0.2937
vn -0.9894 0.0524 -0.1354
vn -0.9802 0.0578 -0.1894
vn -0.9306 0.1183 -0.3463
vn -1.0000 -0.0009 0.0029
vn -1.0000 -0.0024 0.0029
vn -1.0000 -0.0005 0.0023
vn -1.0000 -0.0002 0.0032
vn -1.0000 0.0003 0.0027
vn -1.0000 0.0024 0.0026
vn -1.0000 0.0034 0.0006
vn -1.0000 0.0013 0.0015
vn -1.0000 0.0027 0.0005
vn -1.0000 0.0041 -0.0010
vn 0.0005 -1.0000 -0.0003
vn 0.0017 -1.0000 -0.0006
vn -0.0043 -1.0000 -0.0012
vn -0.0039 -1.0000 -0.0003
vn 0.0051 -1.0000 0.0040
vn 0.0004 -1.0000 0.0002
vn -0.0022 -1.0000 0.0014
vn 0.0040 -0.9999 0.0112
vn -0.5393 -0.8421 -0.0020
vn -0.5311 -0.8473 0.0038
vn -0.9793 -0.2022 -0.0063
vn -0.9866 -0.1526 -0.0581
vn -0.0000 -1.0000 0.0002
vn 0.0001 -1.0000 0.0002
vn 0.0003 -1.0000 0.0004
vn -0.3744 0.1352 -0.9174
vn -0.2221 0.1218 -0.9674
vn 0.1332 0.1020 -0.9858
vn 0.2213 0.1049 -0.9696
vn -0.5042 0.1584 -0.8489
vn -0.4719 0.1309 -0.8719
vn 0.3275 0.0827 -0.9412
vn 0.4387 0.0850 -0.8946
vn 0.9787 -0.1234 0.1643
vn 0.9891 -0.1433 0.0328
vn 0.9450 -0.3252 0.0332
vn 0.9122 -0.2579 0.3185
vn 0.0133 0.0100 -0.9999
vn 0.0128 0.0177 -0.9998
vn 0.0040 0.0175 -0.9998
vn 0.0185 -0.0014 -0.9998
vn 0.0424 -0.0014 -0.9991
vn 0.0229 0.0043 -0.9997
vn 0.0464 -0.0131 -0.9988
vn 0.0707 -0.0178 -0.9973
vn -0.0572 0.0118 -0.9983
vn 0.0107 -0.0119 -0.9999
vn -0.3466 0.0532 -0.9365
vn -0.4900 0.0971 -0.8663
vn -0.0112 -0.9998 -0.0155
vn -0.0060 -0.9955 0.0950
vn -0.0047 -0.9962 0.0867
vn -0.0086 -0.9999 -0.0144
vn 0.0141 -0.0661 -0.9977
vn 0.0022 -0.6845 -0.7290
vn -0.0011 -0.6894 -0.7243
vn 0.0040 -0.0652 -0.9979
vn -0.0047 -0.0605 -0.9982
vn -0.0030 -0.6929 -0.7210
vn -0.0118 -0.6877 -0.7259
vn -0.0447 -0.0348 -0.9984
vn -0.4850 -0.0984 -0.8690
vn -0.8153 -0.2850 -0.5040
vn -0.8918 -0.2969 -0.3413
vn -0.5657 -0.1001 -0.8185
vn -0.4930 0.0471 -0.8687
vn -0.4013 -0.0369 -0.9152
vn -0.3892 -0.0353 -0.9205
vn -0.3475 0.0014 -0.9377
vn -0.3236 -0.0096 -0.9461
vn -0.4179 -0.0525 -0.9070
vn 0.1640 -0.6124 -0.7734
vn -0.3228 -0.0120 -0.9464
vn 0.1985 -0.3714 -0.9070
vn -0.2626 -0.3170 -0.9113
vn -0.5632 -0.2625 -0.7835
vn -0.2820 -0.2717 -0.9201
vn 0.8667 -0.4391 -0.2366
vn 0.6358 -0.4206 -0.6472
vn -0.0408 -0.3469 -0.9370
vn 0.3321 -0.4796 -0.8122
vn -0.4280 -0.1431 -0.8924
vn -0.5056 -0.0695 -0.8600
vn -0.4898 -0.0216 -0.8716
vn -0.6116 0.0147 -0.7911
vn -0.9731 -0.0364 0.2274
vn -0.9883 0.1486 0.0351
vn -0.9856 0.1557 0.0661
vn -0.8922 -0.0358 0.4501
vn -0.7230 -0.3402 -0.6014
vn -0.9618 -0.2581 -0.0916
vn -0.9452 -0.2719 0.1807
vn -0.8585 -0.3303 -0.3924
vn -0.9196 -0.3391 -0.1986
vn -0.8654 -0.2545 0.4315
vn -0.7245 -0.2576 0.6393
vn -0.9340 -0.3569 0.0152
vn 0.9998 0.0094 -0.0165
vn 1.0000 0.0039 -0.0039
vn 1.0000 0.0051 -0.0021
vn 0.9999 0.0109 -0.0096
vn 0.9556 0.1110 -0.2729
vn 0.9922 0.0480 -0.1148
vn 0.9968 0.0425 -0.0679
vn 0.9697 0.1172 -0.2142
vn 0.9844 0.1170 -0.1310
vn 0.9990 0.0343 -0.0302
vn 0.9857 -0.1683 -0.0063
vn 0.9918 -0.1184 -0.0474
vn 0.9924 0.0583 -0.1086
vn 0.9994 0.0228 -0.0277
vn 0.9998 0.0122 -0.0147
vn 0.9966 0.0377 -0.0737
vn 0.9630 0.1104 -0.2457
vn 0.9537 0.1148 -0.2779
vn 0.9687 0.0784 -0.2355
vn 0.9530 0.0795 -0.2925
vn 0.9474 0.0745 -0.3113
vn 0.9780 0.0585 -0.2004
vn 0.9856 0.0496 -0.1616
vn 0.9481 0.0894 -0.3053
vn 1.0000 0.0010 -0.0016
vn 1.0000 0.0005 -0.0010
vn 1.0000 -0.0002 -0.0009
vn 1.0000 0.0001 -0.0010
vn 0.9999 0.0080 -0.0095
vn 1.0000 0.0028 -0.0040
vn 1.0000 0.0014 -0.0021
vn 1.0000 0.0045 -0.0050
vn 1.0000 0.0014 -0.0025
vn 1.0000 -0.0003 -0.0009
vn 1.0000 0.0001 -0.0005
vn 1.0000 0.0005 -0.0014
vn 0.4443 -0.0524 -0.8943
vn 0.6125 -0.2201 -0.7592
vn 0.5473 -0.2224 -0.8069
vn 0.4021 -0.1707 -0.8995
vn 0.6717 0.0801 -0.7365
vn 0.5837 0.0472 -0.8106
vn 0.3436 -0.2071 -0.9160
vn 0.0725 -0.3524 -0.9330
vn -0.7147 -0.4782 -0.5104
vn -0.3735 -0.4007 -0.8366
vn -0.9291 -0.3699 0.0005
vn -0.8862 -0.2785 0.3703
vn 0.6059 -0.1190 -0.7866
vn 0.9028 -0.3352 -0.2693
vn 0.8457 -0.3038 -0.4387
vn 0.4899 -0.0934 -0.8668
vn 0.1946 -0.0022 -0.9809
vn 0.3414 -0.0384 -0.9391
vn 0.2631 -0.0329 -0.9642
vn 0.1818 -0.0053 -0.9833
vn 0.3128 0.0297 -0.9494
vn 0.2322 -0.0364 -0.9720
vn 0.3822 0.0288 -0.9236
vn 0.6110 0.1408 -0.7790
vn 0.2026 -0.0941 0.9747
vn 0.8899 0.0162 0.4558
vn 0.9268 0.0018 0.3756
vn 0.3215 -0.1318 0.9377
vn 0.7936 -0.4179 0.4422
vn 0.3016 -0.2661 0.9155
vn 0.4607 -0.3125 0.8307
vn 0.8680 -0.4124 0.2766
vn 0.9086 -0.4096 0.0820
vn 0.6054 -0.3413 0.7190
vn 0.7526 -0.3139 0.5788
vn 0.9260 -0.3644 -0.0988
vn 0.0784 0.0427 -0.9960
vn 0.0457 0.0309 -0.9985
vn 0.0279 0.0172 -0.9995
vn 0.0381 0.0226 -0.9990
vn 0.1608 0.0658 -0.9848
vn 0.1174 0.0480 -0.9919
vn 0.0527 0.0260 -0.9983
vn 0.0741 0.0367 -0.9966
vn 0.0424 0.0206 -0.9989
vn 0.0318 0.0170 -0.9993
vn 0.0223 0.0121 -0.9997
vn 0.0296 0.0115 -0.9995
vn -0.9831 -0.1814 0.0247
vn -0.8212 -0.2614 -0.5073
vn -0.3834 0.0564 -0.9218
vn -0.5679 0.0385 -0.8222
vn -0.8402 -0.1002 0.5329
vn -0.9275 -0.1385 0.3472
vn -0.7090 -0.0264 -0.7047
vn -0.8143 -0.0584 -0.5775
vn 0.0342 0.0491 -0.9982
vn 0.1272 0.0700 -0.9894
vn 0.2405 0.0794 -0.9674
vn 0.2681 0.0882 -0.9594
vn 0.6109 -0.7913 -0.0249
vn 0.6330 -0.7704 0.0753
vn 0.0454 -0.9916 0.1214
vn 0.0559 -0.9961 -0.0677
vn -0.1874 -0.2553 -0.9485
vn 0.4402 -0.6321 -0.6377
vn -0.0261 -0.6280 -0.7778
vn -0.2035 -0.0243 -0.9788
vn 0.0476 0.0448 -0.9979
vn -0.0050 -0.6091 -0.7931
vn 0.0071 -0.6286 -0.7777
vn 0.0509 -0.0056 -0.9987
vn 0.8644 -0.2407 -0.4414
vn 0.9118 -0.3120 0.2670
vn 0.8455 -0.3155 0.4309
vn 0.9503 -0.2467 -0.1899
vn 0.9842 0.1499 -0.0946
vn 0.8632 -0.0026 -0.5048
vn 0.9369 -0.0100 -0.3494
vn 0.9879 0.1395 -0.0679
vn 0.9929 0.1089 -0.0485
vn 0.9848 -0.0246 -0.1717
vn 0.9743 -0.2220 -0.0367
vn 0.9882 -0.1470 -0.0428
vn 0.1655 -0.0944 -0.9817
vn 0.7555 -0.2896 -0.5877
vn 0.8885 -0.2902 -0.3556
vn 0.3437 -0.1592 -0.9255
vn 0.9799 0.0610 -0.1897
vn 0.5786 0.0372 -0.8148
vn 0.6134 0.0117 -0.7897
vn 0.9824 0.0742 -0.1713
vn 0.9835 0.1026 -0.1493
vn 0.6870 0.0067 -0.7266
vn 0.7696 -0.0018 -0.6385
vn 0.9848 0.1279 -0.1174
vn 0.4015 0.0017 0.9158
vn 0.3392 0.0073 0.9407
vn 0.2759 -0.0148 0.9611
vn 0.3335 -0.0196 0.9426
vn 0.9194 -0.2506 0.3033
vn 0.6600 -0.1229 0.7412
vn 0.6011 -0.1048 0.7922
vn 0.8724 -0.1885 0.4511
vn 0.7957 -0.1674 0.5822
vn 0.5141 -0.1033 0.8515
vn 0.4752 -0.0871 0.8756
vn 0.7008 -0.1807 0.6900
vn 1.0000 0.0023 -0.0040
vn 1.0000 0.0027 -0.0056
vn 1.0000 -0.0003 -0.0058
vn 1.0000 -0.0005 -0.0042
vn 1.0000 0.0021 -0.0021
vn 1.0000 0.0020 -0.0025
vn 1.0000 -0.0007 -0.0025
vn 1.0000 -0.0004 -0.0017
vn 1.0000 -0.0019 -0.0027
vn 1.0000 0.0003 -0.0031
vn 0.9839 -0.1785 -0.0029
vn 0.9842 -0.1769 -0.0037
vn 1.0000 0.0007 -0.0053
vn 1.0000 0.0015 -0.0055
vn 1.0000 0.0007 -0.0025
vn 1.0000 0.0004 -0.0014
vn 1.0000 0.0005 -0.0018
vn 1.0000 0.0001 -0.0020
vn 1.0000 -0.0001 -0.0014
vn 1.0000 0.0001 -0.0016
vn 1.0000 0.0006 -0.0023
vn 1.0000 0.0026 -0.0025
vn 1.0000 0.0024 -0.0020
vn 0.9409 0.0609 0.3331
vn 0.9517 0.0602 0.3012
vn 0.9485 0.0716 0.3085
vn 0.9468 0.0496 0.3179
vn 0.9999 0.0074 -0.0109
vn 0.9957 0.0373 0.0850
vn 0.9983 0.0222 0.0533
vn 0.9998 0.0047 -0.0184
vn 0.9998 -0.0007 -0.0189
vn 0.9994 0.0064 0.0334
vn 0.9997 -0.0042 0.0242
vn 0.9999 -0.0030 -0.0127
vn 0.5791 -0.8152 -0.0011
vn 0.5762 -0.8173 -0.0006
vn 0.0047 -1.0000 0.0018
vn 0.0047 -1.0000 -0.0009
vn 0.5777 -0.8163 -0.0029
vn 0.5781 -0.8159 -0.0040
vn 0.0044 -1.0000 -0.0047
vn 0.0039 -1.0000 -0.0017
vn -0.0035 -1.0000 -0.0009
vn -0.0078 -1.0000 -0.0024
vn 0.5593 -0.8290 -0.0025
vn 0.5645 -0.8254 -0.0007
vn -0.0017 -0.9999 -0.0105
vn 0.0018 -1.0000 -0.0009
vn 0.5702 -0.8215 -0.0010
vn 0.5647 -0.8253 -0.0008
vn 0.0040 -1.0000 0.0009
vn 0.0045 -1.0000 0.0021
vn -0.0083 -1.0000 0.0010
vn -0.0061 -1.0000 0.0007
vn -0.0002 -0.5463 0.8376
vn -0.0695 0.0242 0.9973
vn 0.1155 0.0350 0.9927
vn 0.0150 -0.5591 0.8289
vn 0.0123 -0.9847 -0.1740
vn 0.0082 -0.9921 0.1255
vn -0.0674 -0.9908 0.1174
vn -0.0593 -0.9870 -0.1493
vn -0.6352 -0.7693 -0.0687
vn -0.6088 -0.7913 0.0567
vn -0.9848 -0.1584 -0.0709
vn -0.9939 -0.0968 0.0527
vn -0.0079 -0.5911 0.8065
vn -0.0244 -0.0768 0.9967
vn -0.0214 -0.0683 0.9974
vn -0.0067 -0.5767 0.8170
vn 0.0139 -0.9848 -0.1734
vn 0.0122 -0.9970 0.0763
vn 0.0103 -0.9962 0.0861
vn 0.0131 -0.9839 -0.1782
vn 0.0142 -0.9835 -0.1804
vn 0.0073 -0.9951 0.0987
vn 0.0084 -0.9935 0.1131
vn 0.0187 -0.9838 -0.1785
vn -0.0283 0.0098 0.9996
vn -0.0303 0.0102 0.9995
vn -0.0496 0.0197 0.9986
vn -0.0421 0.0173 0.9990
vn -0.0276 0.0068 0.9996
vn -0.0262 0.0086 0.9996
vn -0.0311 0.0115 0.9995
vn -0.0272 0.0059 0.9996
vn -0.0324 0.0117 0.9994
vn -0.0536 0.0255 0.9982
vn -0.1892 0.0763 0.9790
vn -0.0921 0.0538 0.9943
vn 0.0037 -1.0000 0.0010
vn 0.0013 -1.0000 0.0009
vn -0.0041 -1.0000 0.0016
vn -0.0044 -1.0000 0.0019
vn 0.0026 -1.0000 -0.0008
vn 0.0043 -1.0000 -0.0005
vn -0.0044 -1.0000 -0.0010
vn -0.0043 -1.0000 -0.0016
vn -0.5623 -0.8269 -0.0005
vn -0.5634 -0.8262 -0.0011
vn -0.9804 -0.1972 -0.0009
vn -0.9802 -0.1978 0.0012
vn 0.0052 -0.9998 -0.0170
vn 0.0056 -0.9997 -0.0253
vn 0.0001 -1.0000 -0.0002
vn -1.0000 -0.0003 -0.0030
vn -1.0000 -0.0012 -0.0069
vn -1.0000 -0.0004 -0.0083
vn -1.0000 -0.0001 -0.0025
vn -1.0000 -0.0000 -0.0009
vn -1.0000 -0.0004 -0.0020
vn -1.0000 -0.0008 -0.0019
vn -1.0000 -0.0012 -0.0010
vn -1.0000 -0.0015 -0.0010
vn -1.0000 -0.0014 -0.0016
vn -1.0000 -0.0017 -0.0014
vn -1.0000 -0.0013 -0.0010
vn -1.0000 -0.0026 -0.0020
vn -1.0000 -0.0046 -0.0038
vn -1.0000 -0.0023 -0.0050
vn -1.0000 -0.0021 -0.0025
vn -1.0000 -0.0031 0.0018
vn -1.0000 -0.0024 -0.0005
vn -1.0000 -0.0020 -0.0002
vn -1.0000 -0.0025 0.0008
vn -1.0000 -0.0036 -0.0007
vn -1.0000 -0.0009 -0.0015
vn -1.0000 0.0003 -0.0002
vn -0.9997 0.0158 0.0173
vn -0.9899 0.0851 0.1131
vn -0.9778 0.0879 0.1902
vn -0.9989 0.0151 0.0441
vn -1.0000 -0.0062 -0.0052
vn -1.0000 -0.0024 -0.0022
vn -1.0000 -0.0056 0.0017
vn -1.0000 -0.0045 -0.0069
vn -0.9999 -0.0089 -0.0123
vn -0.9999 -0.0136 0.0027
vn -0.9999 -0.0126 0.0048
vn -0.9997 -0.0101 -0.0213
vn -0.9796 0.0431 0.1964
vn -0.9170 0.1065 0.3844
vn -0.9025 0.1083 0.4168
vn -0.9645 0.0588 0.2573
vn -0.9995 -0.0067 -0.0297
vn -0.9999 -0.0037 0.0128
vn -0.9995 0.0099 0.0297
vn -0.9994 -0.0022 -0.0337
vn -0.9995 -0.0002 -0.0324
vn -0.9980 0.0242 0.0592
vn -0.9966 0.0285 0.0769
vn -0.9995 -0.0006 -0.0303
vn 0.0027 -1.0000 -0.0043
vn 0.0109 -0.9981 -0.0603
vn -0.0164 -0.9984 -0.0541
vn -0.0034 -1.0000 -0.0069
vn -0.0040 -1.0000 -0.0000
vn -0.5559 -0.8312 -0.0016
vn -0.5508 -0.8346 -0.0031
vn -0.9785 -0.2061 -0.0054
vn -0.9791 -0.2034 -0.0039
vn -0.2749 0.1171 0.9543
vn -0.2513 0.1483 0.9565
vn 0.6031 0.0279 0.7972
vn 0.5246 0.0255 0.8510
vn -0.2021 0.1456 0.9685
vn -0.2888 0.1290 0.9487
vn 0.3719 0.0621 0.9262
vn 0.2135 0.1123 0.9705
vn 0.7775 -0.1941 0.5982
vn 0.9659 -0.1846 0.1816
vn 0.7948 -0.4058 0.4513
vn 0.4521 -0.4347 0.7789
vn -0.0000 -1.0000 -0.0006
vn 0.0008 -1.0000 -0.0012
vn 0.9864 0.0479 0.1569
vn 0.9717 0.1357 0.1934
vn 0.9836 0.1292 0.1257
vn 0.9947 0.0518 0.0893
vn 1.0000 -0.0003 -0.0059
vn 0.9998 -0.0016 0.0196
vn 0.9999 0.0061 0.0135
vn 1.0000 -0.0000 -0.0036
vn 1.0000 0.0006 -0.0048
vn 1.0000 0.0077 0.0044
vn 0.9817 -0.1906 -0.0011
vn 0.9820 -0.1889 -0.0049
vn 0.4670 -0.0724 0.8813
vn 0.8604 -0.4827 0.1636
vn 0.5315 -0.8066 0.2585
vn 0.0074 -0.4047 0.9144
vn 0.6303 -0.1960 0.7512
vn 0.4885 -0.1031 0.8665
vn 0.2577 -0.2643 0.9294
vn 0.5219 -0.2408 0.8183
vn 0.2196 -0.3285 0.9186
vn -0.2851 -0.3836 0.8784
vn -0.8865 -0.4313 0.1678
vn 0.0700 -0.3214 0.9444
vn -0.0111 -0.9996 -0.0254
vn -0.0165 -0.9924 0.1215
vn -0.0070 -0.9931 0.1172
vn -0.0083 -0.9998 -0.0173
vn 0.0217 -0.0391 -0.9990
vn 0.0048 -0.6431 -0.7657
vn 0.0048 -0.6514 -0.7587
vn 0.0194 -0.0514 -0.9985
vn 0.0198 -0.0589 -0.9981
vn 0.0060 -0.6632 -0.7485
vn 0.0035 -0.6727 -0.7399
vn 0.0176 -0.0638 -0.9978
vn 0.7384 -0.0781 0.6698
vn 0.9860 0.1042 0.1299
vn 0.9884 0.1254 0.0851
vn 0.8598 -0.0659 0.5064
vn 0.8980 -0.3308 -0.2901
vn 0.8757 -0.2831 0.3912
vn 0.9485 -0.2746 0.1581
vn 0.8258 -0.3047 -0.4745
vn 0.7003 -0.2959 -0.6497
vn 0.9588 -0.2640 -0.1051
vn 0.8511 -0.3297 -0.4085
vn 0.1945 -0.4288 -0.8822
vn 1.0000 0.0026 -0.0015
vn 1.0000 0.0024 -0.0022
vn 1.0000 0.0010 -0.0013
vn 1.0000 0.0027 -0.0009
vn 1.0000 0.0030 -0.0010
vn 1.0000 0.0027 -0.0004
vn 1.0000 0.0034 -0.0003
vn 1.0000 0.0035 -0.0007
vn 1.0000 -0.0023 -0.0006
vn 1.0000 -0.0025 -0.0002
vn 0.9843 -0.1767 -0.0000
vn 0.9843 -0.1765 -0.0003
vn -0.5411 -0.0789 0.8372
vn -0.9778 0.0868 0.1908
vn -0.9639 0.0732 0.2559
vn -0.4280 -0.0591 0.9019
vn -0.8953 -0.3841 0.2255
vn -0.5715 -0.2687 0.7754
vn -0.4090 -0.2362 0.8815
vn -0.8231 -0.3722 0.4290
vn -0.7159 -0.3618 0.5972
vn -0.2436 -0.1875 0.9516
vn -0.1556 -0.2082 0.9656
vn -0.6415 -0.4191 0.6426
vn 0.0108 -0.9999 -0.0030
vn 0.0047 -0.9979 0.0645
vn 0.0135 -0.9978 0.0644
vn 0.0099 -1.0000 -0.0012
vn -0.0790 0.0253 -0.9966
vn 0.0006 -0.6783 -0.7348
vn 0.0181 -0.7034 -0.7105
vn 0.0566 0.0233 -0.9981
vn 0.1311 -0.2039 -0.9702
vn -0.4440 -0.6285 -0.6386
vn -0.8508 -0.3144 -0.4210
vn -0.1295 -0.5049 -0.8534
vn 0.0017 -1.0000 0.0006
vn 0.0012 -1.0000 -0.0003
vn -0.0042 -1.0000 -0.0005
vn -0.0043 -1.0000 0.0012
vn 0.0031 -1.0000 -0.0005
vn 0.0031 -1.0000 0.0005
vn -0.0044 -1.0000 0.0010
vn -0.5525 -0.8335 0.0009
vn -0.5552 -0.8317 0.0014
vn -0.9791 -0.2033 0.0024
vn -0.9784 -0.2066 0.0037
vn -1.0000 0.0017 0.0007
vn -1.0000 0.0007 0.0001
vn -1.0000 -0.0010 -0.0005
vn -1.0000 0.0003 -0.0005
vn -1.0000 0.0042 -0.0026
vn -1.0000 0.0026 -0.0003
vn -1.0000 0.0026 -0.0017
vn -1.0000 0.0063 -0.0053
vn -0.9999 0.0109 -0.0115
vn -1.0000 0.0032 -0.0045
vn -1.0000 0.0036 -0.0063
vn -0.9998 0.0138 -0.0157
vn -0.0000 -1.0000 0.0001
vn 0.0682 0.0316 0.9972
vn 0.0653 -0.7132 0.6979
vn -0.0207 -0.7092 0.7047
vn -0.0162 0.0003 0.9999
vn -0.0004 0.0255 0.9997
vn 0.0122 0.0176 0.9998
vn -0.0121 0.0104 0.9999
vn -0.0148 0.0209 0.9997
vn -0.0233 0.0151 0.9996
vn -0.0190 0.0107 0.9998
vn -0.0231 0.0093 0.9997
vn -0.0270 0.0101 0.9996
vn -0.3787 -0.0505 0.9241
vn -0.3006 -0.0425 0.9528
vn -0.3773 -0.0261 0.9257
vn -0.4639 -0.0351 0.8852
vn -0.9190 -0.2547 0.3009
vn -0.6521 -0.1518 0.7428
vn -0.7559 -0.1293 0.6417
vn -0.9684 -0.2370 0.0773
vn -0.9585 -0.2400 -0.1538
vn -0.8556 -0.1276 0.5017
vn -0.2454 -0.7574 0.6051
vn -0.3989 -0.8876 0.2305
vn 1.0000 0.0079 -0.0056
vn 0.9936 0.0437 0.1037
vn 1.0000 -0.0000 -0.0054
vn 0.9386 0.0691 0.3380
vn 0.9531 0.0714 0.2940
vn 1.0000 -0.0008 -0.0014
vn 1.0000 -0.0004 -0.0018
vn 1.0000 -0.0002 -0.0011
vn 1.0000 0.0002 -0.0020
vn 0.2346 -0.8511 0.4696
vn 0.0372 -0.7231 0.6897
vn 0.6486 -0.3341 -0.6839
vn 0.4214 -0.0107 0.9068
vn 0.3617 0.0004 0.9323
vn 0.9793 0.0825 -0.1846
vn 0.5620 0.0590 -0.8250
vn 0.0815 -0.0823 -0.9933
vn -0.6638 -0.6429 -0.3821
vn -0.0184 0.0687 -0.9975
vn 0.2740 0.1099 -0.9554
vn -0.8082 -0.2893 0.5130
vn -0.5434 -0.6813 0.4904
vn -0.8725 -0.2765 0.4029
vn 0.0876 0.0455 -0.9951
vn 0.0493 0.0225 -0.9985
vn 0.0343 0.0104 -0.9994
vn 0.1839 0.0807 -0.9796
vn 0.7259 -0.4791 0.4934
vn 0.2166 -0.2906 0.9320
vn 0.8884 -0.4063 -0.2137
vn 0.0618 -0.7030 0.7085
vn 0.6790 -0.6005 0.4223
vn 0.1747 0.0055 -0.9846
vn 0.3782 0.0779 -0.9225
vn 0.9433 -0.2798 -0.1785
vn 0.2147 -0.0011 -0.9767
vn -0.2131 -0.5989 -0.7720
vn 0.1769 -0.0060 -0.9842
vn 0.1664 -0.0045 -0.9860
vn -0.0482 -0.6810 -0.7307
vn -0.0985 -0.4626 -0.8811
vn -0.7735 -0.5479 -0.3187
vn 0.8738 -0.4857 -0.0263
vn 0.9999 0.0096 -0.0125
vn 1.0000 0.0031 -0.0050
vn 0.9989 0.0287 -0.0363
vn 1.0000 0.0010 -0.0019
vn 0.9637 0.1436 -0.2252
vn 0.9424 0.1426 -0.3027
vn 0.9894 0.0697 -0.1276
vn 0.4831 -0.5623 -0.6712
vn -0.7338 -0.6499 -0.1980
vn -0.8937 -0.4431 -0.0704
vn 0.8603 -0.2746 0.4296
vn 0.8734 -0.4848 -0.0455
vn -0.3483 0.0146 -0.9373
vn -0.3178 -0.0065 -0.9481
vn -0.3173 -0.0093 -0.9483
vn -0.8775 -0.3002 -0.3739
vn 0.0643 -0.7195 -0.6915
vn -0.0564 -0.7485 -0.6607
vn -0.5609 0.1263 -0.8182
vn 0.0545 -0.0041 -0.9985
vn 0.3930 -0.4967 -0.7738
vn 0.6954 -0.7106 0.1072
vn -0.5082 0.2012 -0.8374
vn -0.9035 -0.3638 -0.2265
vn -0.0000 -1.0000 -0.0025
vn 0.0015 -1.0000 -0.0020
vn -0.0024 -1.0000 0.0008
vn -0.0024 -1.0000 -0.0008
vn 0.0024 -1.0000 -0.0008
vn 0.0024 -1.0000 0.0008
vn -0.0849 0.9960 0.0276
vn -0.0525 0.9960 0.0722
vn -0.0849 0.9960 -0.0276
vn -0.0015 -1.0000 -0.0020
vn 0.0015 -1.0000 0.0020
vn -0.0000 -1.0000 0.0025
vn 0.0525 0.9960 -0.0722
vn -0.0000 0.9960 -0.0893
vn -0.0525 0.9960 -0.0722
vn 0.0849 0.9960 -0.0276
vn -0.0000 -0.0208 -0.9998
vn -0.0000 0.4351 -0.9004
vn -0.5292 0.4351 -0.7284
vn -0.5877 -0.0208 -0.8088
vn -0.9509 -0.0208 0.3089
vn -0.8563 0.4351 0.2782
vn -0.5292 0.4351 0.7284
vn -0.5877 -0.0208 0.8088
vn 0.5877 -0.0208 0.8088
vn 0.5292 0.4351 0.7284
vn 0.8563 0.4351 0.2782
vn 0.9509 -0.0208 0.3089
vn 0.5877 -0.0208 -0.8088
vn 0.5292 0.4351 -0.7284
vn -0.9509 -0.0208 -0.3089
vn -0.8563 0.4351 -0.2782
vn -0.0000 -0.0208 0.9998
vn -0.0000 0.4351 0.9004
vn 0.9509 -0.0208 -0.3089
vn 0.8563 0.4351 -0.2782
vn -0.5708 0.2388 0.7856
vn -0.5878 0.0050 0.8090
vn -0.0000 0.0050 1.0000
vn -0.0000 0.2388 0.9711
vn -0.5680 -0.2572 0.7818
vn -0.0000 -0.2572 0.9664
vn -0.9235 0.2388 0.3001
vn -0.9510 0.0050 0.3090
vn -0.9191 -0.2572 0.2986
vn -0.9235 0.2388 -0.3001
vn -0.9510 0.0050 -0.3090
vn -0.9191 -0.2572 -0.2986
vn -0.5708 0.2388 -0.7856
vn -0.5878 0.0050 -0.8090
vn -0.5680 -0.2572 -0.7818
vn -0.0000 0.2388 -0.9711
vn -0.0000 0.0050 -1.0000
vn -0.0000 -0.2572 -0.9664
vn 0.5708 0.2388 -0.7856
vn 0.5878 0.0050 -0.8090
vn 0.5680 -0.2572 -0.7818
vn 0.9235 0.2388 -0.3001
vn 0.9510 0.0050 -0.3090
vn 0.9191 -0.2572 -0.2986
vn 0.9235 0.2388 0.3001
vn 0.9510 0.0050 0.3090
vn 0.9191 -0.2572 0.2986
vn 0.5708 0.2388 0.7856
vn 0.5878 0.0050 0.8090
vn 0.5680 -0.2572 0.7818
vn -0.5876 0.0261 0.8087
vn -0.0000 0.0261 0.9997
vn -0.5586 0.3109 0.7689
vn -0.0000 0.3109 0.9504
vn 0.5876 0.0261 0.8087
vn 0.5586 0.3109 0.7689
vn -0.9039 0.3109 0.2937
vn -0.9507 0.0261 0.3089
vn -0.9039 0.3109 -0.2937
vn -0.9507 0.0261 -0.3089
vn -0.5587 0.3109 -0.7689
vn -0.5876 0.0261 -0.8087
vn -0.0000 0.0261 -0.9997
vn -0.0000 0.3109 -0.9504
vn 0.5587 0.3109 -0.7689
vn 0.5876 0.0261 -0.8087
vn 0.9039 0.3109 -0.2937
vn 0.9507 0.0261 -0.3089
vn 0.9039 0.3109 0.2937
vn 0.9507 0.0261 0.3089
vn -0.5620 0.2931 0.7735
vn -0.5878 -0.0067 0.8090
vn -0.0000 -0.0067 1.0000
vn -0.0000 0.2931 0.9561
vn -0.5580 -0.3142 0.7680
vn -0.0000 -0.3142 0.9493
vn -0.9093 0.2931 0.2954
vn -0.9510 -0.0067 0.3090
vn -0.9029 -0.3142 0.2934
vn -0.9093 0.2931 -0.2954
vn -0.9510 -0.0067 -0.3090
vn -0.9029 -0.3142 -0.2934
vn -0.5620 0.2931 -0.7735
vn -0.5878 -0.0067 -0.8090
vn -0.5580 -0.3142 -0.7680
vn -0.0000 0.2931 -0.9561
vn -0.0000 -0.0067 -1.0000
vn -0.0000 -0.3142 -0.9493
vn 0.5620 0.2931 -0.7735
vn 0.5878 -0.0067 -0.8090
vn 0.5580 -0.3142 -0.7680
vn 0.9093 0.2931 -0.2954
vn 0.9510 -0.0067 -0.3090
vn 0.9029 -0.3142 -0.2934
vn 0.9093 0.2931 0.2954
vn 0.9510 -0.0067 0.3090
vn 0.9029 -0.3142 0.2934
vn 0.5620 0.2931 0.7735
vn 0.5878 -0.0067 0.8090
vn 0.5580 -0.3142 0.7680
vn -0.5744 -0.2124 0.7905
vn -0.0000 -0.2124 0.9772
vn 0.5744 -0.2124 0.7905
vn -0.9293 -0.2124 0.3020
vn -0.9293 -0.2124 -0.3020
vn -0.5744 -0.2124 -0.7905
vn -0.0000 -0.2124 -0.9772
vn 0.5744 -0.2124 -0.7905
vn 0.9293 -0.2124 -0.3020
vn 0.9293 -0.2124 0.3020
vn -0.5868 -0.0571 0.8077
vn -0.5700 -0.2439 0.7846
vn -0.0000 -0.2439 0.9698
vn -0.0000 -0.0571 0.9984
vn -0.9495 -0.0571 0.3085
vn -0.9223 -0.2439 0.2997
vn -0.9495 -0.0571 -0.3085
vn -0.9223 -0.2439 -0.2997
vn -0.5868 -0.0571 -0.8077
vn -0.5700 -0.2439 -0.7846
vn -0.0000 -0.0571 -0.9984
vn -0.0000 -0.2439 -0.9698
vn 0.5868 -0.0571 -0.8077
vn 0.5700 -0.2439 -0.7846
vn 0.9495 -0.0571 -0.3085
vn 0.9223 -0.2439 -0.2997
vn 0.9495 -0.0571 0.3085
vn 0.9223 -0.2439 0.2997
vn 0.5868 -0.0571 0.8077
vn 0.5700 -0.2439 0.7846
vn -0.5837 0.1180 0.8034
vn -0.0000 0.1180 0.9930
vn 0.5837 0.1180 0.8034
vn -0.9444 0.1180 0.3069
vn -0.9444 0.1180 -0.3069
vn -0.5837 0.1180 -0.8034
vn -0.0000 0.1180 -0.9930
vn 0.5837 0.1180 -0.8034
vn 0.9444 0.1180 -0.3069
vn 0.9444 0.1180 0.3069
vn -0.5388 0.3998 0.7415
vn -0.5874 0.0351 0.8085
vn -0.0000 0.0351 0.9994
vn -0.0000 0.3998 0.9166
vn -0.5540 -0.3339 0.7626
vn -0.0000 -0.3339 0.9426
vn -0.8717 0.3998 0.2832
vn -0.9505 0.0351 0.3088
vn -0.8965 -0.3339 0.2913
vn -0.8717 0.3998 -0.2832
vn -0.9505 0.0351 -0.3088
vn -0.8965 -0.3339 -0.2913
vn -0.5388 0.3998 -0.7415
vn -0.5874 0.0351 -0.8085
vn -0.5541 -0.3339 -0.7626
vn -0.0000 0.3998 -0.9166
vn -0.0000 0.0351 -0.9994
vn -0.0000 -0.3339 -0.9426
vn 0.5388 0.3998 -0.7415
vn 0.5874 0.0351 -0.8085
vn 0.5541 -0.3339 -0.7626
vn 0.8717 0.3998 -0.2832
vn 0.9505 0.0351 -0.3088
vn 0.8965 -0.3339 -0.2913
vn 0.8717 0.3998 0.2832
vn 0.9505 0.0351 0.3088
vn 0.8965 -0.3339 0.2913
vn 0.5388 0.3998 0.7415
vn 0.5874 0.0351 0.8085
vn 0.5540 -0.3339 0.7626
vn 0.5878 0.0073 0.8090
vn -0.0000 0.0073 1.0000
vn 0.9510 0.0073 0.3090
vn 0.9510 0.0073 -0.3090
vn 0.5878 0.0073 -0.8090
vn -0.0000 0.0073 -1.0000
vn -0.5878 0.0073 -0.8090
vn -0.9510 0.0073 -0.3090
vn -0.9510 0.0073 0.3090
vn -0.5878 0.0073 0.8090
vn -0.0000 0.9960 0.0893
vn -0.0015 -1.0000 0.0020
vn 0.0525 0.9960 0.0722
vn 0.0849 0.9960 0.0276
vn -0.5586 0.3109 -0.7689
vn 0.5586 0.3109 -0.7689
vn -0.5540 -0.3339 -0.7626
vn 0.5540 -0.3339 -0.7626
vn 0.0309 0.7083 -0.7052
vn 0.3260 0.8874 -0.3260
vn 0.5774 0.5773 -0.5774
vn 0.3258 0.3278 -0.8868
vn 0.7066 0.0371 -0.7066
vn 0.8868 0.3278 -0.3258
vn 0.7052 0.7083 -0.0309
vn 0.7052 0.7083 0.0309
vn 0.3260 0.8874 0.3260
vn 0.5774 0.5773 0.5774
vn 0.8868 0.3278 0.3258
vn 0.7066 0.0371 0.7066
vn 0.3258 0.3278 0.8868
vn 0.0309 0.7083 0.7052
vn -0.7052 0.7083 -0.0309
vn -0.3260 0.8874 -0.3260
vn -0.5774 0.5773 -0.5774
vn -0.8868 0.3278 -0.3258
vn -0.7066 0.0371 -0.7066
vn -0.3258 0.3278 -0.8868
vn -0.0309 0.7083 -0.7052
vn -0.0309 0.7083 0.7052
vn -0.3260 0.8874 0.3260
vn -0.5774 0.5773 0.5774
vn -0.3258 0.3278 0.8868
vn -0.7066 0.0371 0.7066
vn -0.8868 0.3278 0.3258
vn -0.7052 0.7083 0.0309
vn 1.0000 0.0049 -0.0000
vn -0.0000 0.0049 -1.0000
vn -0.0000 0.0049 1.0000
vn -1.0000 0.0049 -0.0000
vn -0.9508 -0.0208 0.3090
vn 0.9508 -0.0208 0.3090
vn -0.9508 -0.0208 -0.3090
vn 0.9508 -0.0208 -0.3090
vn -0.9510 0.0049 0.3090
vn -0.9510 0.0049 -0.3090
vn 0.5587 0.3109 0.7689
vn 0.5744 -0.2124 0.7906
vn 0.5744 -0.2124 -0.7906
vn -0.5541 -0.3339 0.7626
vn 0.5541 -0.3339 0.7626
vn 0.5774 0.5773 -0.5773
vn 0.5774 0.5773 0.5773
vn -0.5773 0.5773 -0.5774
vn -0.5773 0.5773 0.5774
vn 0.5774 0.5774 -0.5773
vn -0.5774 0.5774 -0.5773
vn 0.5878 0.0049 0.8090
vn -0.5773 0.5774 -0.5773
vn -0.5773 0.5774 0.5774
vn -0.6096 -0.7837 -0.1189
vn -0.6030 -0.7858 -0.1373
vn -0.6028 -0.7859 -0.1378
vn -0.7890 -0.5524 0.2689
vn -0.7996 -0.5332 0.2764
vn 0.5078 -0.8046 0.3079
vn 0.4760 -0.8103 0.3420
vn 0.8121 -0.4994 -0.3019
vn 0.8218 -0.4923 -0.2868
vn 0.8222 -0.4920 -0.2862
vn -0.0005 -1.0000 -0.0007
vn 0.0057 -0.9999 -0.0095
vn 0.0063 -0.9997 -0.0249
vn 0.0063 -0.9997 -0.0250
vn 0.0057 -0.9999 -0.0096
vn 0.0005 -1.0000 0.0009
vn -0.0010 -1.0000 0.0011
vn 0.0005 -1.0000 0.0010
vn -0.0263 -0.9996 0.0056
vn -0.0073 -0.9999 0.0115
vn 0.0065 -0.9997 0.0250
vn 0.1179 -0.9930 0.0115
vn -0.2608 -0.9556 -0.1372
vn -0.0868 -0.9962 0.0029
vn -0.0877 -0.9961 0.0030
vn -0.1401 -0.9901 -0.0083
vn 0.3877 -0.9122 0.1323
vn 0.0804 -0.9965 -0.0228
vn 0.0659 -0.9968 -0.0452
vn 0.0660 -0.9968 -0.0451
vn 0.5450 -0.8383 0.0167
vn 0.3180 -0.9455 -0.0707
vn -0.0507 -0.9980 0.0374
vn 0.0106 -0.9993 -0.0349
vn -0.0549 -0.9978 0.0371
vn -0.5895 -0.8026 -0.0916
vn -0.3473 -0.9355 0.0650
vn -0.4576 -0.7825 -0.4223
vn -0.2767 -0.8621 -0.4244
vn -0.2657 -0.8680 -0.4195
vn -0.4486 -0.7855 -0.4263
vn -0.6292 -0.6163 0.4735
vn -0.1037 -0.9843 0.1427
vn -0.0486 -0.9430 0.3291
vn 0.7211 -0.5610 -0.4067
vn 0.0020 -1.0000 -0.0016
vn 0.0150 -0.9999 -0.0032
vn 0.0151 -0.9999 -0.0032
vn 0.0015 -0.9985 -0.0550
vn 0.0067 -0.9956 -0.0931
vn -0.0458 -0.9989 0.0036
vn -0.0917 -0.9958 0.0002
vn -0.0925 -0.9957 0.0001
vn -0.0461 -0.9989 0.0036
vn -0.0067 -0.9923 0.1234
vn -0.0160 -0.9923 0.1226
vn 0.0342 -0.9994 0.0008
vn 0.0127 -0.9999 0.0002
vn 0.0344 -0.9994 0.0008
vn 0.0132 -0.9992 -0.0379
vn -0.0125 -0.9913 -0.1307
vn 0.0019 -1.0000 -0.0007
vn 0.0018 -1.0000 0.0002
vn -0.0101 -0.9977 0.0672
vn -0.3705 -0.8385 0.3995
vn -0.0937 -0.9333 0.3467
vn 0.6471 -0.6252 0.4363
vn 0.7576 -0.5907 0.2778
vn 0.3895 -0.8155 -0.4282
vn 0.5549 -0.7563 -0.3465
vn 0.3771 -0.8195 -0.4315
vn -0.7829 -0.5324 -0.3217
vn -0.6140 -0.7605 -0.2112
vn -0.5873 -0.7419 -0.3235
vn -0.7829 -0.5355 0.3167
vn 0.3697 -0.8283 0.4209
vn 0.1791 -0.8715 0.4565
vn 0.8057 -0.5053 -0.3091
vn 0.8342 -0.4814 -0.2691
vn -0.0004 -1.0000 -0.0008
vn -0.0000 -1.0000 -0.0008
vn 0.0078 -0.9988 -0.0479
vn 0.0113 -0.9969 -0.0784
vn 0.0114 -0.9968 -0.0789
vn 0.0079 -0.9988 -0.0483
vn -0.0054 -1.0000 0.0013
vn -0.0180 -0.9998 0.0023
vn -0.0181 -0.9998 0.0023
vn -0.0079 -0.9996 0.0266
vn -0.0115 -0.9976 0.0679
vn -0.0116 -0.9975 0.0694
vn -0.0079 -0.9996 0.0268
vn 0.0784 -0.9969 -0.0027
vn 0.0791 -0.9969 -0.0028
vn 0.1269 -0.9919 -0.0101
vn -0.0232 -0.9841 -0.1759
vn -0.0353 -0.9994 -0.0021
vn -0.0062 -1.0000 -0.0028
vn -0.0062 -1.0000 -0.0029
vn -0.0359 -0.9994 -0.0021
vn 0.0306 -0.9766 0.2130
vn 0.0346 -0.9904 0.1339
vn 0.0431 -0.9989 -0.0192
vn 0.6391 -0.7073 0.3021
vn 0.6203 -0.6412 0.4518
vn 0.6397 -0.7180 0.2744
vn 0.1778 -0.8975 -0.4036
vn 0.1641 -0.9035 -0.3960
vn 0.0359 -0.9746 -0.2210
vn -0.6393 -0.5904 -0.4926
vn -0.1375 -0.9533 -0.2690
vn -0.4758 -0.8759 -0.0798
vn -0.6461 -0.7476 0.1537
vn -0.0982 -0.9949 0.0219
vn -0.1410 -0.9898 -0.0219
vn -0.0994 -0.9949 0.0194
vn 0.7347 -0.6249 -0.2639
vn 0.6228 -0.7819 0.0270
vn 0.0422 -0.9991 -0.0032
vn 0.0693 -0.9975 -0.0098
vn 0.0427 -0.9991 -0.0031
vn 0.0458 -0.9983 0.0349
vn -0.1307 -0.9914 0.0106
vn -0.1344 -0.9909 -0.0073
vn -0.0186 -0.9992 0.0348
vn -0.1195 -0.9927 0.0183
vn -0.0151 -0.9989 0.0446
vn 0.0042 -1.0000 -0.0003
vn 0.0012 -1.0000 -0.0004
vn 0.0120 -0.9999 0.0079
vn 0.0067 -1.0000 0.0053
vn 0.0067 -1.0000 0.0052
vn 0.0015 -1.0000 0.0008
vn 0.0012 -1.0000 0.0009
vn -0.0101 -0.9999 0.0089
vn -0.0263 -0.9997 0.0005
vn -0.0264 -0.9997 0.0005
vn -0.4898 -0.8181 0.3014
vn -0.5156 -0.8246 0.2328
vn -0.5153 -0.8247 0.2332
vn 0.8252 -0.5460 0.1446
vn 0.8253 -0.5458 0.1446
vn 0.8185 -0.5469 0.1757
vn 0.5951 -0.7654 -0.2450
vn 0.5834 -0.7892 -0.1920
vn -0.7567 -0.5241 -0.3908
vn -0.7577 -0.5233 -0.3899
vn -0.8020 -0.4892 -0.3427
vn -0.5259 -0.8218 0.2194
vn 0.8192 -0.5547 0.1457
vn 0.5928 -0.7823 -0.1915
vn -0.7357 -0.5406 -0.4081
vt 0.558684 0.558684
vt 0.576706 0.558684
vt 0.576706 0.576706
vt 0.558684 0.576706
vt 0.270331 0.558684
vt 0.288353 0.558684
vt 0.288353 0.576706
vt 0.270331 0.576706
vt 0.270331 0.270331
vt 0.288353 0.270331
vt 0.288353 0.288353
vt 0.270331 0.288353
vt 0.558684 0.270331
vt 0.576706 0.270331
vt 0.576706 0.288353
vt 0.558684 0.288353
vt 0.414507 0.270331
vt 0.432529 0.270331
vt 0.432529 0.288353
vt 0.414507 0.288353
vt 0.414507 0.126154
vt 0.432529 0.126154
vt 0.432529 0.144176
vt 0.414507 0.144176
vt 0.558684 0.126154
vt 0.576706 0.126154
vt 0.576706 0.144176
vt 0.558684 0.144176
vt 0.126154 0.270331
vt 0.144176 0.270331
vt 0.144176 0.288353
vt 0.126154 0.288353
vt 0.126154 0.126154
vt 0.144176 0.126154
vt 0.144176 0.144176
vt 0.126154 0.144176
vt 0.270331 0.126154
vt 0.288353 0.126154
vt 0.288353 0.144176
vt 0.270331 0.144176
vt 0.126154 0.558684
vt 0.144176 0.558684
vt 0.144176 0.576706
vt 0.126154 0.576706
vt 0.126154 0.414507
vt 0.144176 0.414507
vt 0.144176 0.432529
vt 0.126154 0.432529
vt 0.270331 0.414507
vt 0.288353 0.414507
vt 0.288353 0.432529
vt 0.270331 0.432529
vt 0.414507 0.558684
vt 0.432529 0.558684
vt 0.432529 0.576706
vt 0.414507 0.576706
vt 0.414507 0.414507
vt 0.432529 0.414507
vt 0.432529 0.432529
vt 0.414507 0.432529
vt 0.558684 0.414507
vt 0.576706 0.414507
vt 0.576706 0.432529
vt 0.558684 0.432529
vt 0.486596 0.414507
vt 0.504618 0.414507
vt 0.504618 0.432529
vt 0.486596 0.432529
vt 0.486596 0.342419
vt 0.504618 0.342419
vt 0.504618 0.360441
vt 0.486596 0.360441
vt 0.558684 0.342419
vt 0.576706 0.342419
vt 0.576706 0.360441
vt 0.558684 0.360441
vt 0.342419 0.414507
vt 0.360441 0.414507
vt 0.360441 0.432529
vt 0.342419 0.432529
vt 0.342419 0.342419
vt 0.360441 0.342419
vt 0.360441 0.360441
vt 0.342419 0.360441
vt 0.414507 0.342419
vt 0.432529 0.342419
vt 0.432529 0.360441
vt 0.414507 0.360441
vt 0.342419 0.558684
vt 0.360441 0.558684
vt 0.360441 0.576706
vt 0.342419 0.576706
vt 0.342419 0.486596
vt 0.360441 0.486596
vt 0.360441 0.504618
vt 0.342419 0.504618
vt 0.414507 0.486596
vt 0.432529 0.486596
vt 0.432529 0.504618
vt 0.414507 0.504618
vt 0.198243 0.414507
vt 0.216265 0.414507
vt 0.216265 0.432529
vt 0.198243 0.432529
vt 0.198243 0.342419
vt 0.216265 0.342419
vt 0.216265 0.360441
vt 0.198243 0.360441
vt 0.270331 0.342419
vt 0.288353 0.342419
vt 0.288353 0.360441
vt 0.270331 0.360441
vt 0.054066 0.414507
vt 0.072088 0.414507
vt 0.072088 0.432529
vt 0.054066 0.432529
vt 0.054066 0.342419
vt 0.072088 0.342419
vt 0.072088 0.360441
vt 0.054066 0.360441
vt 0.126154 0.342419
vt 0.144176 0.342419
vt 0.144176 0.360441
vt 0.126154 0.360441
vt 0.054066 0.558684
vt 0.072088 0.558684
vt 0.072088 0.576706
vt 0.054066 0.576706
vt 0.054066 0.486596
vt 0.072088 0.486596
vt 0.072088 0.504618
vt 0.054066 0.504618
vt 0.126154 0.486596
vt 0.144176 0.486596
vt 0.144176 0.504618
vt 0.126154 0.504618
vt 0.198243 0.126154
vt 0.216265 0.126154
vt 0.216265 0.144176
vt 0.198243 0.144176
vt 0.198243 0.054066
vt 0.216265 0.054066
vt 0.216265 0.072088
vt 0.198243 0.072088
vt 0.270331 0.054066
vt 0.288353 0.054066
vt 0.288353 0.072088
vt 0.270331 0.072088
vt 0.054066 0.126154
vt 0.072088 0.126154
vt 0.072088 0.144176
vt 0.054066 0.144176
vt 0.054066 0.054066
vt 0.072088 0.054066
vt 0.072088 0.072088
vt 0.054066 0.072088
vt 0.126154 0.054066
vt 0.144176 0.054066
vt 0.144176 0.072088
vt 0.126154 0.072088
vt 0.054066 0.270331
vt 0.072088 0.270331
vt 0.072088 0.288353
vt 0.054066 0.288353
vt 0.054066 0.198243
vt 0.072088 0.198243
vt 0.072088 0.216265
vt 0.054066 0.216265
vt 0.126154 0.198243
vt 0.144176 0.198243
vt 0.144176 0.216265
vt 0.126154 0.216265
vt 0.486596 0.126154
vt 0.504618 0.126154
vt 0.504618 0.144176
vt 0.486596 0.144176
vt 0.486596 0.054066
vt 0.504618 0.054066
vt 0.504618 0.072088
vt 0.486596 0.072088
vt 0.558684 0.054066
vt 0.576706 0.054066
vt 0.576706 0.072088
vt 0.558684 0.072088
vt 0.342419 0.126154
vt 0.360441 0.126154
vt 0.360441 0.144176
vt 0.342419 0.144176
vt 0.342419 0.054066
vt 0.360441 0.054066
vt 0.360441 0.072088
vt 0.342419 0.072088
vt 0.414507 0.054066
vt 0.432529 0.054066
vt 0.432529 0.072088
vt 0.414507 0.072088
vt 0.342419 0.270331
vt 0.360441 0.270331
vt 0.360441 0.288353
vt 0.342419 0.288353
vt 0.342419 0.198243
vt 0.360441 0.198243
vt 0.360441 0.216265
vt 0.342419 0.216265
vt 0.414507 0.198243
vt 0.432529 0.198243
vt 0.432529 0.216265
vt 0.414507 0.216265
vt 0.486596 0.270331
vt 0.504618 0.270331
vt 0.504618 0.288353
vt 0.486596 0.288353
vt 0.486596 0.198243
vt 0.504618 0.198243
vt 0.504618 0.216265
vt 0.486596 0.216265
vt 0.558684 0.198243
vt 0.576706 0.198243
vt 0.576706 0.216265
vt 0.558684 0.216265
vt 0.198243 0.270331
vt 0.216265 0.270331
vt 0.216265 0.288353
vt 0.198243 0.288353
vt 0.198243 0.198243
vt 0.216265 0.198243
vt 0.216265 0.216265
vt 0.198243 0.216265
vt 0.270331 0.198243
vt 0.288353 0.198243
vt 0.288353 0.216265
vt 0.270331 0.216265
vt 0.198243 0.558684
vt 0.216265 0.558684
vt 0.216265 0.576706
vt 0.198243 0.576706
vt 0.198243 0.486596
vt 0.216265 0.486596
vt 0.216265 0.504618
vt 0.198243 0.504618
vt 0.270331 0.486596
vt 0.288353 0.486596
vt 0.288353 0.504618
vt 0.270331 0.504618
vt 0.486596 0.558684
vt 0.504618 0.558684
vt 0.504618 0.576706
vt 0.486596 0.576706
vt 0.486596 0.486596
vt 0.504618 0.486596
vt 0.504618 0.504618
vt 0.486596 0.504618
vt 0.558684 0.486596
vt 0.576706 0.486596
vt 0.576706 0.504618
vt 0.558684 0.504618
vt 0.522640 0.486596
vt 0.540662 0.486596
vt 0.540662 0.504618
vt 0.522640 0.504618
vt 0.522640 0.450551
vt 0.540662 0.450551
vt 0.540662 0.468573
vt 0.522640 0.468573
vt 0.558684 0.450551
vt 0.576706 0.450551
vt 0.576706 0.468573
vt 0.558684 0.468573
vt 0.450551 0.486596
vt 0.468573 0.486596
vt 0.468573 0.504618
vt 0.450551 0.504618
vt 0.450551 0.450551
vt 0.468573 0.450551
vt 0.468573 0.468573
vt 0.450551 0.468573
vt 0.486596 0.450551
vt 0.504618 0.450551
vt 0.504618 0.468573
vt 0.486596 0.468573
vt 0.450551 0.558684
vt 0.468573 0.558684
vt 0.468573 0.576706
vt 0.450551 0.576706
vt 0.450551 0.522640
vt 0.468573 0.522640
vt 0.468573 0.540662
vt 0.450551 0.540662
vt 0.486596 0.522640
vt 0.504618 0.522640
vt 0.504618 0.540662
vt 0.486596 0.540662
vt 0.234287 0.486596
vt 0.252309 0.486596
vt 0.252309 0.504618
vt 0.234287 0.504618
vt 0.234287 0.450551
vt 0.252309 0.450551
vt 0.252309 0.468573
vt 0.234287 0.468573
vt 0.270331 0.450551
vt 0.288353 0.450551
vt 0.288353 0.468573
vt 0.270331 0.468573
vt 0.162199 0.486596
vt 0.180221 0.486596
vt 0.180221 0.504618
vt 0.162199 0.504618
vt 0.162199 0.450551
vt 0.180221 0.450551
vt 0.180221 0.468573
vt 0.162199 0.468573
vt 0.198243 0.450551
vt 0.216265 0.450551
vt 0.216265 0.468573
vt 0.198243 0.468573
vt 0.162199 0.558684
vt 0.180221 0.558684
vt 0.180221 0.576706
vt 0.162199 0.576706
vt 0.162199 0.522640
vt 0.180221 0.522640
vt 0.180221 0.540662
vt 0.162199 0.540662
vt 0.198243 0.522640
vt 0.216265 0.522640
vt 0.216265 0.540662
vt 0.198243 0.540662
vt 0.234287 0.198243
vt 0.252309 0.198243
vt 0.252309 0.216265
vt 0.234287 0.216265
vt 0.234287 0.162199
vt 0.252309 0.162199
vt 0.252309 0.180221
vt 0.234287 0.180221
vt 0.270331 0.162199
vt 0.288353 0.162199
vt 0.288353 0.180221
vt 0.270331 0.180221
vt 0.162199 0.198243
vt 0.180221 0.198243
vt 0.180221 0.216265
vt 0.162199 0.216265
vt 0.162199 0.162199
vt 0.180221 0.162199
vt 0.180221 0.180221
vt 0.162199 0.180221
vt 0.198243 0.162199
vt 0.216265 0.162199
vt 0.216265 0.180221
vt 0.198243 0.180221
vt 0.162199 0.270331
vt 0.180221 0.270331
vt 0.180221 0.288353
vt 0.162199 0.288353
vt 0.162199 0.234287
vt 0.180221 0.234287
vt 0.180221 0.252309
vt 0.162199 0.252309
vt 0.198243 0.234287
vt 0.216265 0.234287
vt 0.216265 0.252309
vt 0.198243 0.252309
vt 0.522640 0.198243
vt 0.540662 0.198243
vt 0.540662 0.216265
vt 0.522640 0.216265
vt 0.522640 0.162199
vt 0.540662 0.162199
vt 0.540662 0.180221
vt 0.522640 0.180221
vt 0.558684 0.162199
vt 0.576706 0.162199
vt 0.576706 0.180221
vt 0.558684 0.180221
vt 0.450551 0.198243
vt 0.468573 0.198243
vt 0.468573 0.216265
vt 0.450551 0.216265
vt 0.450551 0.162199
vt 0.468573 0.162199
vt 0.468573 0.180221
vt 0.450551 0.180221
vt 0.486596 0.162199
vt 0.504618 0.162199
vt 0.504618 0.180221
vt 0.486596 0.180221
vt 0.450551 0.270331
vt 0.468573 0.270331
vt 0.468573 0.288353
vt 0.450551 0.288353
vt 0.450551 0.234287
vt 0.468573 0.234287
vt 0.468573 0.252309
vt 0.450551 0.252309
vt 0.486596 0.234287
vt 0.504618 0.234287
vt 0.504618 0.252309
vt 0.486596 0.252309
vt 0.378463 0.198243
vt 0.396485 0.198243
vt 0.396485 0.216265
vt 0.378463 0.216265
vt 0.378463 0.162199
vt 0.396485 0.162199
vt 0.396485 0.180221
vt 0.378463 0.180221
vt 0.414507 0.162199
vt 0.432529 0.162199
vt 0.432529 0.180221
vt 0.414507 0.180221
vt 0.306375 0.198243
vt 0.324397 0.198243
vt 0.324397 0.216265
vt 0.306375 0.216265
vt 0.306375 0.162199
vt 0.324397 0.162199
vt 0.324397 0.180221
vt 0.306375 0.180221
vt 0.342419 0.162199
vt 0.360441 0.162199
vt 0.360441 0.180221
vt 0.342419 0.180221
vt 0.306375 0.270331
vt 0.324397 0.270331
vt 0.324397 0.288353
vt 0.306375 0.288353
vt 0.306375 0.234287
vt 0.324397 0.234287
vt 0.324397 0.252309
vt 0.306375 0.252309
vt 0.342419 0.234287
vt 0.360441 0.234287
vt 0.360441 0.252309
vt 0.342419 0.252309
vt 0.378463 0.054066
vt 0.396485 0.054066
vt 0.396485 0.072088
vt 0.378463 0.072088
vt 0.378463 0.018022
vt 0.396485 0.018022
vt 0.396485 0.036044
vt 0.378463 0.036044
vt 0.414507 0.018022
vt 0.432529 0.018022
vt 0.432529 0.036044
vt 0.414507 0.036044
vt 0.306375 0.054066
vt 0.324397 0.054066
vt 0.324397 0.072088
vt 0.306375 0.072088
vt 0.306375 0.018022
vt 0.324397 0.018022
vt 0.324397 0.036044
vt 0.306375 0.036044
vt 0.342419 0.018022
vt 0.360441 0.018022
vt 0.360441 0.036044
vt 0.342419 0.036044
vt 0.306375 0.126154
vt 0.324397 0.126154
vt 0.324397 0.144176
vt 0.306375 0.144176
vt 0.306375 0.090110
vt 0.324397 0.090110
vt 0.324397 0.108132
vt 0.306375 0.108132
vt 0.342419 0.090110
vt 0.360441 0.090110
vt 0.360441 0.108132
vt 0.342419 0.108132
vt 0.522640 0.054066
vt 0.540662 0.054066
vt 0.540662 0.072088
vt 0.522640 0.072088
vt 0.522640 0.018022
vt 0.540662 0.018022
vt 0.540662 0.036044
vt 0.522640 0.036044
vt 0.558684 0.018022
vt 0.576706 0.018022
vt 0.576706 0.036044
vt 0.558684 0.036044
vt 0.450551 0.054066
vt 0.468573 0.054066
vt 0.468573 0.072088
vt 0.450551 0.072088
vt 0.450551 0.018022
vt 0.468573 0.018022
vt 0.468573 0.036044
vt 0.450551 0.036044
vt 0.486596 0.018022
vt 0.504618 0.018022
vt 0.504618 0.036044
vt 0.486596 0.036044
vt 0.450551 0.126154
vt 0.468573 0.126154
vt 0.468573 0.144176
vt 0.450551 0.144176
vt 0.450551 0.090110
vt 0.468573 0.090110
vt 0.468573 0.108132
vt 0.450551 0.108132
vt 0.486596 0.090110
vt 0.504618 0.090110
vt 0.504618 0.108132
vt 0.486596 0.108132
vt 0.090110 0.198243
vt 0.108132 0.198243
vt 0.108132 0.216265
vt 0.090110 0.216265
vt 0.090110 0.162199
vt 0.108132 0.162199
vt 0.108132 0.180221
vt 0.090110 0.180221
vt 0.126154 0.162199
vt 0.144176 0.162199
vt 0.144176 0.180221
vt 0.126154 0.180221
vt 0.018022 0.198243
vt 0.036044 0.198243
vt 0.036044 0.216265
vt 0.018022 0.216265
vt 0.018022 0.162199
vt 0.036044 0.162199
vt 0.036044 0.180221
vt 0.018022 0.180221
vt 0.054066 0.162199
vt 0.072088 0.162199
vt 0.072088 0.180221
vt 0.054066 0.180221
vt 0.018022 0.270331
vt 0.036044 0.270331
vt 0.036044 0.288353
vt 0.018022 0.288353
vt 0.018022 0.234287
vt 0.036044 0.234287
vt 0.036044 0.252309
vt 0.018022 0.252309
vt 0.054066 0.234287
vt 0.072088 0.234287
vt 0.072088 0.252309
vt 0.054066 0.252309
vt 0.090110 0.054066
vt 0.108132 0.054066
vt 0.108132 0.072088
vt 0.090110 0.072088
vt 0.090110 0.018022
vt 0.108132 0.018022
vt 0.108132 0.036044
vt 0.090110 0.036044
vt 0.126154 0.018022
vt 0.144176 0.018022
vt 0.144176 0.036044
vt 0.126154 0.036044
vt 0.018022 0.054066
vt 0.036044 0.054066
vt 0.036044 0.072088
vt 0.018022 0.072088
vt 0.018022 0.018022
vt 0.036044 0.018022
vt 0.036044 0.036044
vt 0.018022 0.036044
vt 0.054066 0.018022
vt 0.072088 0.018022
vt 0.072088 0.036044
vt 0.054066 0.036044
vt 0.018022 0.126154
vt 0.036044 0.126154
vt 0.036044 0.144176
vt 0.018022 0.144176
vt 0.018022 0.090110
vt 0.036044 0.090110
vt 0.036044 0.108132
vt 0.018022 0.108132
vt 0.054066 0.090110
vt 0.072088 0.090110
vt 0.072088 0.108132
vt 0.054066 0.108132
vt 0.234287 0.054066
vt 0.252309 0.054066
vt 0.252309 0.072088
vt 0.234287 0.072088
vt 0.234287 0.018022
vt 0.252309 0.018022
vt 0.252309 0.036044
vt 0.234287 0.036044
vt 0.270331 0.018022
vt 0.288353 0.018022
vt 0.288353 0.036044
vt 0.270331 0.036044
vt 0.162199 0.054066
vt 0.180221 0.054066
vt 0.180221 0.072088
vt 0.162199 0.072088
vt 0.162199 0.018022
vt 0.180221 0.018022
vt 0.180221 0.036044
vt 0.162199 0.036044
vt 0.198243 0.018022
vt 0.216265 0.018022
vt 0.216265 0.036044
vt 0.198243 0.036044
vt 0.162199 0.126154
vt 0.180221 0.126154
vt 0.180221 0.144176
vt 0.162199 0.144176
vt 0.162199 0.090110
vt 0.180221 0.090110
vt 0.180221 0.108132
vt 0.162199 0.108132
vt 0.198243 0.090110
vt 0.216265 0.090110
vt 0.216265 0.108132
vt 0.198243 0.108132
vt 0.090110 0.486596
vt 0.108132 0.486596
vt 0.108132 0.504618
vt 0.090110 0.504618
vt 0.090110 0.450551
vt 0.108132 0.450551
vt 0.108132 0.468573
vt 0.090110 0.468573
vt 0.126154 0.450551
vt 0.144176 0.450551
vt 0.144176 0.468573
vt 0.126154 0.468573
vt 0.018022 0.486596
vt 0.036044 0.486596
vt 0.036044 0.504618
vt 0.018022 0.504618
vt 0.018022 0.450551
vt 0.036044 0.450551
vt 0.036044 0.468573
vt 0.018022 0.468573
vt 0.054066 0.450551
vt 0.072088 0.450551
vt 0.072088 0.468573
vt 0.054066 0.468573
vt 0.018022 0.558684
vt 0.036044 0.558684
vt 0.036044 0.576706
vt 0.018022 0.576706
vt 0.018022 0.522640
vt 0.036044 0.522640
vt 0.036044 0.540662
vt 0.018022 0.540662
vt 0.054066 0.522640
vt 0.072088 0.522640
vt 0.072088 0.540662
vt 0.054066 0.540662
vt 0.090110 0.342419
vt 0.108132 0.342419
vt 0.108132 0.360441
vt 0.090110 0.360441
vt 0.090110 0.306375
vt 0.108132 0.306375
vt 0.108132 0.324397
vt 0.090110 0.324397
vt 0.126154 0.306375
vt 0.144176 0.306375
vt 0.144176 0.324397
vt 0.126154 0.324397
vt 0.018022 0.342419
vt 0.036044 0.342419
vt 0.036044 0.360441
vt 0.018022 0.360441
vt 0.018022 0.306375
vt 0.036044 0.306375
vt 0.036044 0.324397
vt 0.018022 0.324397
vt 0.054066 0.306375
vt 0.072088 0.306375
vt 0.072088 0.324397
vt 0.054066 0.324397
vt 0.018022 0.414507
vt 0.036044 0.414507
vt 0.036044 0.432529
vt 0.018022 0.432529
vt 0.018022 0.378463
vt 0.036044 0.378463
vt 0.036044 0.396485
vt 0.018022 0.396485
vt 0.054066 0.378463
vt 0.072088 0.378463
vt 0.072088 0.396485
vt 0.054066 0.396485
vt 0.234287 0.342419
vt 0.252309 0.342419
vt 0.252309 0.360441
vt 0.234287 0.360441
vt 0.234287 0.306375
vt 0.252309 0.306375
vt 0.252309 0.324397
vt 0.234287 0.324397
vt 0.270331 0.306375
vt 0.288353 0.306375
vt 0.288353 0.324397
vt 0.270331 0.324397
vt 0.162199 0.342419
vt 0.180221 0.342419
vt 0.180221 0.360441
vt 0.162199 0.360441
vt 0.162199 0.306375
vt 0.180221 0.306375
vt 0.180221 0.324397
vt 0.162199 0.324397
vt 0.198243 0.306375
vt 0.216265 0.306375
vt 0.216265 0.324397
vt 0.198243 0.324397
vt 0.162199 0.414507
vt 0.180221 0.414507
vt 0.180221 0.432529
vt 0.162199 0.432529
vt 0.162199 0.378463
vt 0.180221 0.378463
vt 0.180221 0.396485
vt 0.162199 0.396485
vt 0.198243 0.378463
vt 0.216265 0.378463
vt 0.216265 0.396485
vt 0.198243 0.396485
vt 0.378463 0.486596
vt 0.396485 0.486596
vt 0.396485 0.504618
vt 0.378463 0.504618
vt 0.378463 0.450551
vt 0.396485 0.450551
vt 0.396485 0.468573
vt 0.378463 0.468573
vt 0.414507 0.450551
vt 0.432529 0.450551
vt 0.432529 0.468573
vt 0.414507 0.468573
vt 0.306375 0.486596
vt 0.324397 0.486596
vt 0.324397 0.504618
vt 0.306375 0.504618
vt 0.306375 0.450551
vt 0.324397 0.450551
vt 0.324397 0.468573
vt 0.306375 0.468573
vt 0.342419 0.450551
vt 0.360441 0.450551
vt 0.360441 0.468573
vt 0.342419 0.468573
vt 0.306375 0.558684
vt 0.324397 0.558684
vt 0.324397 0.576706
vt 0.306375 0.576706
vt 0.306375 0.522640
vt 0.324397 0.522640
vt 0.324397 0.540662
vt 0.306375 0.540662
vt 0.342419 0.522640
vt 0.360441 0.522640
vt 0.360441 0.540662
vt 0.342419 0.540662
vt 0.378463 0.342419
vt 0.396485 0.342419
vt 0.396485 0.360441
vt 0.378463 0.360441
vt 0.378463 0.306375
vt 0.396485 0.306375
vt 0.396485 0.324397
vt 0.378463 0.324397
vt 0.414507 0.306375
vt 0.432529 0.306375
vt 0.432529 0.324397
vt 0.414507 0.324397
vt 0.306375 0.342419
vt 0.324397 0.342419
vt 0.324397 0.360441
vt 0.306375 0.360441
vt 0.306375 0.306375
vt 0.324397 0.306375
vt 0.324397 0.324397
vt 0.306375 0.324397
vt 0.342419 0.306375
vt 0.360441 0.306375
vt 0.360441 0.324397
vt 0.342419 0.324397
vt 0.306375 0.414507
vt 0.324397 0.414507
vt 0.324397 0.432529
vt 0.306375 0.432529
vt 0.306375 0.378463
vt 0.324397 0.378463
vt 0.324397 0.396485
vt 0.306375 0.396485
vt 0.342419 0.378463
vt 0.360441 0.378463
vt 0.360441 0.396485
vt 0.342419 0.396485
vt 0.522640 0.342419
vt 0.540662 0.342419
vt 0.540662 0.360441
vt 0.522640 0.360441
vt 0.522640 0.306375
vt 0.540662 0.306375
vt 0.540662 0.324397
vt 0.522640 0.324397
vt 0.558684 0.306375
vt 0.576706 0.306375
vt 0.576706 0.324397
vt 0.558684 0.324397
vt 0.450551 0.342419
vt 0.468573 0.342419
vt 0.468573 0.360441
vt 0.450551 0.360441
vt 0.450551 0.306375
vt 0.468573 0.306375
vt 0.468573 0.324397
vt 0.450551 0.324397
vt 0.486596 0.306375
vt 0.504618 0.306375
vt 0.504618 0.324397
vt 0.486596 0.324397
vt 0.450551 0.414507
vt 0.468573 0.414507
vt 0.468573 0.432529
vt 0.450551 0.432529
vt 0.450551 0.378463
vt 0.468573 0.378463
vt 0.468573 0.396485
vt 0.450551 0.396485
vt 0.486596 0.378463
vt 0.504618 0.378463
vt 0.504618 0.396485
vt 0.486596 0.396485
vt 0.522640 0.414507
vt 0.540662 0.414507
vt 0.540662 0.432529
vt 0.522640 0.432529
vt 0.522640 0.378463
vt 0.540662 0.378463
vt 0.540662 0.396485
vt 0.522640 0.396485
vt 0.558684 0.378463
vt 0.576706 0.378463
vt 0.576706 0.396485
vt 0.558684 0.396485
vt 0.378463 0.414507
vt 0.396485 0.414507
vt 0.396485 0.432529
vt 0.378463 0.432529
vt 0.378463 0.378463
vt 0.396485 0.378463
vt 0.396485 0.396485
vt 0.378463 0.396485
vt 0.414507 0.378463
vt 0.432529 0.378463
vt 0.432529 0.396485
vt 0.414507 0.396485
vt 0.378463 0.558684
vt 0.396485 0.558684
vt 0.396485 0.576706
vt 0.378463 0.576706
vt 0.378463 0.522640
vt 0.396485 0.522640
vt 0.396485 0.540662
vt 0.378463 0.540662
vt 0.414507 0.522640
vt 0.432529 0.522640
vt 0.432529 0.540662
vt 0.414507 0.540662
vt 0.234287 0.414507
vt 0.252309 0.414507
vt 0.252309 0.432529
vt 0.234287 0.432529
vt 0.234287 0.378463
vt 0.252309 0.378463
vt 0.252309 0.396485
vt 0.234287 0.396485
vt 0.270331 0.378463
vt 0.288353 0.378463
vt 0.288353 0.396485
vt 0.270331 0.396485
vt 0.090110 0.414507
vt 0.108132 0.414507
vt 0.108132 0.432529
vt 0.090110 0.432529
vt 0.090110 0.378463
vt 0.108132 0.378463
vt 0.108132 0.396485
vt 0.090110 0.396485
vt 0.126154 0.378463
vt 0.144176 0.378463
vt 0.144176 0.396485
vt 0.126154 0.396485
vt 0.090110 0.558684
vt 0.108132 0.558684
vt 0.108132 0.576706
vt 0.090110 0.576706
vt 0.090110 0.522640
vt 0.108132 0.522640
vt 0.108132 0.540662
vt 0.090110 0.540662
vt 0.126154 0.522640
vt 0.144176 0.522640
vt 0.144176 0.540662
vt 0.126154 0.540662
vt 0.234287 0.126154
vt 0.252309 0.126154
vt 0.252309 0.144176
vt 0.234287 0.144176
vt 0.234287 0.090110
vt 0.252309 0.090110
vt 0.252309 0.108132
vt 0.234287 0.108132
vt 0.270331 0.090110
vt 0.288353 0.090110
vt 0.288353 0.108132
vt 0.270331 0.108132
vt 0.090110 0.126154
vt 0.108132 0.126154
vt 0.108132 0.144176
vt 0.090110 0.144176
vt 0.090110 0.090110
vt 0.108132 0.090110
vt 0.108132 0.108132
vt 0.090110 0.108132
vt 0.126154 0.090110
vt 0.144176 0.090110
vt 0.144176 0.108132
vt 0.126154 0.108132
vt 0.090110 0.270331
vt 0.108132 0.270331
vt 0.108132 0.288353
vt 0.090110 0.288353
vt 0.090110 0.234287
vt 0.108132 0.234287
vt 0.108132 0.252309
vt 0.090110 0.252309
vt 0.126154 0.234287
vt 0.144176 0.234287
vt 0.144176 0.252309
vt 0.126154 0.252309
vt 0.522640 0.126154
vt 0.540662 0.126154
vt 0.540662 0.144176
vt 0.522640 0.144176
vt 0.522640 0.090110
vt 0.540662 0.090110
vt 0.540662 0.108132
vt 0.522640 0.108132
vt 0.558684 0.090110
vt 0.576706 0.090110
vt 0.576706 0.108132
vt 0.558684 0.108132
vt 0.378463 0.126154
vt 0.396485 0.126154
vt 0.396485 0.144176
vt 0.378463 0.144176
vt 0.378463 0.090110
vt 0.396485 0.090110
vt 0.396485 0.108132
vt 0.378463 0.108132
vt 0.414507 0.090110
vt 0.432529 0.090110
vt 0.432529 0.108132
vt 0.414507 0.108132
vt 0.378463 0.270331
vt 0.396485 0.270331
vt 0.396485 0.288353
vt 0.378463 0.288353
vt 0.378463 0.234287
vt 0.396485 0.234287
vt 0.396485 0.252309
vt 0.378463 0.252309
vt 0.414507 0.234287
vt 0.432529 0.234287
vt 0.432529 0.252309
vt 0.414507 0.252309
vt 0.522640 0.270331
vt 0.540662 0.270331
vt 0.540662 0.288353
vt 0.522640 0.288353
vt 0.522640 0.234287
vt 0.540662 0.234287
vt 0.540662 0.252309
vt 0.522640 0.252309
vt 0.558684 0.234287
vt 0.576706 0.234287
vt 0.576706 0.252309
vt 0.558684 0.252309
vt 0.234287 0.270331
vt 0.252309 0.270331
vt 0.252309 0.288353
vt 0.234287 0.288353
vt 0.234287 0.234287
vt 0.252309 0.234287
vt 0.252309 0.252309
vt 0.234287 0.252309
vt 0.270331 0.234287
vt 0.288353 0.234287
vt 0.288353 0.252309
vt 0.270331 0.252309
vt 0.234287 0.558684
vt 0.252309 0.558684
vt 0.252309 0.576706
vt 0.234287 0.576706
vt 0.234287 0.522640
vt 0.252309 0.522640
vt 0.252309 0.540662
vt 0.234287 0.540662
vt 0.270331 0.522640
vt 0.288353 0.522640
vt 0.288353 0.540662
vt 0.270331 0.540662
vt 0.522640 0.558684
vt 0.540662 0.558684
vt 0.540662 0.576706
vt 0.522640 0.576706
vt 0.522640 0.522640
vt 0.540662 0.522640
vt 0.540662 0.540662
vt 0.522640 0.540662
vt 0.558684 0.522640
vt 0.576706 0.522640
vt 0.576706 0.540662
vt 0.558684 0.540662
vt 0.000000 0.378463
vt 0.000000 0.396485
vt 0.000000 0.360441
vt 0.000000 0.414507
vt 0.000000 0.432529
vt 0.000000 0.306375
vt 0.000000 0.324397
vt 0.000000 0.288353
vt 0.000000 0.342419
vt 0.000000 0.522640
vt 0.000000 0.540662
vt 0.000000 0.504618
vt 0.000000 0.558684
vt 0.000000 0.576706
vt 0.000000 0.450551
vt 0.000000 0.468573
vt 0.000000 0.486596
vt 0.180221 0.000000
vt 0.198243 0.000000
vt 0.216265 0.000000
vt 0.144176 0.000000
vt 0.162199 0.000000
vt 0.252309 0.000000
vt 0.270331 0.000000
vt 0.288353 0.000000
vt 0.234287 0.000000
vt 0.000000 0.090110
vt 0.000000 0.108132
vt 0.000000 0.072088
vt 0.000000 0.126154
vt 0.000000 0.144176
vt 0.036044 0.000000
vt 0.054066 0.000000
vt 0.072088 0.000000
vt 0.000000 0.018022
vt 0.000000 0.036044
vt 0.000000 0.000000
vt 0.018022 0.000000
vt 0.000000 0.054066
vt 0.108132 0.000000
vt 0.126154 0.000000
vt 0.090110 0.000000
vt 0.000000 0.234287
vt 0.000000 0.252309
vt 0.000000 0.216265
vt 0.000000 0.270331
vt 0.000000 0.162199
vt 0.000000 0.180221
vt 0.000000 0.198243
vt 0.468573 0.000000
vt 0.486596 0.000000
vt 0.504618 0.000000
vt 0.432529 0.000000
vt 0.450551 0.000000
vt 0.540662 0.000000
vt 0.558684 0.000000
vt 0.576706 0.000000
vt 0.522640 0.000000
vt 0.324397 0.000000
vt 0.342419 0.000000
vt 0.360441 0.000000
vt 0.306375 0.000000
vt 0.396485 0.000000
vt 0.414507 0.000000
vt 0.378463 0.000000
vt 0.437362 0.712281
vt 0.441830 0.712281
vt 0.441830 0.713370
vt 0.437362 0.713370
vt 0.468639 0.712281
vt 0.473107 0.712281
vt 0.473107 0.713370
vt 0.468639 0.713370
vt 0.446298 0.712281
vt 0.450766 0.712281
vt 0.450766 0.713370
vt 0.446298 0.713370
vt 0.468639 0.717665
vt 0.464171 0.717665
vt 0.464171 0.716576
vt 0.468639 0.716576
vt 0.473107 0.717665
vt 0.473107 0.716576
vt 0.477575 0.712281
vt 0.482043 0.712281
vt 0.482043 0.713370
vt 0.477575 0.713370
vt 0.455234 0.712281
vt 0.459703 0.712281
vt 0.459703 0.713370
vt 0.455234 0.713370
vt 0.441830 0.717665
vt 0.437362 0.717665
vt 0.437362 0.716576
vt 0.441830 0.716576
vt 0.477575 0.717665
vt 0.477575 0.716576
vt 0.446298 0.717665
vt 0.446298 0.716576
vt 0.824609 0.842586
vt 0.821139 0.841459
vt 0.818994 0.838506
vt 0.818994 0.834857
vt 0.821139 0.831904
vt 0.824609 0.830777
vt 0.828080 0.831904
vt 0.830225 0.834857
vt 0.830225 0.838506
vt 0.828080 0.841459
vt 0.459703 0.583471
vt 0.455234 0.583471
vt 0.455234 0.576706
vt 0.459703 0.576706
vt 0.526241 0.839063
vt 0.526241 0.833670
vt 0.529411 0.829308
vt 0.534539 0.827641
vt 0.539668 0.829308
vt 0.542837 0.833670
vt 0.542837 0.839063
vt 0.539668 0.843425
vt 0.534539 0.845091
vt 0.529411 0.843425
vt 0.446298 0.583471
vt 0.441830 0.583471
vt 0.441830 0.576706
vt 0.446298 0.576706
vt 0.477575 0.583471
vt 0.473107 0.583471
vt 0.473107 0.576706
vt 0.477575 0.576706
vt 0.464171 0.583471
vt 0.464171 0.576706
vt 0.450766 0.583471
vt 0.450766 0.576706
vt 0.482043 0.583471
vt 0.482043 0.576706
vt 0.468639 0.583471
vt 0.468639 0.576706
vt 0.437362 0.583471
vt 0.437362 0.576706
vt 0.441830 0.708048
vt 0.437362 0.708048
vt 0.437362 0.705529
vt 0.441830 0.705529
vt 0.437362 0.703011
vt 0.441830 0.703011
vt 0.446298 0.708048
vt 0.446298 0.705529
vt 0.446298 0.703011
vt 0.450766 0.708048
vt 0.450766 0.705529
vt 0.450766 0.703011
vt 0.455234 0.708048
vt 0.455234 0.705529
vt 0.455234 0.703011
vt 0.459703 0.708048
vt 0.459703 0.705529
vt 0.459703 0.703011
vt 0.464171 0.708048
vt 0.464171 0.705529
vt 0.464171 0.703011
vt 0.468639 0.708048
vt 0.468639 0.705529
vt 0.468639 0.703011
vt 0.473107 0.708048
vt 0.473107 0.705529
vt 0.473107 0.703011
vt 0.477575 0.708048
vt 0.477575 0.705529
vt 0.477575 0.703011
vt 0.482043 0.708048
vt 0.482043 0.705529
vt 0.482043 0.703011
vt 0.437362 0.698333
vt 0.441830 0.698333
vt 0.477575 0.698333
vt 0.482043 0.698333
vt 0.446298 0.698333
vt 0.450766 0.698333
vt 0.455234 0.698333
vt 0.459703 0.698333
vt 0.464171 0.712281
vt 0.464171 0.698333
vt 0.468639 0.698333
vt 0.473107 0.698333
vt 0.441830 0.696540
vt 0.437362 0.696540
vt 0.437362 0.693663
vt 0.441830 0.693663
vt 0.437362 0.690786
vt 0.441830 0.690786
vt 0.446298 0.696540
vt 0.446298 0.693663
vt 0.446298 0.690786
vt 0.450766 0.696540
vt 0.450766 0.693663
vt 0.450766 0.690786
vt 0.455234 0.696540
vt 0.455234 0.693663
vt 0.455234 0.690786
vt 0.459703 0.696540
vt 0.459703 0.693663
vt 0.459703 0.690786
vt 0.464171 0.696540
vt 0.464171 0.693663
vt 0.464171 0.690786
vt 0.468639 0.696540
vt 0.468639 0.693663
vt 0.468639 0.690786
vt 0.473107 0.696540
vt 0.473107 0.693663
vt 0.473107 0.690786
vt 0.477575 0.696540
vt 0.477575 0.693663
vt 0.477575 0.690786
vt 0.482043 0.696540
vt 0.482043 0.693663
vt 0.482043 0.690786
vt 0.437362 0.688334
vt 0.441830 0.688334
vt 0.477575 0.688334
vt 0.482043 0.688334
vt 0.446298 0.688334
vt 0.450766 0.688334
vt 0.455234 0.688334
vt 0.459703 0.688334
vt 0.464171 0.688334
vt 0.468639 0.688334
vt 0.473107 0.688334
vt 0.441830 0.609637
vt 0.437362 0.609637
vt 0.437362 0.602361
vt 0.441830 0.602361
vt 0.446298 0.609637
vt 0.446298 0.602361
vt 0.450766 0.609637
vt 0.450766 0.602361
vt 0.455234 0.609637
vt 0.455234 0.602361
vt 0.459703 0.609637
vt 0.459703 0.602361
vt 0.464171 0.609637
vt 0.464171 0.602361
vt 0.468639 0.609637
vt 0.468639 0.602361
vt 0.473107 0.609637
vt 0.473107 0.602361
vt 0.477575 0.609637
vt 0.477575 0.602361
vt 0.482043 0.609637
vt 0.482043 0.602361
vt 0.437362 0.596450
vt 0.441830 0.596450
vt 0.477575 0.596450
vt 0.482043 0.596450
vt 0.446298 0.596450
vt 0.450766 0.596450
vt 0.455234 0.596450
vt 0.459703 0.596450
vt 0.464171 0.596450
vt 0.468639 0.596450
vt 0.473107 0.596450
vt 0.441830 0.593081
vt 0.437362 0.593081
vt 0.437362 0.590035
vt 0.441830 0.590035
vt 0.437362 0.586994
vt 0.441830 0.586994
vt 0.446298 0.593081
vt 0.446298 0.590035
vt 0.446298 0.586994
vt 0.450766 0.593081
vt 0.450766 0.590035
vt 0.450766 0.586994
vt 0.455234 0.593081
vt 0.455234 0.590035
vt 0.455234 0.586994
vt 0.459703 0.593081
vt 0.459703 0.590035
vt 0.459703 0.586994
vt 0.464171 0.593081
vt 0.464171 0.590035
vt 0.464171 0.586994
vt 0.468639 0.593081
vt 0.468639 0.590035
vt 0.468639 0.586994
vt 0.473107 0.593081
vt 0.473107 0.590035
vt 0.473107 0.586994
vt 0.477575 0.593081
vt 0.477575 0.590035
vt 0.477575 0.586994
vt 0.482043 0.593081
vt 0.482043 0.590035
vt 0.482043 0.586994
vt 0.477575 0.730214
vt 0.482043 0.717665
vt 0.482043 0.730214
vt 0.473107 0.730214
vt 0.468639 0.730214
vt 0.464171 0.730214
vt 0.459703 0.730214
vt 0.459703 0.717665
vt 0.455234 0.730214
vt 0.455234 0.717665
vt 0.450766 0.730214
vt 0.450766 0.717665
vt 0.446298 0.730214
vt 0.441830 0.730214
vt 0.437362 0.730214
vt 0.450766 0.716576
vt 0.455234 0.716576
vt 0.459703 0.716576
vt 0.464171 0.713370
vt 0.482043 0.716576
vt 0.818994 0.582719
vt 0.823462 0.582719
vt 0.823462 0.583808
vt 0.818994 0.583808
vt 0.850270 0.582719
vt 0.854738 0.582719
vt 0.854738 0.583808
vt 0.850270 0.583808
vt 0.827930 0.582719
vt 0.832398 0.582719
vt 0.832398 0.583808
vt 0.827930 0.583808
vt 0.850270 0.588103
vt 0.845802 0.588103
vt 0.845802 0.587014
vt 0.850270 0.587014
vt 0.854738 0.588103
vt 0.854738 0.587014
vt 0.859206 0.582719
vt 0.863675 0.582719
vt 0.863675 0.583808
vt 0.859206 0.583808
vt 0.836866 0.582719
vt 0.841334 0.582719
vt 0.841334 0.583808
vt 0.836866 0.583808
vt 0.823462 0.588103
vt 0.818994 0.588103
vt 0.818994 0.587014
vt 0.823462 0.587014
vt 0.859206 0.588103
vt 0.859206 0.587014
vt 0.827930 0.588103
vt 0.827930 0.587014
vt 0.835841 0.842586
vt 0.832370 0.841458
vt 0.832370 0.831904
vt 0.835841 0.830777
vt 0.839312 0.831904
vt 0.841457 0.834857
vt 0.841457 0.838506
vt 0.839312 0.841458
vt 0.841334 0.453909
vt 0.836866 0.453909
vt 0.836866 0.447144
vt 0.841334 0.447144
vt 0.453958 0.839683
vt 0.453958 0.834290
vt 0.457128 0.829928
vt 0.462256 0.828261
vt 0.467385 0.829928
vt 0.470554 0.834290
vt 0.470554 0.839683
vt 0.467385 0.844045
vt 0.462256 0.845712
vt 0.457128 0.844045
vt 0.827930 0.453909
vt 0.823462 0.453909
vt 0.823462 0.447144
vt 0.827930 0.447144
vt 0.859206 0.453909
vt 0.854738 0.453909
vt 0.854738 0.447144
vt 0.859206 0.447144
vt 0.845802 0.453909
vt 0.845802 0.447144
vt 0.832398 0.453909
vt 0.832398 0.447144
vt 0.863675 0.453909
vt 0.863675 0.447144
vt 0.850270 0.453909
vt 0.850270 0.447144
vt 0.818994 0.453909
vt 0.818994 0.447144
vt 0.823462 0.578486
vt 0.818994 0.578486
vt 0.818994 0.575967
vt 0.823462 0.575967
vt 0.818994 0.573449
vt 0.823462 0.573449
vt 0.827930 0.578486
vt 0.827930 0.575967
vt 0.827930 0.573449
vt 0.832398 0.578486
vt 0.832398 0.575967
vt 0.832398 0.573449
vt 0.836866 0.578486
vt 0.836866 0.575967
vt 0.836866 0.573449
vt 0.841334 0.578486
vt 0.841334 0.575967
vt 0.841334 0.573449
vt 0.845802 0.578486
vt 0.845802 0.575967
vt 0.845802 0.573449
vt 0.850270 0.578486
vt 0.850270 0.575967
vt 0.850270 0.573449
vt 0.854738 0.578486
vt 0.854738 0.575967
vt 0.854738 0.573449
vt 0.859206 0.578486
vt 0.859206 0.575967
vt 0.859206 0.573449
vt 0.863675 0.578486
vt 0.863675 0.575967
vt 0.863675 0.573449
vt 0.818994 0.568771
vt 0.823462 0.568771
vt 0.859206 0.568771
vt 0.863675 0.568771
vt 0.827930 0.568771
vt 0.832398 0.568771
vt 0.836866 0.568771
vt 0.841334 0.568771
vt 0.845802 0.582719
vt 0.845802 0.568771
vt 0.850270 0.568771
vt 0.854738 0.568771
vt 0.823462 0.566978
vt 0.818994 0.566978
vt 0.818994 0.564101
vt 0.823462 0.564101
vt 0.818994 0.561224
vt 0.823462 0.561224
vt 0.827930 0.566978
vt 0.827930 0.564101
vt 0.827930 0.561224
vt 0.832398 0.566978
vt 0.832398 0.564101
vt 0.832398 0.561224
vt 0.836866 0.566978
vt 0.836866 0.564101
vt 0.836866 0.561224
vt 0.841334 0.566978
vt 0.841334 0.564101
vt 0.841334 0.561224
vt 0.845802 0.566978
vt 0.845802 0.564101
vt 0.845802 0.561224
vt 0.850270 0.566978
vt 0.850270 0.564101
vt 0.850270 0.561224
vt 0.854738 0.566978
vt 0.854738 0.564101
vt 0.854738 0.561224
vt 0.859206 0.566978
vt 0.859206 0.564101
vt 0.859206 0.561224
vt 0.863675 0.566978
vt 0.863675 0.564101
vt 0.863675 0.561224
vt 0.818994 0.558772
vt 0.823462 0.558772
vt 0.859206 0.558772
vt 0.863675 0.558772
vt 0.827930 0.558772
vt 0.832398 0.558772
vt 0.836866 0.558772
vt 0.841334 0.558772
vt 0.845802 0.558772
vt 0.850270 0.558772
vt 0.854738 0.558772
vt 0.823462 0.480076
vt 0.818994 0.480076
vt 0.818994 0.472800
vt 0.823462 0.472800
vt 0.827930 0.480076
vt 0.827930 0.472800
vt 0.832398 0.480076
vt 0.832398 0.472800
vt 0.836866 0.480076
vt 0.836866 0.472800
vt 0.841334 0.480076
vt 0.841334 0.472800
vt 0.845802 0.480076
vt 0.845802 0.472800
vt 0.850270 0.480076
vt 0.850270 0.472800
vt 0.854738 0.480076
vt 0.854738 0.472800
vt 0.859206 0.480076
vt 0.859206 0.472800
vt 0.863675 0.480076
vt 0.863675 0.472800
vt 0.818994 0.466888
vt 0.823462 0.466888
vt 0.859206 0.466888
vt 0.863675 0.466888
vt 0.827930 0.466888
vt 0.832398 0.466888
vt 0.836866 0.466888
vt 0.841334 0.466888
vt 0.845802 0.466888
vt 0.850270 0.466888
vt 0.854738 0.466888
vt 0.823462 0.463519
vt 0.818994 0.463519
vt 0.818994 0.460473
vt 0.823462 0.460473
vt 0.818994 0.457432
vt 0.823462 0.457432
vt 0.827930 0.463519
vt 0.827930 0.460473
vt 0.827930 0.457432
vt 0.832398 0.463519
vt 0.832398 0.460473
vt 0.832398 0.457432
vt 0.836866 0.463519
vt 0.836866 0.460473
vt 0.836866 0.457432
vt 0.841334 0.463519
vt 0.841334 0.460473
vt 0.841334 0.457432
vt 0.845802 0.463519
vt 0.845802 0.460473
vt 0.845802 0.457432
vt 0.850270 0.463519
vt 0.850270 0.460473
vt 0.850270 0.457432
vt 0.854738 0.463519
vt 0.854738 0.460473
vt 0.854738 0.457432
vt 0.859206 0.463519
vt 0.859206 0.460473
vt 0.859206 0.457432
vt 0.863675 0.463519
vt 0.863675 0.460473
vt 0.863675 0.457432
vt 0.859206 0.600652
vt 0.863675 0.588103
vt 0.863675 0.600652
vt 0.854738 0.600652
vt 0.850270 0.600652
vt 0.845802 0.600652
vt 0.841334 0.600652
vt 0.841334 0.588103
vt 0.836866 0.600652
vt 0.836866 0.588103
vt 0.832398 0.600652
vt 0.832398 0.588103
vt 0.827930 0.600652
vt 0.823462 0.600652
vt 0.818994 0.600652
vt 0.832398 0.587014
vt 0.836866 0.587014
vt 0.841334 0.587014
vt 0.845802 0.583808
vt 0.863675 0.587014
vt 0.841576 0.785613
vt 0.818994 0.785613
vt 0.818994 0.763031
vt 0.841576 0.763031
vt 0.520955 0.747296
vt 0.522034 0.755814
vt 0.519469 0.756537
vt 0.517724 0.754793
vt 0.526241 0.763310
vt 0.518745 0.759103
vt 0.510227 0.758024
vt 0.509159 0.758024
vt 0.500642 0.759103
vt 0.499918 0.756537
vt 0.501662 0.754793
vt 0.493146 0.763310
vt 0.497352 0.755814
vt 0.498432 0.747296
vt 0.510227 0.735501
vt 0.518745 0.734421
vt 0.519469 0.736987
vt 0.517724 0.738731
vt 0.526241 0.730214
vt 0.522034 0.737711
vt 0.520955 0.746228
vt 0.498432 0.746228
vt 0.497352 0.737711
vt 0.499918 0.736987
vt 0.501662 0.738731
vt 0.493146 0.730214
vt 0.500642 0.734421
vt 0.509159 0.735501
vt 0.560650 0.795166
vt 0.568255 0.798316
vt 0.571405 0.805921
vt 0.571405 0.827641
vt 0.548823 0.827641
vt 0.548823 0.805921
vt 0.551973 0.798316
vt 0.559579 0.795166
vt 0.482284 0.795166
vt 0.489889 0.798316
vt 0.493040 0.805921
vt 0.493040 0.827641
vt 0.470458 0.827641
vt 0.470458 0.805921
vt 0.473608 0.798316
vt 0.481213 0.795166
vt 0.538068 0.795166
vt 0.545673 0.798316
vt 0.526241 0.827641
vt 0.526241 0.805921
vt 0.529391 0.798316
vt 0.536997 0.795166
vt 0.830820 0.600652
vt 0.838425 0.603803
vt 0.841576 0.611408
vt 0.841576 0.633128
vt 0.818994 0.633128
vt 0.818994 0.611408
vt 0.822144 0.603803
vt 0.829749 0.600652
vt 0.598114 0.425736
vt 0.576706 0.425736
vt 0.576706 0.021408
vt 0.598114 0.021408
vt 0.598114 0.000000
vt 0.811183 -0.000000
vt 0.811182 0.021408
vt 0.832591 0.021408
vt 0.832591 0.425736
vt 0.811183 0.425736
vt 0.811183 0.447144
vt 0.598114 0.447144
vt 0.224294 0.576706
vt 0.437362 0.981033
vt 0.224294 0.981033
vt 0.486511 0.712281
vt 0.486511 0.713370
vt 0.513320 0.712281
vt 0.517788 0.712281
vt 0.517788 0.713370
vt 0.513320 0.713370
vt 0.490979 0.712281
vt 0.495447 0.712281
vt 0.495447 0.713370
vt 0.490979 0.713370
vt 0.513320 0.717665
vt 0.508852 0.717665
vt 0.508852 0.716576
vt 0.513320 0.716576
vt 0.517788 0.717665
vt 0.517788 0.716576
vt 0.522256 0.712281
vt 0.526724 0.712281
vt 0.526724 0.713370
vt 0.522256 0.713370
vt 0.499915 0.712281
vt 0.504384 0.712281
vt 0.504384 0.713370
vt 0.499915 0.713370
vt 0.486511 0.717665
vt 0.486511 0.716576
vt 0.522256 0.717665
vt 0.522256 0.716576
vt 0.490979 0.717665
vt 0.490979 0.716576
vt 0.498762 0.841311
vt 0.495291 0.840183
vt 0.493146 0.837231
vt 0.493146 0.833581
vt 0.495291 0.830629
vt 0.498761 0.829501
vt 0.502232 0.830629
vt 0.504377 0.833581
vt 0.504377 0.837231
vt 0.502232 0.840183
vt 0.504384 0.583471
vt 0.499915 0.583471
vt 0.499915 0.576706
vt 0.504384 0.576706
vt 0.476444 0.839063
vt 0.476444 0.833670
vt 0.479613 0.829308
vt 0.484742 0.827641
vt 0.489870 0.829308
vt 0.493040 0.833670
vt 0.493040 0.839063
vt 0.489870 0.843425
vt 0.484742 0.845092
vt 0.479613 0.843425
vt 0.490979 0.583471
vt 0.486511 0.583471
vt 0.486511 0.576706
vt 0.490979 0.576706
vt 0.522256 0.583471
vt 0.517788 0.583471
vt 0.517788 0.576706
vt 0.522256 0.576706
vt 0.508852 0.583471
vt 0.508852 0.576706
vt 0.495447 0.583471
vt 0.495447 0.576706
vt 0.526724 0.583471
vt 0.526724 0.576706
vt 0.513320 0.583471
vt 0.513320 0.576706
vt 0.486511 0.708048
vt 0.486511 0.705529
vt 0.486511 0.703011
vt 0.490979 0.708048
vt 0.490979 0.705529
vt 0.490979 0.703011
vt 0.495447 0.708048
vt 0.495447 0.705529
vt 0.495447 0.703011
vt 0.499915 0.708048
vt 0.499915 0.705529
vt 0.499916 0.703011
vt 0.504384 0.708048
vt 0.504384 0.705529
vt 0.504384 0.703011
vt 0.508852 0.708048
vt 0.508852 0.705529
vt 0.508852 0.703011
vt 0.513320 0.708048
vt 0.513320 0.705529
vt 0.513320 0.703011
vt 0.517788 0.708048
vt 0.517788 0.705529
vt 0.517788 0.703011
vt 0.522256 0.708048
vt 0.522256 0.705529
vt 0.522256 0.703011
vt 0.526724 0.708048
vt 0.526724 0.705529
vt 0.526724 0.703011
vt 0.486511 0.698333
vt 0.522256 0.698333
vt 0.526724 0.698333
vt 0.490979 0.698333
vt 0.495447 0.698333
vt 0.499915 0.698333
vt 0.504384 0.698333
vt 0.508852 0.712281
vt 0.508852 0.698333
vt 0.513320 0.698333
vt 0.517788 0.698333
vt 0.486511 0.696540
vt 0.486511 0.693663
vt 0.486511 0.690786
vt 0.490979 0.696540
vt 0.490979 0.693663
vt 0.490979 0.690786
vt 0.495447 0.696540
vt 0.495447 0.693663
vt 0.495447 0.690786
vt 0.499915 0.696540
vt 0.499915 0.693663
vt 0.499915 0.690786
vt 0.504384 0.696540
vt 0.504384 0.693663
vt 0.504384 0.690786
vt 0.508852 0.696540
vt 0.508852 0.693663
vt 0.508852 0.690786
vt 0.513320 0.696540
vt 0.513320 0.693663
vt 0.513320 0.690786
vt 0.517788 0.696540
vt 0.517788 0.693663
vt 0.517788 0.690786
vt 0.522256 0.696540
vt 0.522256 0.693663
vt 0.522256 0.690786
vt 0.526724 0.696540
vt 0.526724 0.693663
vt 0.526724 0.690786
vt 0.486511 0.688334
vt 0.522256 0.688334
vt 0.526724 0.688334
vt 0.490979 0.688334
vt 0.495447 0.688334
vt 0.499915 0.688334
vt 0.504384 0.688334
vt 0.508852 0.688334
vt 0.513320 0.688334
vt 0.517788 0.688334
vt 0.486511 0.609637
vt 0.486511 0.602361
vt 0.490979 0.609637
vt 0.490979 0.602361
vt 0.495447 0.609637
vt 0.495447 0.602361
vt 0.499916 0.609637
vt 0.499915 0.602361
vt 0.504384 0.609637
vt 0.504384 0.602361
vt 0.508852 0.609637
vt 0.508852 0.602361
vt 0.513320 0.609637
vt 0.513320 0.602361
vt 0.517788 0.609637
vt 0.517788 0.602361
vt 0.522256 0.609637
vt 0.522256 0.602361
vt 0.526724 0.609637
vt 0.526724 0.602361
vt 0.486511 0.596450
vt 0.522256 0.596450
vt 0.526724 0.596450
vt 0.490979 0.596450
vt 0.495447 0.596450
vt 0.499915 0.596450
vt 0.504384 0.596450
vt 0.508852 0.596450
vt 0.513320 0.596450
vt 0.517788 0.596450
vt 0.486511 0.593081
vt 0.486511 0.590035
vt 0.486511 0.586993
vt 0.490979 0.593081
vt 0.490979 0.590035
vt 0.490979 0.586994
vt 0.495447 0.593081
vt 0.495447 0.590035
vt 0.495447 0.586993
vt 0.499915 0.593081
vt 0.499915 0.590035
vt 0.499915 0.586993
vt 0.504384 0.593081
vt 0.504384 0.590035
vt 0.504384 0.586994
vt 0.508852 0.593081
vt 0.508852 0.590035
vt 0.508852 0.586993
vt 0.513320 0.593081
vt 0.513320 0.590035
vt 0.513320 0.586993
vt 0.517788 0.593081
vt 0.517788 0.590035
vt 0.517788 0.586993
vt 0.522256 0.593081
vt 0.522256 0.590035
vt 0.522256 0.586993
vt 0.526724 0.593081
vt 0.526724 0.590035
vt 0.526724 0.586994
vt 0.522256 0.730214
vt 0.526724 0.717665
vt 0.526724 0.730214
vt 0.517788 0.730214
vt 0.513320 0.730214
vt 0.508852 0.730214
vt 0.504384 0.730214
vt 0.504384 0.717665
vt 0.499915 0.730214
vt 0.499915 0.717665
vt 0.495447 0.730214
vt 0.495447 0.717665
vt 0.490979 0.730214
vt 0.486511 0.730214
vt 0.495447 0.716576
vt 0.499915 0.716576
vt 0.504384 0.716576
vt 0.508852 0.713370
vt 0.526724 0.716576
vt 0.841576 0.808195
vt 0.818994 0.808195
vt 0.520955 0.813487
vt 0.522034 0.822005
vt 0.519469 0.822729
vt 0.517724 0.820984
vt 0.526241 0.829501
vt 0.518745 0.825295
vt 0.510227 0.824215
vt 0.509159 0.824215
vt 0.500642 0.825295
vt 0.499918 0.822729
vt 0.501662 0.820984
vt 0.493146 0.829501
vt 0.497352 0.822005
vt 0.498432 0.813487
vt 0.510227 0.801692
vt 0.518745 0.800612
vt 0.519469 0.803178
vt 0.517724 0.804922
vt 0.526241 0.796406
vt 0.522034 0.803902
vt 0.520955 0.812420
vt 0.498432 0.812420
vt 0.497352 0.803902
vt 0.499918 0.803178
vt 0.501662 0.804922
vt 0.493146 0.796406
vt 0.500642 0.800612
vt 0.509159 0.801692
vt 0.471770 0.730215
vt 0.479376 0.733365
vt 0.482526 0.740970
vt 0.482526 0.762690
vt 0.459944 0.762690
vt 0.459944 0.740970
vt 0.463094 0.733365
vt 0.470700 0.730215
vt 0.830820 0.665604
vt 0.838425 0.668754
vt 0.841576 0.676359
vt 0.841576 0.698079
vt 0.818994 0.698079
vt 0.818994 0.676359
vt 0.822144 0.668754
vt 0.829749 0.665604
vt 0.449188 0.730215
vt 0.456794 0.733365
vt 0.437362 0.762690
vt 0.437362 0.740970
vt 0.440512 0.733365
vt 0.448118 0.730215
vt 0.830820 0.633128
vt 0.838425 0.636278
vt 0.841576 0.643884
vt 0.841576 0.665604
vt 0.818994 0.665604
vt 0.818994 0.643884
vt 0.822144 0.636278
vt 0.829749 0.633128
vt 0.841576 0.830777
vt 0.818994 0.830777
vt 0.520955 0.780392
vt 0.522034 0.788909
vt 0.519469 0.789633
vt 0.517724 0.787889
vt 0.518745 0.792199
vt 0.510227 0.791119
vt 0.509159 0.791119
vt 0.500642 0.792199
vt 0.499918 0.789633
vt 0.501662 0.787889
vt 0.497352 0.788909
vt 0.498432 0.780392
vt 0.510227 0.768597
vt 0.518745 0.767517
vt 0.519469 0.770083
vt 0.517724 0.771827
vt 0.522034 0.770806
vt 0.520955 0.779324
vt 0.498432 0.779324
vt 0.497352 0.770806
vt 0.499918 0.770083
vt 0.501662 0.771827
vt 0.500642 0.767517
vt 0.509159 0.768597
vt 0.560650 0.730214
vt 0.568255 0.733365
vt 0.571405 0.740970
vt 0.571405 0.762690
vt 0.548823 0.762690
vt 0.548823 0.740970
vt 0.551973 0.733365
vt 0.559579 0.730214
vt 0.538068 0.762690
vt 0.545673 0.765840
vt 0.548823 0.773446
vt 0.548823 0.795166
vt 0.526241 0.795166
vt 0.526241 0.773446
vt 0.529391 0.765840
vt 0.536997 0.762690
vt 0.538068 0.730214
vt 0.545673 0.733365
vt 0.526241 0.762690
vt 0.526241 0.740970
vt 0.529391 0.733365
vt 0.536997 0.730214
vt 0.560650 0.762690
vt 0.568255 0.765840
vt 0.571405 0.773446
vt 0.571405 0.795166
vt 0.551974 0.765840
vt 0.559579 0.762690
vt 0.531192 0.712281
vt 0.531192 0.713370
vt 0.558001 0.712281
vt 0.562469 0.712281
vt 0.562469 0.713370
vt 0.558001 0.713370
vt 0.535660 0.712281
vt 0.540129 0.712281
vt 0.540128 0.713370
vt 0.535660 0.713370
vt 0.558001 0.717665
vt 0.553533 0.717665
vt 0.553533 0.716576
vt 0.558001 0.716576
vt 0.562469 0.717665
vt 0.562469 0.716575
vt 0.566937 0.712281
vt 0.571405 0.712281
vt 0.571405 0.713370
vt 0.566937 0.713370
vt 0.544597 0.712281
vt 0.549065 0.712281
vt 0.549065 0.713370
vt 0.544597 0.713370
vt 0.531192 0.717665
vt 0.531192 0.716576
vt 0.566937 0.717665
vt 0.566937 0.716576
vt 0.535660 0.717665
vt 0.535660 0.716576
vt 0.509993 0.841311
vt 0.506522 0.840183
vt 0.506522 0.830629
vt 0.509993 0.829501
vt 0.513464 0.830629
vt 0.515609 0.833581
vt 0.515609 0.837231
vt 0.513464 0.840183
vt 0.549065 0.583471
vt 0.544597 0.583471
vt 0.544597 0.576706
vt 0.549065 0.576706
vt 0.437362 0.839683
vt 0.437362 0.834290
vt 0.440532 0.829928
vt 0.445660 0.828261
vt 0.450788 0.829928
vt 0.450788 0.844045
vt 0.445660 0.845712
vt 0.440532 0.844045
vt 0.535660 0.583471
vt 0.531192 0.583471
vt 0.531192 0.576706
vt 0.535660 0.576706
vt 0.566937 0.583471
vt 0.562469 0.583471
vt 0.562469 0.576706
vt 0.566937 0.576706
vt 0.553533 0.583471
vt 0.553533 0.576706
vt 0.540128 0.583471
vt 0.540128 0.576706
vt 0.571405 0.583471
vt 0.571405 0.576706
vt 0.558001 0.583471
vt 0.558001 0.576706
vt 0.531192 0.708048
vt 0.531192 0.705529
vt 0.531192 0.703011
vt 0.535660 0.708048
vt 0.535660 0.705529
vt 0.535660 0.703011
vt 0.540128 0.708048
vt 0.540129 0.705529
vt 0.540128 0.703011
vt 0.544597 0.708048
vt 0.544597 0.705529
vt 0.544597 0.703011
vt 0.549065 0.708048
vt 0.549065 0.705529
vt 0.549065 0.703011
vt 0.553533 0.708048
vt 0.553533 0.705529
vt 0.553533 0.703011
vt 0.558001 0.708048
vt 0.558001 0.705529
vt 0.558001 0.703011
vt 0.562469 0.708048
vt 0.562469 0.705529
vt 0.562469 0.703011
vt 0.566937 0.708048
vt 0.566937 0.705529
vt 0.566937 0.703011
vt 0.571405 0.708048
vt 0.571405 0.705529
vt 0.571405 0.703011
vt 0.531192 0.698333
vt 0.566937 0.698333
vt 0.571405 0.698333
vt 0.535660 0.698333
vt 0.540129 0.698333
vt 0.544597 0.698333
vt 0.549065 0.698333
vt 0.553533 0.712281
vt 0.553533 0.698333
vt 0.558001 0.698333
vt 0.562469 0.698333
vt 0.531192 0.696540
vt 0.531192 0.693663
vt 0.531192 0.690786
vt 0.535660 0.696540
vt 0.535660 0.693663
vt 0.535660 0.690786
vt 0.540128 0.696540
vt 0.540128 0.693663
vt 0.540128 0.690786
vt 0.544597 0.696540
vt 0.544597 0.693663
vt 0.544597 0.690786
vt 0.549065 0.696540
vt 0.549065 0.693663
vt 0.549065 0.690786
vt 0.553533 0.696540
vt 0.553533 0.693663
vt 0.553533 0.690786
vt 0.558001 0.696540
vt 0.558001 0.693663
vt 0.558001 0.690786
vt 0.562469 0.696540
vt 0.562469 0.693663
vt 0.562469 0.690786
vt 0.566937 0.696540
vt 0.566937 0.693663
vt 0.566937 0.690786
vt 0.571405 0.696540
vt 0.571405 0.693663
vt 0.571405 0.690786
vt 0.531192 0.688334
vt 0.566937 0.688334
vt 0.571405 0.688334
vt 0.535660 0.688334
vt 0.540129 0.688334
vt 0.544597 0.688334
vt 0.549065 0.688334
vt 0.553533 0.688334
vt 0.558001 0.688334
vt 0.562469 0.688334
vt 0.531192 0.609637
vt 0.531192 0.602361
vt 0.535660 0.609637
vt 0.535660 0.602361
vt 0.540128 0.609637
vt 0.540129 0.602361
vt 0.544597 0.609637
vt 0.544597 0.602361
vt 0.549065 0.609637
vt 0.549065 0.602361
vt 0.553533 0.609637
vt 0.553533 0.602361
vt 0.558001 0.609637
vt 0.558001 0.602361
vt 0.562469 0.609637
vt 0.562469 0.602361
vt 0.566937 0.609637
vt 0.566937 0.602361
vt 0.571405 0.609637
vt 0.571405 0.602361
vt 0.531192 0.596450
vt 0.566937 0.596450
vt 0.571405 0.596450
vt 0.535660 0.596450
vt 0.540128 0.596450
vt 0.544597 0.596450
vt 0.549065 0.596450
vt 0.553533 0.596450
vt 0.558001 0.596450
vt 0.562469 0.596450
vt 0.531192 0.593081
vt 0.531192 0.590035
vt 0.531192 0.586994
vt 0.535660 0.593081
vt 0.535660 0.590035
vt 0.535660 0.586994
vt 0.540128 0.593081
vt 0.540128 0.590035
vt 0.540129 0.586994
vt 0.544597 0.593081
vt 0.544597 0.590035
vt 0.544597 0.586994
vt 0.549065 0.593081
vt 0.549065 0.590035
vt 0.549065 0.586994
vt 0.553533 0.593081
vt 0.553533 0.590035
vt 0.553533 0.586994
vt 0.558001 0.593081
vt 0.558001 0.590035
vt 0.558001 0.586994
vt 0.562469 0.593081
vt 0.562469 0.590035
vt 0.562469 0.586994
vt 0.566937 0.593081
vt 0.566937 0.590035
vt 0.566937 0.586994
vt 0.571405 0.593081
vt 0.571405 0.590035
vt 0.571405 0.586994
vt 0.566937 0.730214
vt 0.571405 0.717665
vt 0.571405 0.730214
vt 0.562469 0.730214
vt 0.558001 0.730214
vt 0.553533 0.730214
vt 0.549065 0.730214
vt 0.549065 0.717665
vt 0.544597 0.730214
vt 0.544597 0.717665
vt 0.540128 0.730214
vt 0.540129 0.717665
vt 0.535660 0.730214
vt 0.531192 0.730214
vt 0.540128 0.716575
vt 0.544597 0.716576
vt 0.549065 0.716576
vt 0.553533 0.713370
vt 0.571405 0.716576
vt 0.571405 0.850223
vt 0.548823 0.850223
vt 0.465171 0.812248
vt 0.466251 0.820765
vt 0.463685 0.821489
vt 0.461941 0.819745
vt 0.470458 0.828261
vt 0.462961 0.824055
vt 0.454444 0.822975
vt 0.453376 0.822975
vt 0.444858 0.824055
vt 0.444134 0.821489
vt 0.445879 0.819745
vt 0.437362 0.828261
vt 0.441569 0.820765
vt 0.442648 0.812248
vt 0.454444 0.800452
vt 0.462961 0.799372
vt 0.463685 0.801938
vt 0.461941 0.803683
vt 0.470458 0.795166
vt 0.466251 0.802662
vt 0.465171 0.811180
vt 0.442648 0.811180
vt 0.441569 0.802662
vt 0.444134 0.801938
vt 0.445879 0.803683
vt 0.437362 0.795166
vt 0.444858 0.799372
vt 0.453376 0.800452
vt 0.471770 0.762690
vt 0.479376 0.765840
vt 0.482526 0.773446
vt 0.482526 0.795166
vt 0.459944 0.795166
vt 0.459944 0.773446
vt 0.463094 0.765840
vt 0.470700 0.762690
vt 0.830820 0.698079
vt 0.838425 0.701230
vt 0.841576 0.708835
vt 0.841576 0.730555
vt 0.818994 0.730555
vt 0.818994 0.708835
vt 0.822144 0.701230
vt 0.829749 0.698079
vt 0.449188 0.762690
vt 0.456794 0.765840
vt 0.437362 0.773446
vt 0.440512 0.765840
vt 0.448118 0.762690
vt 0.830820 0.730555
vt 0.838425 0.733705
vt 0.841576 0.741311
vt 0.818994 0.741311
vt 0.822144 0.733705
vt 0.829749 0.730555
vt 0.818994 0.879435
vt 0.809996 0.879435
vt 0.809996 0.456141
vt 0.818994 0.456141
vt 0.809996 0.447144
vt 0.585703 0.456141
vt 0.585703 0.447144
vt 0.576706 0.456141
vt 0.585703 0.879435
vt 0.576706 0.879435
vt 0.585703 0.888432
vt 0.809996 0.888432
vt 0.224294 1.000000
vt 0.000000 1.000000
s 1
f 1089/1/1 292/2/2 4/3/3 493/4/4
f 1088/5/5 298/6/6 8/7/7 489/8/8
f 1087/9/9 299/10/9 9/11/9 496/12/9
f 1086/13/10 296/14/11 7/15/12 497/16/13
f 1085/17/14 314/18/15 21/19/16 485/20/17
f 1084/21/18 315/22/19 22/23/20 500/24/21
f 1083/25/22 308/26/23 16/27/24 501/28/25
f 1082/29/26 318/30/27 20/31/28 484/32/29
f 1081/33/30 319/34/31 23/35/32 504/36/33
f 1080/37/34 311/38/35 19/39/36 505/40/37
f 1079/41/38 322/42/39 13/43/40 477/44/41
f 1078/45/42 323/46/43 24/47/44 508/48/45
f 1077/49/9 310/50/9 18/51/46 509/52/47
f 1076/53/48 326/54/49 17/55/50 481/56/51
f 1075/57/52 327/58/53 25/59/54 512/60/55
f 1074/61/56 304/62/57 12/63/58 513/64/59
f 1073/65/60 370/66/61 65/67/62 473/68/63
f 1072/69/64 371/70/65 66/71/66 516/72/67
f 1071/73/68 344/74/69 40/75/70 517/76/71
f 1070/77/72 374/78/73 64/79/74 472/80/75
f 1069/81/9 375/82/76 67/83/76 520/84/9
f 1068/85/77 367/86/78 63/87/79 521/88/80
f 1067/89/81 378/90/82 33/91/83 441/92/84
f 1066/93/85 379/94/86 68/95/87 524/96/88
f 1065/97/89 366/98/90 62/99/91 525/100/92
f 1064/101/93 382/102/94 61/103/95 469/104/96
f 1063/105/97 383/106/94 69/107/94 528/108/98
f 1062/109/9 350/110/9 46/111/9 529/112/9
f 1061/113/99 386/114/100 60/115/101 468/116/102
f 1060/117/103 387/118/104 70/119/105 532/120/106
f 1059/121/107 363/122/108 59/123/109 533/124/110
f 1058/125/111 390/126/112 29/127/113 437/128/114
f 1057/129/115 391/130/116 71/131/117 536/132/118
f 1056/133/119 362/134/120 58/135/121 537/136/122
f 1055/137/123 394/138/124 57/139/125 465/140/126
f 1054/141/127 395/142/128 72/143/129 540/144/130
f 1053/145/131 351/146/132 47/147/133 541/148/134
f 1052/149/135 398/150/136 56/151/137 464/152/138
f 1051/153/139 399/154/140 73/155/141 544/156/142
f 1050/157/143 359/158/144 55/159/145 545/160/146
f 1049/161/147 402/162/148 36/163/149 444/164/150
f 1048/165/151 403/166/152 74/167/153 548/168/154
f 1047/169/155 358/170/156 54/171/157 549/172/158
f 1046/173/159 406/174/160 53/175/161 461/176/162
f 1045/177/163 407/178/164 75/179/165 552/180/166
f 1044/181/167 348/182/168 44/183/169 553/184/170
f 1043/185/171 410/186/172 52/187/173 460/188/174
f 1042/189/175 411/190/176 76/191/177 556/192/178
f 1041/193/179 355/194/180 51/195/181 557/196/182
f 1040/197/9 414/198/76 37/199/76 445/200/9
f 1039/201/9 415/202/183 77/203/183 560/204/9
f 1038/205/184 354/206/185 50/207/186 561/208/187
f 1037/209/188 418/210/189 49/211/190 457/212/191
f 1036/213/192 419/214/193 78/215/194 564/216/195
f 1035/217/196 336/218/197 32/219/198 565/220/199
f 1034/221/200 422/222/94 48/223/94 456/224/201
f 1033/225/202 423/226/9 79/227/9 568/228/203
f 1032/229/9 339/230/9 35/231/9 569/232/9
f 1031/233/204 426/234/205 41/235/206 449/236/207
f 1030/237/208 427/238/209 80/239/210 572/240/211
f 1029/241/212 338/242/213 34/243/214 573/244/215
f 1028/245/216 430/246/217 45/247/218 453/248/219
f 1027/249/220 431/250/221 81/251/222 576/252/223
f 1026/253/224 332/254/225 28/255/226 577/256/227
f 1025/257/228 578/258/229 225/259/230 433/260/231
f 1024/261/232 579/262/233 226/263/234 580/264/235
f 1023/265/236 476/266/237 124/267/238 581/268/239
f 1022/269/240 582/270/241 224/271/242 432/272/243
f 1021/273/244 583/274/245 227/275/246 584/276/247
f 1020/277/248 575/278/249 223/279/250 585/280/251
f 1019/281/252 586/282/253 101/283/254 309/284/255
f 1018/285/256 587/286/257 228/287/258 588/288/259
f 1017/289/260 574/290/261 222/291/262 589/292/263
f 1016/293/264 590/294/265 221/295/266 429/296/267
f 1015/297/268 591/298/269 229/299/270 592/300/271
f 1014/301/272 482/302/273 130/303/274 593/304/275
f 1013/305/276 594/306/277 220/307/278 428/308/279
f 1012/309/280 595/310/281 230/311/282 596/312/283
f 1011/313/284 571/314/285 219/315/286 597/316/287
f 1010/317/288 598/318/289 97/319/290 305/320/291
f 1009/321/292 599/322/293 231/323/294 600/324/295
f 1008/325/296 570/326/297 218/327/298 601/328/299
f 1007/329/300 602/330/9 217/331/94 425/332/9
f 1006/333/301 603/334/302 232/335/9 604/336/303
f 1005/337/304 483/338/305 131/339/9 605/340/9
f 1004/341/306 606/342/307 216/343/308 424/344/309
f 1003/345/310 607/346/311 233/347/312 608/348/313
f 1002/349/314 567/350/315 215/351/316 609/352/317
f 1001/353/318 610/354/319 104/355/320 312/356/321
f 1000/357/322 611/358/323 234/359/324 612/360/325
f 999/361/326 566/362/9 214/363/94 613/364/327
f 998/365/328 614/366/329 213/367/330 421/368/331
f 997/369/332 615/370/333 235/371/334 616/372/335
f 996/373/336 480/374/337 128/375/338 617/376/339
f 995/377/340 618/378/341 212/379/342 420/380/343
f 994/381/344 619/382/345 236/383/346 620/384/347
f 993/385/348 563/386/349 211/387/350 621/388/351
f 992/389/352 622/390/353 105/391/354 313/392/355
f 991/393/356 623/394/357 237/395/358 624/396/359
f 990/397/360 562/398/361 210/399/362 625/400/363
f 989/401/364 626/402/365 209/403/366 417/404/367
f 988/405/368 627/406/369 238/407/370 628/408/371
f 987/409/372 498/410/373 146/411/374 629/412/375
f 986/413/9 630/414/9 208/415/9 416/416/9
f 985/417/376 631/418/376 239/419/9 632/420/9
f 984/421/377 559/422/378 207/423/183 633/424/9
f 983/425/9 634/426/9 93/427/9 301/428/9
f 982/429/9 635/430/9 240/431/9 636/432/9
f 981/433/9 558/434/76 206/435/76 637/436/9
f 980/437/379 638/438/380 205/439/381 413/440/382
f 979/441/383 639/442/384 241/443/385 640/444/386
f 978/445/387 499/446/388 147/447/389 641/448/390
f 977/449/391 642/450/392 204/451/393 412/452/394
f 976/453/395 643/454/396 242/455/397 644/456/398
f 975/457/399 555/458/400 203/459/401 645/460/402
f 974/461/403 646/462/404 108/463/405 316/464/406
f 973/465/407 647/466/408 243/467/409 648/468/410
f 972/469/411 554/470/412 202/471/413 649/472/414
f 971/473/415 650/474/416 201/475/417 409/476/418
f 970/477/419 651/478/420 244/479/421 652/480/422
f 969/481/423 492/482/424 140/483/425 653/484/426
f 968/485/427 654/486/428 200/487/429 408/488/430
f 967/489/431 655/490/432 245/491/433 656/492/434
f 966/493/435 551/494/436 199/495/437 657/496/438
f 965/497/439 658/498/440 109/499/441 317/500/442
f 964/501/443 659/502/444 246/503/445 660/504/446
f 963/505/447 550/506/448 198/507/449 661/508/450
f 962/509/451 662/510/452 197/511/453 405/512/454
f 961/513/455 663/514/456 247/515/457 664/516/458
f 960/517/459 502/518/460 150/519/461 665/520/462
f 959/521/463 666/522/464 196/523/465 404/524/466
f 958/525/467 667/526/468 248/527/469 668/528/470
f 957/529/471 547/530/472 195/531/473 669/532/474
f 956/533/475 670/534/476 92/535/477 300/536/478
f 955/537/479 671/538/480 249/539/481 672/540/482
f 954/541/483 546/542/484 194/543/485 673/544/486
f 953/545/487 674/546/488 193/547/489 401/548/490
f 952/549/491 675/550/492 250/551/493 676/552/494
f 951/553/495 503/554/496 151/555/497 677/556/498
f 950/557/499 678/558/500 192/559/501 400/560/502
f 949/561/503 679/562/504 251/563/505 680/564/506
f 948/565/507 543/566/508 191/567/509 681/568/510
f 947/569/511 682/570/512 112/571/513 320/572/514
f 946/573/515 683/574/516 252/575/517 684/576/518
f 945/577/519 542/578/520 190/579/521 685/580/522
f 944/581/523 686/582/524 189/583/525 397/584/526
f 943/585/527 687/586/528 253/587/529 688/588/530
f 942/589/531 495/590/532 143/591/533 689/592/534
f 941/593/535 690/594/536 188/595/537 396/596/538
f 940/597/539 691/598/540 254/599/541 692/600/542
f 939/601/543 539/602/544 187/603/545 693/604/546
f 938/605/547 694/606/548 113/607/549 321/608/550
f 937/609/551 695/610/552 255/611/553 696/612/554
f 936/613/555 538/614/556 186/615/557 697/616/558
f 935/617/559 698/618/560 185/619/561 393/620/562
f 934/621/563 699/622/564 256/623/565 700/624/566
f 933/625/567 506/626/568 154/627/569 701/628/570
f 932/629/571 702/630/572 184/631/573 392/632/574
f 931/633/575 703/634/576 257/635/577 704/636/578
f 930/637/579 535/638/580 183/639/581 705/640/582
f 929/641/583 706/642/584 85/643/585 293/644/586
f 928/645/587 707/646/588 258/647/589 708/648/590
f 927/649/591 534/650/592 182/651/593 709/652/594
f 926/653/595 710/654/596 181/655/597 389/656/598
f 925/657/599 711/658/600 259/659/601 712/660/602
f 924/661/603 507/662/604 155/663/605 713/664/606
f 923/665/607 714/666/608 180/667/609 388/668/610
f 922/669/611 715/670/612 260/671/613 716/672/614
f 921/673/615 531/674/616 179/675/617 717/676/618
f 920/677/619 718/678/620 116/679/621 324/680/622
f 919/681/623 719/682/624 261/683/625 720/684/626
f 918/685/627 530/686/628 178/687/629 721/688/630
f 917/689/9 722/690/9 177/691/9 385/692/9
f 916/693/9 723/694/9 262/695/9 724/696/9
f 915/697/9 494/698/9 142/699/9 725/700/9
f 914/701/631 726/702/632 176/703/633 384/704/634
f 913/705/635 727/706/636 263/707/637 728/708/638
f 912/709/639 527/710/94 175/711/94 729/712/640
f 911/713/641 730/714/642 117/715/643 325/716/644
f 910/717/645 731/718/646 264/719/647 732/720/648
f 909/721/649 526/722/94 174/723/94 733/724/650
f 908/725/651 734/726/652 173/727/653 381/728/654
f 907/729/655 735/730/656 265/731/657 736/732/658
f 906/733/659 510/734/660 158/735/661 737/736/662
f 905/737/663 738/738/664 172/739/665 380/740/666
f 904/741/667 739/742/668 266/743/669 740/744/670
f 903/745/671 523/746/672 171/747/673 741/748/674
f 902/749/675 742/750/676 89/751/677 297/752/678
f 901/753/679 743/754/680 267/755/681 744/756/682
f 900/757/683 522/758/684 170/759/685 745/760/686
f 899/761/687 746/762/688 169/763/689 377/764/690
f 898/765/691 747/766/692 268/767/693 748/768/694
f 897/769/695 511/770/696 159/771/697 749/772/698
f 896/773/9 750/774/9 168/775/9 376/776/9
f 895/777/9 751/778/9 269/779/9 752/780/9
f 894/781/9 519/782/76 167/783/76 753/784/9
f 893/785/300 754/786/699 120/787/700 328/788/701
f 892/789/9 755/790/9 270/791/9 756/792/9
f 891/793/9 518/794/76 166/795/183 757/796/9
f 890/797/702 758/798/703 165/799/704 373/800/705
f 889/801/706 759/802/707 271/803/708 760/804/709
f 888/805/710 488/806/711 136/807/712 761/808/713
f 887/809/714 762/810/715 164/811/716 372/812/717
f 886/813/718 763/814/191 272/815/719 764/816/720
f 885/817/721 515/818/722 163/819/723 765/820/724
f 884/821/725 766/822/726 121/823/727 329/824/728
f 883/825/729 767/826/730 273/827/731 768/828/732
f 882/829/733 514/830/734 162/831/735 769/832/736
f 881/833/737 770/834/738 161/835/739 369/836/740
f 880/837/741 771/838/742 274/839/743 772/840/744
f 879/841/745 448/842/746 96/843/747 773/844/748
f 878/845/749 774/846/750 160/847/751 368/848/752
f 877/849/76 775/850/753 275/851/753 776/852/183
f 876/853/754 471/854/755 119/855/756 777/856/757
f 875/857/758 778/858/759 129/859/760 337/860/761
f 874/861/762 779/862/763 276/863/764 780/864/765
f 873/865/766 470/866/767 118/867/768 781/868/769
f 872/869/9 782/870/9 157/871/770 365/872/771
f 871/873/9 783/874/9 277/875/9 784/876/9
f 870/877/9 454/878/9 102/879/9 785/880/9
f 869/881/772 786/882/773 156/883/774 364/884/775
f 868/885/776 787/886/777 278/887/778 788/888/779
f 867/889/780 467/890/781 115/891/782 789/892/783
f 866/893/784 790/894/785 125/895/786 333/896/787
f 865/897/788 791/898/789 279/899/790 792/900/791
f 864/901/792 466/902/793 114/903/794 793/904/795
f 863/905/796 794/906/797 153/907/798 361/908/799
f 862/909/800 795/910/801 280/911/802 796/912/803
f 861/913/804 455/914/805 103/915/806 797/916/807
f 860/917/808 798/918/809 152/919/810 360/920/811
f 859/921/812 799/922/813 281/923/814 800/924/815
f 858/925/816 463/926/817 111/927/818 801/928/819
f 857/929/820 802/930/821 132/931/822 340/932/823
f 856/933/824 803/934/825 282/935/826 804/936/827
f 855/937/828 462/938/829 110/939/830 805/940/831
f 854/941/832 806/942/833 149/943/834 357/944/835
f 853/945/836 807/946/837 283/947/838 808/948/839
f 852/949/840 452/950/841 100/951/842 809/952/843
f 851/953/844 810/954/845 148/955/846 356/956/847
f 850/957/848 811/958/849 284/959/850 812/960/851
f 849/961/852 459/962/853 107/963/854 813/964/855
f 848/965/856 814/966/857 133/967/858 341/968/859
f 847/969/860 815/970/861 285/971/862 816/972/863
f 846/973/864 458/974/865 106/975/866 817/976/867
f 845/977/868 818/978/869 145/979/870 353/980/871
f 844/981/872 819/982/873 286/983/874 820/984/875
f 843/985/876 440/986/877 88/987/878 821/988/879
f 842/989/9 822/990/9 144/991/9 352/992/9
f 841/993/9 823/994/9 287/995/9 824/996/9
f 840/997/9 443/998/9 91/999/9 825/1000/9
f 839/1001/880 826/1002/881 137/1003/882 345/1004/883
f 838/1005/884 827/1006/885 288/1007/886 828/1008/887
f 837/1009/888 442/1010/889 90/1011/890 829/1012/891
f 836/1013/892 830/1014/893 141/1015/894 349/1016/895
f 835/1017/896 831/1018/897 289/1019/898 832/1020/899
f 834/1021/900 436/1022/901 84/1023/902 833/1024/903
f 831/1018/897 834/1021/900 833/1024/903 289/1019/898
f 225/259/230 577/256/227 834/1021/900 831/1018/897
f 577/256/227 28/255/226 436/1022/901 834/1021/900
f 574/290/261 835/1017/896 832/1020/899 222/291/262
f 81/251/222 433/260/231 835/1017/896 574/290/261
f 433/260/231 225/259/230 831/1018/897 835/1017/896
f 430/246/217 836/1013/892 349/1016/895 45/247/218
f 222/291/262 832/1020/899 836/1013/892 430/246/217
f 832/1020/899 289/1019/898 830/1014/893 836/1013/892
f 827/1006/885 837/1009/888 829/1012/891 288/1007/886
f 221/295/266 573/244/215 837/1009/888 827/1006/885
f 573/244/215 34/243/214 442/1010/889 837/1009/888
f 570/326/297 838/1005/884 828/1008/887 218/327/298
f 80/239/210 429/296/267 838/1005/884 570/326/297
f 429/296/267 221/295/266 827/1006/885 838/1005/884
f 426/234/205 839/1001/880 345/1004/883 41/235/206
f 218/327/298 828/1008/887 839/1001/880 426/234/205
f 828/1008/887 288/1007/886 826/1002/881 839/1001/880
f 823/994/9 840/997/9 825/1000/9 287/995/9
f 217/331/94 569/232/9 840/997/9 823/994/9
f 569/232/9 35/231/9 443/998/9 840/997/9
f 566/362/9 841/993/9 824/996/9 214/363/94
f 79/227/9 425/332/9 841/993/9 566/362/9
f 425/332/9 217/331/94 823/994/9 841/993/9
f 422/222/94 842/989/9 352/992/9 48/223/94
f 214/363/94 824/996/9 842/989/9 422/222/94
f 824/996/9 287/995/9 822/990/9 842/989/9
f 819/982/873 843/985/876 821/988/879 286/983/874
f 213/367/330 565/220/199 843/985/876 819/982/873
f 565/220/199 32/219/198 440/986/877 843/985/876
f 562/398/361 844/981/872 820/984/875 210/399/362
f 78/215/194 421/368/331 844/981/872 562/398/361
f 421/368/331 213/367/330 819/982/873 844/981/872
f 418/210/189 845/977/868 353/980/871 49/211/190
f 210/399/362 820/984/875 845/977/868 418/210/189
f 820/984/875 286/983/874 818/978/869 845/977/868
f 815/970/861 846/973/864 817/976/867 285/971/862
f 209/403/366 561/208/187 846/973/864 815/970/861
f 561/208/187 50/207/186 458/974/865 846/973/864
f 558/434/76 847/969/860 816/972/863 206/435/76
f 77/203/183 417/404/367 847/969/860 558/434/76
f 417/404/367 209/403/366 815/970/861 847/969/860
f 414/198/76 848/965/856 341/968/859 37/199/76
f 206/435/76 816/972/863 848/965/856 414/198/76
f 816/972/863 285/971/862 814/966/857 848/965/856
f 811/958/849 849/961/852 813/964/855 284/959/850
f 205/439/381 557/196/182 849/961/852 811/958/849
f 557/196/182 51/195/181 459/962/853 849/961/852
f 554/470/412 850/957/848 812/960/851 202/471/413
f 76/191/177 413/440/382 850/957/848 554/470/412
f 413/440/382 205/439/381 811/958/849 850/957/848
f 410/186/172 851/953/844 356/956/847 52/187/173
f 202/471/413 812/960/851 851/953/844 410/186/172
f 812/960/851 284/959/850 810/954/845 851/953/844
f 807/946/837 852/949/840 809/952/843 283/947/838
f 201/475/417 553/184/170 852/949/840 807/946/837
f 553/184/170 44/183/169 452/950/841 852/949/840
f 550/506/448 853/945/836 808/948/839 198/507/449
f 75/179/165 409/476/418 853/945/836 550/506/448
f 409/476/418 201/475/417 807/946/837 853/945/836
f 406/174/160 854/941/832 357/944/835 53/175/161
f 198/507/449 808/948/839 854/941/832 406/174/160
f 808/948/839 283/947/838 806/942/833 854/941/832
f 803/934/825 855/937/828 805/940/831 282/935/826
f 197/511/453 549/172/158 855/937/828 803/934/825
f 549/172/158 54/171/157 462/938/829 855/937/828
f 546/542/484 856/933/824 804/936/827 194/543/485
f 74/167/153 405/512/454 856/933/824 546/542/484
f 405/512/454 197/511/453 803/934/825 856/933/824
f 402/162/148 857/929/820 340/932/823 36/163/149
f 194/543/485 804/936/827 857/929/820 402/162/148
f 804/936/827 282/935/826 802/930/821 857/929/820
f 799/922/813 858/925/816 801/928/819 281/923/814
f 193/547/489 545/160/146 858/925/816 799/922/813
f 545/160/146 55/159/145 463/926/817 858/925/816
f 542/578/520 859/921/812 800/924/815 190/579/521
f 73/155/141 401/548/490 859/921/812 542/578/520
f 401/548/490 193/547/489 799/922/813 859/921/812
f 398/150/136 860/917/808 360/920/811 56/151/137
f 190/579/521 800/924/815 860/917/808 398/150/136
f 800/924/815 281/923/814 798/918/809 860/917/808
f 795/910/801 861/913/804 797/916/807 280/911/802
f 189/583/525 541/148/134 861/913/804 795/910/801
f 541/148/134 47/147/133 455/914/805 861/913/804
f 538/614/556 862/909/800 796/912/803 186/615/557
f 72/143/129 397/584/526 862/909/800 538/614/556
f 397/584/526 189/583/525 795/910/801 862/909/800
f 394/138/124 863/905/796 361/908/799 57/139/125
f 186/615/557 796/912/803 863/905/796 394/138/124
f 796/912/803 280/911/802 794/906/797 863/905/796
f 791/898/789 864/901/792 793/904/795 279/899/790
f 185/619/561 537/136/122 864/901/792 791/898/789
f 537/136/122 58/135/121 466/902/793 864/901/792
f 534/650/592 865/897/788 792/900/791 182/651/593
f 71/131/117 393/620/562 865/897/788 534/650/592
f 393/620/562 185/619/561 791/898/789 865/897/788
f 390/126/112 866/893/784 333/896/787 29/127/113
f 182/651/593 792/900/791 866/893/784 390/126/112
f 792/900/791 279/899/790 790/894/785 866/893/784
f 787/886/777 867/889/780 789/892/783 278/887/778
f 181/655/597 533/124/110 867/889/780 787/886/777
f 533/124/110 59/123/109 467/890/781 867/889/780
f 530/686/628 868/885/776 788/888/779 178/687/629
f 70/119/105 389/656/598 868/885/776 530/686/628
f 389/656/598 181/655/597 787/886/777 868/885/776
f 386/114/100 869/881/772 364/884/775 60/115/101
f 178/687/629 788/888/779 869/881/772 386/114/100
f 788/888/779 278/887/778 786/882/773 869/881/772
f 783/874/9 870/877/9 785/880/9 277/875/9
f 177/691/9 529/112/9 870/877/9 783/874/9
f 529/112/9 46/111/9 454/878/9 870/877/9
f 526/722/94 871/873/9 784/876/9 174/723/94
f 69/107/94 385/692/9 871/873/9 526/722/94
f 385/692/9 177/691/9 783/874/9 871/873/9
f 382/102/94 872/869/9 365/872/771 61/103/95
f 174/723/94 784/876/9 872/869/9 382/102/94
f 784/876/9 277/875/9 782/870/9 872/869/9
f 779/862/763 873/865/766 781/868/769 276/863/764
f 173/727/653 525/100/92 873/865/766 779/862/763
f 525/100/92 62/99/91 470/866/767 873/865/766
f 522/758/684 874/861/762 780/864/765 170/759/685
f 68/95/87 381/728/654 874/861/762 522/758/684
f 381/728/654 173/727/653 779/862/763 874/861/762
f 378/90/82 875/857/758 337/860/761 33/91/83
f 170/759/685 780/864/765 875/857/758 378/90/82
f 780/864/765 276/863/764 778/858/759 875/857/758
f 775/850/753 876/853/754 777/856/757 275/851/753
f 169/763/689 521/88/80 876/853/754 775/850/753
f 521/88/80 63/87/79 471/854/755 876/853/754
f 518/794/76 877/849/76 776/852/183 166/795/183
f 67/83/76 377/764/690 877/849/76 518/794/76
f 377/764/690 169/763/689 775/850/753 877/849/76
f 374/78/73 878/845/749 368/848/752 64/79/74
f 166/795/183 776/852/183 878/845/749 374/78/73
f 776/852/183 275/851/753 774/846/750 878/845/749
f 771/838/742 879/841/745 773/844/748 274/839/743
f 165/799/704 517/76/71 879/841/745 771/838/742
f 517/76/71 40/75/70 448/842/746 879/841/745
f 514/830/734 880/837/741 772/840/744 162/831/735
f 66/71/66 373/800/705 880/837/741 514/830/734
f 373/800/705 165/799/704 771/838/742 880/837/741
f 370/66/61 881/833/737 369/836/740 65/67/62
f 162/831/735 772/840/744 881/833/737 370/66/61
f 772/840/744 274/839/743 770/834/738 881/833/737
f 767/826/730 882/829/733 769/832/736 273/827/731
f 164/811/716 516/72/67 882/829/733 767/826/730
f 516/72/67 66/71/66 514/830/734 882/829/733
f 471/854/755 883/825/729 768/828/732 119/855/756
f 63/87/79 372/812/717 883/825/729 471/854/755
f 372/812/717 164/811/716 767/826/730 883/825/729
f 327/58/53 884/821/725 329/824/728 25/59/54
f 119/855/756 768/828/732 884/821/725 327/58/53
f 768/828/732 273/827/731 766/822/726 884/821/725
f 763/814/191 885/817/721 765/820/724 272/815/719
f 105/391/354 457/212/191 885/817/721 763/814/191
f 457/212/191 49/211/190 515/818/722 885/817/721
f 511/770/696 886/813/718 764/816/720 159/771/697
f 21/19/16 313/392/355 886/813/718 511/770/696
f 313/392/355 105/391/354 763/814/191 886/813/718
f 367/86/78 887/809/714 372/812/717 63/87/79
f 159/771/697 764/816/720 887/809/714 367/86/78
f 764/816/720 272/815/719 762/810/715 887/809/714
f 759/802/707 888/805/710 761/808/713 271/803/708
f 145/979/870 497/16/13 888/805/710 759/802/707
f 497/16/13 7/15/12 488/806/711 888/805/710
f 515/818/722 889/801/706 760/804/709 163/819/723
f 49/211/190 353/980/871 889/801/706 515/818/722
f 353/980/871 145/979/870 759/802/707 889/801/706
f 371/70/65 890/797/702 373/800/705 66/71/66
f 163/819/723 760/804/709 890/797/702 371/70/65
f 760/804/709 271/803/708 758/798/703 890/797/702
f 755/790/9 891/793/9 757/796/9 270/791/9
f 168/775/9 520/84/9 891/793/9 755/790/9
f 520/84/9 67/83/76 518/794/76 891/793/9
f 454/878/9 892/789/9 756/792/9 102/879/9
f 46/111/9 376/776/9 892/789/9 454/878/9
f 376/776/9 168/775/9 755/790/9 892/789/9
f 310/50/9 893/785/300 328/788/701 18/51/46
f 102/879/9 756/792/9 893/785/300 310/50/9
f 756/792/9 270/791/9 754/786/699 893/785/300
f 751/778/9 894/781/9 753/784/9 269/779/9
f 93/427/9 445/200/9 894/781/9 751/778/9
f 445/200/9 37/199/76 519/782/76 894/781/9
f 494/698/9 895/777/9 752/780/9 142/699/9
f 9/11/9 301/428/9 895/777/9 494/698/9
f 301/428/9 93/427/9 751/778/9 895/777/9
f 350/110/9 896/773/9 376/776/9 46/111/9
f 142/699/9 752/780/9 896/773/9 350/110/9
f 752/780/9 269/779/9 750/774/9 896/773/9
f 747/766/692 897/769/695 749/772/698 268/767/693
f 133/967/858 485/20/17 897/769/695 747/766/692
f 485/20/17 21/19/16 511/770/696 897/769/695
f 519/782/76 898/765/691 748/768/694 167/783/76
f 37/199/76 341/968/859 898/765/691 519/782/76
f 341/968/859 133/967/858 747/766/692 898/765/691
f 375/82/76 899/761/687 377/764/690 67/83/76
f 167/783/76 748/768/694 899/761/687 375/82/76
f 748/768/694 268/767/693 746/762/688 899/761/687
f 743/754/680 900/757/683 745/760/686 267/755/681
f 172/739/665 524/96/88 900/757/683 743/754/680
f 524/96/88 68/95/87 522/758/684 900/757/683
f 442/1010/889 901/753/679 744/756/682 90/1011/890
f 34/243/214 380/740/666 901/753/679 442/1010/889
f 380/740/666 172/739/665 743/754/680 901/753/679
f 298/6/6 902/749/675 297/752/678 8/7/7
f 90/1011/890 744/756/682 902/749/675 298/6/6
f 744/756/682 267/755/681 742/750/676 902/749/675
f 739/742/668 903/745/671 741/748/674 266/743/669
f 120/787/700 472/80/75 903/745/671 739/742/668
f 472/80/75 64/79/74 523/746/672 903/745/671
f 482/302/273 904/741/667 740/744/670 130/303/274
f 18/51/46 328/788/701 904/741/667 482/302/273
f 328/788/701 120/787/700 739/742/668 904/741/667
f 338/242/213 905/737/663 380/740/666 34/243/214
f 130/303/274 740/744/670 905/737/663 338/242/213
f 740/744/670 266/743/669 738/738/664 905/737/663
f 735/730/656 906/733/659 737/736/662 265/731/657
f 160/847/751 512/60/55 906/733/659 735/730/656
f 512/60/55 25/59/54 510/734/660 906/733/659
f 523/746/672 907/729/655 736/732/658 171/747/673
f 64/79/74 368/848/752 907/729/655 523/746/672
f 368/848/752 160/847/751 735/730/656 907/729/655
f 379/94/86 908/725/651 381/728/654 68/95/87
f 171/747/673 736/732/658 908/725/651 379/94/86
f 736/732/658 265/731/657 734/726/652 908/725/651
f 731/718/646 909/721/649 733/724/650 264/719/647
f 176/703/633 528/108/98 909/721/649 731/718/646
f 528/108/98 69/107/94 526/722/94 909/721/649
f 467/890/781 910/717/645 732/720/648 115/891/782
f 59/123/109 384/704/634 910/717/645 467/890/781
f 384/704/634 176/703/633 731/718/646 910/717/645
f 323/46/43 911/713/641 325/716/644 24/47/44
f 115/891/782 732/720/648 911/713/641 323/46/43
f 732/720/648 264/719/647 730/714/642 911/713/641
f 727/706/636 912/709/639 729/712/640 263/707/637
f 104/355/320 456/224/201 912/709/639 727/706/636
f 456/224/201 48/223/94 527/710/94 912/709/639
f 507/662/604 913/705/635 728/708/638 155/663/605
f 20/31/28 312/356/321 913/705/635 507/662/604
f 312/356/321 104/355/320 727/706/636 913/705/635
f 363/122/108 914/701/631 384/704/634 59/123/109
f 155/663/605 728/708/638 914/701/631 363/122/108
f 728/708/638 263/707/637 726/702/632 914/701/631
f 723/694/9 915/697/9 725/700/9 262/695/9
f 144/991/9 496/12/9 915/697/9 723/694/9
f 496/12/9 9/11/9 494/698/9 915/697/9
f 527/710/94 916/693/9 724/696/9 175/711/94
f 48/223/94 352/992/9 916/693/9 527/710/94
f 352/992/9 144/991/9 723/694/9 916/693/9
f 383/106/94 917/689/9 385/692/9 69/107/94
f 175/711/94 724/696/9 917/689/9 383/106/94
f 724/696/9 262/695/9 722/690/9 917/689/9
f 719/682/624 918/685/627 721/688/630 261/683/625
f 180/667/609 532/120/106 918/685/627 719/682/624
f 532/120/106 70/119/105 530/686/628 918/685/627
f 334/1025/904 919/681/623 720/684/626 126/1026/905
f 30/1027/906 388/668/610 919/681/623 334/1025/904
f 388/668/610 180/667/609 719/682/624 919/681/623
f 478/1028/907 920/677/619 324/680/622 14/1029/908
f 126/1026/905 720/684/626 920/677/619 478/1028/907
f 720/684/626 261/683/625 718/678/620 920/677/619
f 715/670/612 921/673/615 717/676/618 260/671/613
f 92/535/477 444/164/150 921/673/615 715/670/612
f 444/164/150 36/163/149 531/674/616 921/673/615
f 294/1030/909 922/669/611 716/672/614 86/1031/910
f 5/1032/911 300/536/478 922/669/611 294/1030/909
f 300/536/478 92/535/477 715/670/612 922/669/611
f 438/1033/912 923/665/607 388/668/610 30/1027/906
f 86/1031/910 716/672/614 923/665/607 438/1033/912
f 716/672/614 260/671/613 714/666/608 923/665/607
f 711/658/600 924/661/603 713/664/606 259/659/601
f 132/931/822 484/32/29 924/661/603 711/658/600
f 484/32/29 20/31/28 507/662/604 924/661/603
f 531/674/616 925/657/599 712/660/602 179/675/617
f 36/163/149 340/932/823 925/657/599 531/674/616
f 340/932/823 132/931/822 711/658/600 925/657/599
f 387/118/104 926/653/595 389/656/598 70/119/105
f 179/675/617 712/660/602 926/653/595 387/118/104
f 712/660/602 259/659/601 710/654/596 926/653/595
f 707/646/588 927/649/591 709/652/594 258/647/589
f 184/631/573 536/132/118 927/649/591 707/646/588
f 536/132/118 71/131/117 534/650/592 927/649/591
f 346/1034/913 928/645/587 708/648/590 138/1035/914
f 42/1036/915 392/632/574 928/645/587 346/1034/913
f 392/632/574 184/631/573 707/646/588 928/645/587
f 490/1037/916 929/641/583 293/644/586 3/1038/917
f 138/1035/914 708/648/590 929/641/583 490/1037/916
f 708/648/590 258/647/589 706/642/584 929/641/583
f 703/634/576 930/637/579 705/640/582 257/635/577
f 116/679/621 468/116/102 930/637/579 703/634/576
f 468/116/102 60/115/101 535/638/580 930/637/579
f 306/1039/918 931/633/575 704/636/578 98/1040/919
f 14/1029/908 324/680/622 931/633/575 306/1039/918
f 324/680/622 116/679/621 703/634/576 931/633/575
f 450/1041/920 932/629/571 392/632/574 42/1036/915
f 98/1040/919 704/636/578 932/629/571 450/1041/920
f 704/636/578 257/635/577 702/630/572 932/629/571
f 699/622/564 933/625/567 701/628/570 256/623/565
f 156/883/774 508/48/45 933/625/567 699/622/564
f 508/48/45 24/47/44 506/626/568 933/625/567
f 535/638/580 934/621/563 700/624/566 183/639/581
f 60/115/101 364/884/775 934/621/563 535/638/580
f 364/884/775 156/883/774 699/622/564 934/621/563
f 391/130/116 935/617/559 393/620/562 71/131/117
f 183/639/581 700/624/566 935/617/559 391/130/116
f 700/624/566 256/623/565 698/618/560 935/617/559
f 695/610/552 936/613/555 697/616/558 255/611/553
f 188/595/537 540/144/130 936/613/555 695/610/552
f 540/144/130 72/143/129 538/614/556 936/613/555
f 463/926/817 937/609/551 696/612/554 111/927/818
f 55/159/145 396/596/538 937/609/551 463/926/817
f 396/596/538 188/595/537 695/610/552 937/609/551
f 319/34/31 938/605/547 321/608/550 23/35/32
f 111/927/818 696/612/554 938/605/547 319/34/31
f 696/612/554 255/611/553 694/606/548 938/605/547
f 691/598/540 939/601/543 693/604/546 254/599/541
f 127/1042/921 335/1043/922 939/601/543 691/598/540
f 335/1043/922 31/1044/923 539/602/544 939/601/543
f 503/554/496 940/597/539 692/600/542 151/555/497
f 15/1045/924 479/1046/925 940/597/539 503/554/496
f 479/1046/925 127/1042/921 691/598/540 940/597/539
f 359/158/926 941/593/535 396/596/538 55/159/145
f 151/555/497 692/600/542 941/593/535 359/158/926
f 692/600/542 254/599/541 690/594/536 941/593/535
f 687/586/528 942/589/531 689/592/534 253/587/529
f 87/1047/927 295/1048/928 942/589/531 687/586/528
f 295/1048/928 6/1049/929 495/590/532 942/589/531
f 539/602/544 943/585/527 688/588/530 187/603/545
f 31/1044/923 439/1050/930 943/585/527 539/602/544
f 439/1050/930 87/1047/927 687/586/528 943/585/527
f 395/142/128 944/581/523 397/584/526 72/143/129
f 187/603/545 688/588/530 944/581/523 395/142/128
f 688/588/530 253/587/529 686/582/524 944/581/523
f 683/574/516 945/577/519 685/580/522 252/575/517
f 192/559/501 544/156/142 945/577/519 683/574/516
f 544/156/142 73/155/141 542/578/520 945/577/519
f 330/1051/931 946/573/515 684/576/518 122/1052/932
f 26/1053/933 400/560/502 946/573/515 330/1051/931
f 400/560/502 192/559/501 683/574/516 946/573/515
f 474/1054/934 947/569/511 320/572/514 10/1055/935
f 122/1052/932 684/576/518 947/569/511 474/1054/934
f 684/576/518 252/575/517 682/570/512 947/569/511
f 679/562/504 948/565/507 681/568/510 251/563/505
f 139/1056/936 347/1057/937 948/565/507 679/562/504
f 347/1057/937 43/1058/938 543/566/508 948/565/507
f 290/1059/939 949/561/503 680/564/506 82/1060/940
f 1/1061/941 491/1062/942 949/561/503 290/1059/939
f 491/1062/942 139/1056/936 679/562/504 949/561/503
f 434/1063/943 950/557/499 400/560/502 26/1053/933
f 82/1060/940 680/564/506 950/557/499 434/1063/943
f 680/564/506 251/563/505 678/558/500 950/557/499
f 675/550/492 951/553/495 677/556/498 250/551/493
f 99/1064/944 307/1065/945 951/553/495 675/550/492
f 307/1065/945 15/1045/924 503/554/496 951/553/495
f 543/566/508 952/549/491 676/552/494 191/567/509
f 43/1058/938 451/1066/946 952/549/491 543/566/508
f 451/1066/946 99/1064/944 675/550/492 952/549/491
f 399/154/140 953/545/487 401/548/490 73/155/141
f 191/567/509 676/552/494 953/545/487 399/154/140
f 676/552/494 250/551/493 674/546/488 953/545/487
f 671/538/480 954/541/483 673/544/486 249/539/481
f 196/523/465 548/168/154 954/541/483 671/538/480
f 548/168/154 74/167/153 546/542/484 954/541/483
f 342/1067/947 955/537/479 672/540/482 134/1068/948
f 38/1069/949 404/524/466 955/537/479 342/1067/947
f 404/524/466 196/523/465 671/538/480 955/537/479
f 486/1070/950 956/533/475 300/536/478 5/1032/911
f 134/1068/948 672/540/482 956/533/475 486/1070/950
f 672/540/482 249/539/481 670/534/476 956/533/475
f 667/526/468 957/529/471 669/532/474 248/527/469
f 112/571/513 464/152/138 957/529/471 667/526/468
f 464/152/138 56/151/137 547/530/472 957/529/471
f 302/1071/951 958/525/467 668/528/470 94/1072/952
f 10/1055/935 320/572/514 958/525/467 302/1071/951
f 320/572/514 112/571/513 667/526/468 958/525/467
f 446/1073/953 959/521/463 404/524/466 38/1069/949
f 94/1072/952 668/528/470 959/521/463 446/1073/953
f 668/528/470 248/527/469 666/522/464 959/521/463
f 663/514/456 960/517/459 665/520/462 247/515/457
f 152/919/810 504/36/33 960/517/459 663/514/456
f 504/36/33 23/35/32 502/518/460 960/517/459
f 547/530/472 961/513/455 664/516/458 195/531/473
f 56/151/137 360/920/811 961/513/455 547/530/472
f 360/920/811 152/919/810 663/514/456 961/513/455
f 403/166/152 962/509/451 405/512/454 74/167/153
f 195/531/473 664/516/458 962/509/451 403/166/152
f 664/516/458 247/515/457 662/510/452 962/509/451
f 659/502/444 963/505/447 661/508/450 246/503/445
f 200/487/429 552/180/166 963/505/447 659/502/444
f 552/180/166 75/179/165 550/506/448 963/505/447
f 459/962/853 964/501/443 660/504/446 107/963/854
f 51/195/181 408/488/430 964/501/443 459/962/853
f 408/488/430 200/487/429 659/502/444 964/501/443
f 315/22/19 965/497/439 317/500/442 22/23/20
f 107/963/854 660/504/446 965/497/439 315/22/19
f 660/504/446 246/503/445 658/498/440 965/497/439
f 655/490/432 966/493/435 657/496/438 245/491/433
f 123/1074/954 331/1075/955 966/493/435 655/490/432
f 331/1075/955 27/1076/956 551/494/436 966/493/435
f 499/446/388 967/489/431 656/492/434 147/447/389
f 11/1077/957 475/1078/958 967/489/431 499/446/388
f 475/1078/958 123/1074/954 655/490/432 967/489/431
f 355/194/180 968/485/427 408/488/430 51/195/181
f 147/447/389 656/492/434 968/485/427 355/194/180
f 656/492/434 245/491/433 654/486/428 968/485/427
f 651/478/420 969/481/423 653/484/426 244/479/421
f 83/1079/959 291/1080/960 969/481/423 651/478/420
f 291/1080/960 2/1081/961 492/482/424 969/481/423
f 551/494/436 970/477/419 652/480/422 199/495/437
f 27/1076/956 435/1082/962 970/477/419 551/494/436
f 435/1082/962 83/1079/959 651/478/420 970/477/419
f 407/178/164 971/473/415 409/476/418 75/179/165
f 199/495/437 652/480/422 971/473/415 407/178/164
f 652/480/422 244/479/421 650/474/416 971/473/415
f 647/466/408 972/469/411 649/472/414 243/467/409
f 204/451/393 556/192/178 972/469/411 647/466/408
f 556/192/178 76/191/177 554/470/412 972/469/411
f 455/914/805 973/465/407 648/468/410 103/915/806
f 47/147/133 412/452/394 973/465/407 455/914/805
f 412/452/394 204/451/393 647/466/408 973/465/407
f 311/38/35 974/461/403 316/464/406 19/39/36
f 103/915/806 648/468/410 974/461/403 311/38/35
f 648/468/410 243/467/409 646/462/404 974/461/403
f 643/454/396 975/457/399 645/460/402 242/455/397
f 135/1083/963 343/1084/964 975/457/399 643/454/396
f 343/1084/964 39/1085/965 555/458/400 975/457/399
f 495/590/532 976/453/395 644/456/398 143/591/533
f 6/1049/929 487/1086/966 976/453/395 495/590/532
f 487/1086/966 135/1083/963 643/454/396 976/453/395
f 351/146/132 977/449/391 412/452/394 47/147/133
f 143/591/533 644/456/398 977/449/391 351/146/132
f 644/456/398 242/455/397 642/450/392 977/449/391
f 639/442/384 978/445/387 641/448/390 241/443/385
f 95/1087/967 303/1088/968 978/445/387 639/442/384
f 303/1088/968 11/1077/957 499/446/388 978/445/387
f 555/458/400 979/441/383 640/444/386 203/459/401
f 39/1085/965 447/1089/969 979/441/383 555/458/400
f 447/1089/969 95/1087/967 639/442/384 979/441/383
f 411/190/176 980/437/379 413/440/382 76/191/177
f 203/459/401 640/444/386 980/437/379 411/190/176
f 640/444/386 241/443/385 638/438/380 980/437/379
f 635/430/9 981/433/9 637/436/9 240/431/9
f 208/415/9 560/204/9 981/433/9 635/430/9
f 560/204/9 77/203/183 558/434/76 981/433/9
f 443/998/9 982/429/9 636/432/9 91/999/9
f 35/231/9 416/416/9 982/429/9 443/998/9
f 416/416/9 208/415/9 635/430/9 982/429/9
f 299/10/9 983/425/9 301/428/9 9/11/9
f 91/999/9 636/432/9 983/425/9 299/10/9
f 636/432/9 240/431/9 634/426/9 983/425/9
f 631/418/376 984/421/377 633/424/9 239/419/9
f 108/463/405 460/188/174 984/421/377 631/418/376
f 460/188/174 52/187/173 559/422/378 984/421/377
f 483/338/305 985/417/376 632/420/9 131/339/9
f 19/39/36 316/464/406 985/417/376 483/338/305
f 316/464/406 108/463/405 631/418/376 985/417/376
f 339/230/9 986/413/9 416/416/9 35/231/9
f 131/339/9 632/420/9 986/413/9 339/230/9
f 632/420/9 239/419/9 630/414/9 986/413/9
f 627/406/369 987/409/372 629/412/375 238/407/370
f 148/955/846 500/24/21 987/409/372 627/406/369
f 500/24/21 22/23/20 498/410/373 987/409/372
f 559/422/378 988/405/368 628/408/371 207/423/183
f 52/187/173 356/956/847 988/405/368 559/422/378
f 356/956/847 148/955/846 627/406/369 988/405/368
f 415/202/183 989/401/364 417/404/367 77/203/183
f 207/423/183 628/408/371 989/401/364 415/202/183
f 628/408/371 238/407/370 626/402/365 989/401/364
f 623/394/357 990/397/360 625/400/363 237/395/358
f 212/379/342 564/216/195 990/397/360 623/394/357
f 564/216/195 78/215/194 562/398/361 990/397/360
f 458/974/865 991/393/356 624/396/359 106/975/866
f 50/207/186 420/380/343 991/393/356 458/974/865
f 420/380/343 212/379/342 623/394/357 991/393/356
f 314/18/15 992/389/352 313/392/355 21/19/16
f 106/975/866 624/396/359 992/389/352 314/18/15
f 624/396/359 237/395/358 622/390/353 992/389/352
f 619/382/345 993/385/348 621/388/351 236/383/346
f 109/499/441 461/176/162 993/385/348 619/382/345
f 461/176/162 53/175/161 563/386/349 993/385/348
f 498/410/373 994/381/344 620/384/347 146/411/374
f 22/23/20 317/500/442 994/381/344 498/410/373
f 317/500/442 109/499/441 619/382/345 994/381/344
f 354/206/185 995/377/340 420/380/343 50/207/186
f 146/411/374 620/384/347 995/377/340 354/206/185
f 620/384/347 236/383/346 618/378/341 995/377/340
f 615/370/333 996/373/336 617/376/339 235/371/334
f 149/943/834 501/28/25 996/373/336 615/370/333
f 501/28/25 16/27/24 480/374/337 996/373/336
f 563/386/349 997/369/332 616/372/335 211/387/350
f 53/175/161 357/944/835 997/369/332 563/386/349
f 357/944/835 149/943/834 615/370/333 997/369/332
f 419/214/193 998/365/328 421/368/331 78/215/194
f 211/387/350 616/372/335 998/365/328 419/214/193
f 616/372/335 235/371/334 614/366/329 998/365/328
f 611/358/323 999/361/326 613/364/327 234/359/324
f 216/343/308 568/228/203 999/361/326 611/358/323
f 568/228/203 79/227/9 566/362/9 999/361/326
f 462/938/829 1000/357/322 612/360/325 110/939/830
f 54/171/157 424/344/309 1000/357/322 462/938/829
f 424/344/309 216/343/308 611/358/323 1000/357/322
f 318/30/27 1001/353/318 312/356/321 20/31/28
f 110/939/830 612/360/325 1001/353/318 318/30/27
f 612/360/325 234/359/324 610/354/319 1001/353/318
f 607/346/311 1002/349/314 609/352/317 233/347/312
f 113/607/549 465/140/126 1002/349/314 607/346/311
f 465/140/126 57/139/125 567/350/315 1002/349/314
f 502/518/460 1003/345/310 608/348/313 150/519/461
f 23/35/32 321/608/550 1003/345/310 502/518/460
f 321/608/550 113/607/549 607/346/311 1003/345/310
f 358/170/156 1004/341/306 424/344/309 54/171/157
f 150/519/461 608/348/313 1004/341/306 358/170/156
f 608/348/313 233/347/312 606/342/307 1004/341/306
f 603/334/302 1005/337/304 605/340/9 232/335/9
f 153/907/798 505/40/37 1005/337/304 603/334/302
f 505/40/37 19/39/36 483/338/305 1005/337/304
f 567/350/315 1006/333/301 604/336/303 215/351/316
f 57/139/125 361/908/799 1006/333/301 567/350/315
f 361/908/799 153/907/798 603/334/302 1006/333/301
f 423/226/9 1007/329/300 425/332/9 79/227/9
f 215/351/316 604/336/303 1007/329/300 423/226/9
f 604/336/303 232/335/9 602/330/9 1007/329/300
f 599/322/293 1008/325/296 601/328/299 231/323/294
f 220/307/278 572/240/211 1008/325/296 599/322/293
f 572/240/211 80/239/210 570/326/297 1008/325/296
f 466/902/970 1009/321/292 600/324/295 114/903/794
f 58/135/121 428/308/279 1009/321/292 466/902/970
f 428/308/279 220/307/278 599/322/293 1009/321/292
f 322/42/39 1010/317/288 305/320/291 13/43/40
f 114/903/794 600/324/295 1010/317/288 322/42/39
f 600/324/295 231/323/294 598/318/289 1010/317/288
f 595/310/281 1011/313/284 597/316/287 230/311/282
f 117/715/643 469/104/96 1011/313/284 595/310/281
f 469/104/96 61/103/95 571/314/285 1011/313/284
f 506/626/568 1012/309/280 596/312/283 154/627/569
f 24/47/44 325/716/644 1012/309/280 506/626/568
f 325/716/644 117/715/643 595/310/281 1012/309/280
f 362/134/120 1013/305/276 428/308/279 58/135/121
f 154/627/569 596/312/283 1013/305/276 362/134/120
f 596/312/283 230/311/282 594/306/277 1013/305/276
f 591/298/269 1014/301/272 593/304/275 229/299/270
f 157/871/770 509/52/47 1014/301/272 591/298/269
f 509/52/47 18/51/46 482/302/273 1014/301/272
f 571/314/285 1015/297/268 592/300/271 219/315/286
f 61/103/95 365/872/771 1015/297/268 571/314/285
f 365/872/771 157/871/770 591/298/269 1015/297/268
f 427/238/209 1016/293/264 429/296/267 80/239/210
f 219/315/286 592/300/271 1016/293/264 427/238/209
f 592/300/271 229/299/270 590/294/265 1016/293/264
f 587/286/257 1017/289/260 589/292/263 228/287/258
f 224/271/242 576/252/223 1017/289/260 587/286/257
f 576/252/223 81/251/222 574/290/261 1017/289/260
f 470/866/767 1018/285/256 588/288/259 118/867/768
f 62/99/91 432/272/243 1018/285/256 470/866/767
f 432/272/243 224/271/242 587/286/257 1018/285/256
f 326/54/49 1019/281/252 309/284/255 17/55/50
f 118/867/768 588/288/259 1019/281/252 326/54/49
f 588/288/259 228/287/258 586/282/253 1019/281/252
f 583/274/245 1020/277/248 585/280/251 227/275/246
f 121/823/727 473/68/63 1020/277/248 583/274/245
f 473/68/63 65/67/62 575/278/249 1020/277/248
f 510/734/660 1021/273/244 584/276/247 158/735/661
f 25/59/54 329/824/728 1021/273/244 510/734/660
f 329/824/728 121/823/727 583/274/245 1021/273/244
f 366/98/90 1022/269/240 432/272/243 62/99/91
f 158/735/661 584/276/247 1022/269/240 366/98/90
f 584/276/247 227/275/246 582/270/241 1022/269/240
f 579/262/233 1023/265/236 581/268/239 226/263/234
f 161/835/739 513/64/59 1023/265/236 579/262/233
f 513/64/59 12/63/58 476/266/237 1023/265/236
f 575/278/249 1024/261/232 580/264/235 223/279/250
f 65/67/62 369/836/740 1024/261/232 575/278/249
f 369/836/740 161/835/739 579/262/233 1024/261/232
f 431/250/221 1025/257/228 433/260/231 81/251/222
f 223/279/250 580/264/235 1025/257/228 431/250/221
f 580/264/235 226/263/234 578/258/229 1025/257/228
f 578/258/229 1026/253/224 577/256/227 225/259/230
f 226/263/234 581/268/239 1026/253/224 578/258/229
f 581/268/239 124/267/238 332/254/225 1026/253/224
f 582/270/241 1027/249/220 576/252/223 224/271/242
f 227/275/246 585/280/251 1027/249/220 582/270/241
f 585/280/251 223/279/250 431/250/221 1027/249/220
f 586/282/253 1028/245/216 453/248/219 101/283/254
f 228/287/258 589/292/263 1028/245/216 586/282/253
f 589/292/263 222/291/262 430/246/217 1028/245/216
f 590/294/265 1029/241/212 573/244/215 221/295/266
f 229/299/270 593/304/275 1029/241/212 590/294/265
f 593/304/275 130/303/274 338/242/213 1029/241/212
f 594/306/277 1030/237/208 572/240/211 220/307/278
f 230/311/282 597/316/287 1030/237/208 594/306/277
f 597/316/287 219/315/286 427/238/209 1030/237/208
f 598/318/289 1031/233/204 449/236/207 97/319/290
f 231/323/294 601/328/299 1031/233/204 598/318/289
f 601/328/299 218/327/298 426/234/205 1031/233/204
f 602/330/9 1032/229/9 569/232/9 217/331/94
f 232/335/9 605/340/9 1032/229/9 602/330/9
f 605/340/9 131/339/9 339/230/9 1032/229/9
f 606/342/307 1033/225/202 568/228/203 216/343/308
f 233/347/312 609/352/317 1033/225/202 606/342/307
f 609/352/317 215/351/316 423/226/9 1033/225/202
f 610/354/319 1034/221/200 456/224/201 104/355/320
f 234/359/324 613/364/327 1034/221/200 610/354/319
f 613/364/327 214/363/94 422/222/94 1034/221/200
f 614/366/329 1035/217/196 565/220/199 213/367/330
f 235/371/334 617/376/339 1035/217/196 614/366/329
f 617/376/339 128/375/338 336/218/197 1035/217/196
f 618/378/341 1036/213/192 564/216/195 212/379/342
f 236/383/346 621/388/351 1036/213/192 618/378/341
f 621/388/351 211/387/350 419/214/193 1036/213/192
f 622/390/353 1037/209/188 457/212/191 105/391/354
f 237/395/358 625/400/363 1037/209/188 622/390/353
f 625/400/363 210/399/362 418/210/189 1037/209/188
f 626/402/365 1038/205/184 561/208/187 209/403/366
f 238/407/370 629/412/375 1038/205/184 626/402/365
f 629/412/375 146/411/374 354/206/185 1038/205/184
f 630/414/9 1039/201/9 560/204/9 208/415/9
f 239/419/9 633/424/9 1039/201/9 630/414/9
f 633/424/9 207/423/183 415/202/183 1039/201/9
f 634/426/9 1040/197/9 445/200/9 93/427/9
f 240/431/9 637/436/9 1040/197/9 634/426/9
f 637/436/9 206/435/76 414/198/76 1040/197/9
f 638/438/380 1041/193/179 557/196/182 205/439/381
f 241/443/385 641/448/390 1041/193/179 638/438/380
f 641/448/390 147/447/389 355/194/180 1041/193/179
f 642/450/392 1042/189/175 556/192/178 204/451/393
f 242/455/397 645/460/402 1042/189/175 642/450/392
f 645/460/402 203/459/401 411/190/176 1042/189/175
f 646/462/404 1043/185/171 460/188/174 108/463/405
f 243/467/409 649/472/414 1043/185/171 646/462/404
f 649/472/414 202/471/413 410/186/172 1043/185/171
f 650/474/416 1044/181/167 553/184/170 201/475/417
f 244/479/421 653/484/426 1044/181/167 650/474/416
f 653/484/426 140/483/425 348/182/168 1044/181/167
f 654/486/428 1045/177/163 552/180/166 200/487/429
f 245/491/433 657/496/438 1045/177/163 654/486/428
f 657/496/438 199/495/437 407/178/164 1045/177/163
f 658/498/440 1046/173/159 461/176/162 109/499/441
f 246/503/445 661/508/450 1046/173/159 658/498/440
f 661/508/450 198/507/449 406/174/160 1046/173/159
f 662/510/452 1047/169/155 549/172/158 197/511/453
f 247/515/457 665/520/462 1047/169/155 662/510/452
f 665/520/462 150/519/461 358/170/156 1047/169/155
f 666/522/464 1048/165/151 548/168/154 196/523/465
f 248/527/469 669/532/474 1048/165/151 666/522/464
f 669/532/474 195/531/473 403/166/152 1048/165/151
f 670/534/476 1049/161/147 444/164/150 92/535/477
f 249/539/481 673/544/486 1049/161/147 670/534/476
f 673/544/486 194/543/485 402/162/148 1049/161/147
f 674/546/488 1050/157/143 545/160/146 193/547/489
f 250/551/493 677/556/498 1050/157/143 674/546/488
f 677/556/498 151/555/497 359/158/144 1050/157/143
f 678/558/500 1051/153/139 544/156/142 192/559/501
f 251/563/505 681/568/510 1051/153/139 678/558/500
f 681/568/510 191/567/509 399/154/140 1051/153/139
f 682/570/512 1052/149/135 464/152/138 112/571/513
f 252/575/517 685/580/522 1052/149/135 682/570/512
f 685/580/522 190/579/521 398/150/136 1052/149/135
f 686/582/524 1053/145/131 541/148/134 189/583/525
f 253/587/529 689/592/534 1053/145/131 686/582/524
f 689/592/534 143/591/533 351/146/132 1053/145/131
f 690/594/536 1054/141/127 540/144/130 188/595/537
f 254/599/541 693/604/546 1054/141/127 690/594/536
f 693/604/546 187/603/545 395/142/128 1054/141/127
f 694/606/548 1055/137/123 465/140/126 113/607/549
f 255/611/553 697/616/558 1055/137/123 694/606/548
f 697/616/558 186/615/557 394/138/124 1055/137/123
f 698/618/560 1056/133/119 537/136/122 185/619/561
f 256/623/565 701/628/570 1056/133/119 698/618/560
f 701/628/570 154/627/569 362/134/120 1056/133/119
f 702/630/572 1057/129/115 536/132/118 184/631/573
f 257/635/577 705/640/582 1057/129/115 702/630/572
f 705/640/582 183/639/581 391/130/116 1057/129/115
f 706/642/584 1058/125/111 437/128/114 85/643/585
f 258/647/589 709/652/594 1058/125/111 706/642/584
f 709/652/594 182/651/593 390/126/112 1058/125/111
f 710/654/596 1059/121/107 533/124/110 181/655/597
f 259/659/601 713/664/606 1059/121/107 710/654/596
f 713/664/606 155/663/605 363/122/108 1059/121/107
f 714/666/608 1060/117/103 532/120/106 180/667/609
f 260/671/613 717/676/618 1060/117/103 714/666/608
f 717/676/618 179/675/617 387/118/104 1060/117/103
f 718/678/620 1061/113/99 468/116/102 116/679/621
f 261/683/625 721/688/630 1061/113/99 718/678/620
f 721/688/630 178/687/629 386/114/100 1061/113/99
f 722/690/9 1062/109/9 529/112/9 177/691/9
f 262/695/9 725/700/9 1062/109/9 722/690/9
f 725/700/9 142/699/9 350/110/9 1062/109/9
f 726/702/632 1063/105/97 528/108/98 176/703/633
f 263/707/637 729/712/640 1063/105/97 726/702/632
f 729/712/640 175/711/94 383/106/94 1063/105/97
f 730/714/642 1064/101/93 469/104/96 117/715/643
f 264/719/647 733/724/650 1064/101/93 730/714/642
f 733/724/650 174/723/94 382/102/94 1064/101/93
f 734/726/652 1065/97/89 525/100/92 173/727/653
f 265/731/657 737/736/662 1065/97/89 734/726/652
f 737/736/662 158/735/661 366/98/90 1065/97/89
f 738/738/664 1066/93/85 524/96/88 172/739/665
f 266/743/669 741/748/674 1066/93/85 738/738/664
f 741/748/674 171/747/673 379/94/86 1066/93/85
f 742/750/676 1067/89/81 441/92/84 89/751/677
f 267/755/681 745/760/686 1067/89/81 742/750/676
f 745/760/686 170/759/685 378/90/82 1067/89/81
f 746/762/688 1068/85/77 521/88/80 169/763/689
f 268/767/693 749/772/698 1068/85/77 746/762/688
f 749/772/698 159/771/697 367/86/78 1068/85/77
f 750/774/9 1069/81/9 520/84/9 168/775/9
f 269/779/9 753/784/9 1069/81/9 750/774/9
f 753/784/9 167/783/76 375/82/76 1069/81/9
f 754/786/699 1070/77/72 472/80/75 120/787/700
f 270/791/9 757/796/9 1070/77/72 754/786/699
f 757/796/9 166/795/183 374/78/73 1070/77/72
f 758/798/703 1071/73/68 517/76/71 165/799/704
f 271/803/708 761/808/713 1071/73/68 758/798/703
f 761/808/713 136/807/712 344/74/69 1071/73/68
f 762/810/715 1072/69/64 516/72/67 164/811/716
f 272/815/719 765/820/724 1072/69/64 762/810/715
f 765/820/724 163/819/723 371/70/65 1072/69/64
f 766/822/726 1073/65/60 473/68/63 121/823/727
f 273/827/731 769/832/736 1073/65/60 766/822/726
f 769/832/736 162/831/735 370/66/61 1073/65/60
f 770/834/738 1074/61/56 513/64/59 161/835/739
f 274/839/743 773/844/748 1074/61/56 770/834/738
f 773/844/748 96/843/747 304/62/57 1074/61/56
f 774/846/750 1075/57/52 512/60/55 160/847/751
f 275/851/753 777/856/757 1075/57/52 774/846/750
f 777/856/757 119/855/756 327/58/53 1075/57/52
f 778/858/759 1076/53/48 481/56/51 129/859/760
f 276/863/764 781/868/769 1076/53/48 778/858/759
f 781/868/769 118/867/768 326/54/49 1076/53/48
f 782/870/9 1077/49/9 509/52/47 157/871/770
f 277/875/9 785/880/9 1077/49/9 782/870/9
f 785/880/9 102/879/9 310/50/9 1077/49/9
f 786/882/773 1078/45/42 508/48/45 156/883/774
f 278/887/778 789/892/783 1078/45/42 786/882/773
f 789/892/783 115/891/782 323/46/43 1078/45/42
f 790/894/785 1079/41/38 477/44/41 125/895/786
f 279/899/790 793/904/795 1079/41/38 790/894/785
f 793/904/795 114/903/794 322/42/39 1079/41/38
f 794/906/797 1080/37/34 505/40/37 153/907/798
f 280/911/802 797/916/807 1080/37/34 794/906/797
f 797/916/807 103/915/806 311/38/35 1080/37/34
f 798/918/809 1081/33/30 504/36/33 152/919/810
f 281/923/814 801/928/819 1081/33/30 798/918/809
f 801/928/819 111/927/818 319/34/31 1081/33/30
f 802/930/821 1082/29/26 484/32/29 132/931/822
f 282/935/826 805/940/831 1082/29/26 802/930/821
f 805/940/831 110/939/830 318/30/27 1082/29/26
f 806/942/833 1083/25/22 501/28/25 149/943/834
f 283/947/838 809/952/843 1083/25/22 806/942/833
f 809/952/843 100/951/842 308/26/23 1083/25/22
f 810/954/845 1084/21/18 500/24/21 148/955/846
f 284/959/850 813/964/855 1084/21/18 810/954/845
f 813/964/855 107/963/854 315/22/19 1084/21/18
f 814/966/857 1085/17/14 485/20/17 133/967/858
f 285/971/862 817/976/867 1085/17/14 814/966/857
f 817/976/867 106/975/866 314/18/15 1085/17/14
f 818/978/869 1086/13/10 497/16/13 145/979/870
f 286/983/874 821/988/879 1086/13/10 818/978/869
f 821/988/879 88/987/878 296/14/11 1086/13/10
f 822/990/9 1087/9/9 496/12/9 144/991/9
f 287/995/9 825/1000/9 1087/9/9 822/990/9
f 825/1000/9 91/999/9 299/10/9 1087/9/9
f 826/1002/881 1088/5/5 489/8/8 137/1003/882
f 288/1007/886 829/1012/891 1088/5/5 826/1002/881
f 829/1012/891 90/1011/890 298/6/6 1088/5/5
f 830/1014/893 1089/1/1 493/4/4 141/1015/894
f 289/1019/898 833/1024/903 1089/1/1 830/1014/893
f 833/1024/903 84/1023/902 292/2/2 1089/1/1
f 1091/1090/9 1093/1091/9 1280/1092/9 1281/1093/9
f 1105/1094/9 1107/1095/9 1289/1096/9 1288/1097/9
f 1095/1098/9 1097/1099/9 1284/1100/9 1283/1101/9
f 1277/1102/971 1276/1103/971 1296/1104/971 1297/1105/971
f 1278/1106/971 1277/1102/971 1297/1105/971 1298/1107/971
f 1109/1108/9 1091/1109/9 1281/1110/9 1290/1111/9
f 1099/1112/9 1101/1113/9 1286/1114/9 1285/1115/9
f 1271/1116/971 1270/1117/971 1282/1118/971 1291/1119/971
f 1279/1120/971 1278/1106/971 1298/1107/971 1299/1121/971
f 1272/1122/971 1271/1116/971 1291/1119/971 1292/1123/971
f 1090/1124/971 1092/1125/971 1094/1126/971 1096/1127/971 1098/1128/971 1100/1129/971 1102/1130/971 1104/1131/971 1106/1132/971 1108/1133/971
f 1145/1134/972 1144/1135/973 1154/1136/974 1155/1137/975
f 1151/1138/9 1150/1139/9 1159/1140/9 1158/1141/9 1157/1142/9 1156/1143/9 1155/1144/9 1154/1145/9 1153/1146/9 1152/1147/9
f 1142/1148/976 1141/1149/977 1151/1150/978 1152/1151/979
f 1149/1152/980 1148/1153/981 1158/1154/982 1159/1155/983
f 1146/1156/984 1145/1134/972 1155/1137/975 1156/1157/985
f 1143/1158/986 1142/1148/976 1152/1151/979 1153/1159/987
f 1140/1160/988 1149/1152/980 1159/1155/983 1150/1161/989
f 1147/1162/990 1146/1156/984 1156/1157/985 1157/1163/991
f 1144/1135/973 1143/1158/986 1153/1159/987 1154/1136/974
f 1141/1149/977 1140/1164/988 1150/1165/989 1151/1150/978
f 1148/1153/981 1147/1162/990 1157/1163/991 1158/1154/982
f 1164/1166/992 1160/1167/993 1162/1168/994 1165/1169/995
f 1165/1169/995 1162/1168/994 1161/1170/996 1163/1171/997
f 1167/1172/998 1164/1166/992 1165/1169/995 1168/1173/999
f 1168/1173/999 1165/1169/995 1163/1171/997 1166/1174/1000
f 1170/1175/1001 1167/1172/998 1168/1173/999 1171/1176/1002
f 1171/1176/1002 1168/1173/999 1166/1174/1000 1169/1177/1003
f 1173/1178/1004 1170/1175/1001 1171/1176/1002 1174/1179/1005
f 1174/1179/1005 1171/1176/1002 1169/1177/1003 1172/1180/1006
f 1176/1181/1007 1173/1178/1004 1174/1179/1005 1177/1182/1008
f 1177/1182/1008 1174/1179/1005 1172/1180/1006 1175/1183/1009
f 1179/1184/1010 1176/1181/1007 1177/1182/1008 1180/1185/1011
f 1180/1185/1011 1177/1182/1008 1175/1183/1009 1178/1186/1012
f 1182/1187/1013 1179/1184/1010 1180/1185/1011 1183/1188/1014
f 1183/1188/1014 1180/1185/1011 1178/1186/1012 1181/1189/1015
f 1185/1190/1016 1182/1187/1013 1183/1188/1014 1186/1191/1017
f 1186/1191/1017 1183/1188/1014 1181/1189/1015 1184/1192/1018
f 1188/1193/1019 1185/1190/1016 1186/1191/1017 1189/1194/1020
f 1189/1194/1020 1186/1191/1017 1184/1192/1018 1187/1195/1021
f 1160/1196/993 1188/1193/1019 1189/1194/1020 1162/1197/994
f 1162/1197/994 1189/1194/1020 1187/1195/1021 1161/1198/996
f 1163/1171/997 1161/1170/996 1110/1199/1022 1111/1200/1023
f 1093/1091/1024 1091/1090/1025 1160/1167/993 1164/1166/992
f 1161/1198/996 1187/1195/1021 1119/1201/1026 1110/1202/1022
f 1091/1109/1025 1109/1108/1027 1188/1193/1019 1160/1196/993
f 1095/1098/1028 1093/1091/1024 1164/1166/992 1167/1172/998
f 1166/1174/1000 1163/1171/997 1111/1200/1023 1112/1203/1029
f 1097/1099/1030 1095/1098/1028 1167/1172/998 1170/1175/1001
f 1169/1177/1003 1166/1174/1000 1112/1203/1029 1113/1204/1031
f 1099/1112/1032 1097/1099/1030 1170/1175/1001 1173/1178/1004
f 1172/1180/1006 1169/1177/1003 1113/1204/1031 1114/1205/1033
f 1175/1183/1009 1172/1180/1006 1114/1205/1033 1115/1206/1034
f 1101/1113/1035 1099/1112/1032 1173/1178/1004 1176/1181/1007
f 1103/1207/1036 1101/1113/1035 1176/1181/1007 1179/1184/1010
f 1178/1186/1012 1175/1183/1009 1115/1206/1034 1116/1208/1037
f 1105/1094/1038 1103/1207/1036 1179/1184/1010 1182/1187/1013
f 1181/1189/1015 1178/1186/1012 1116/1208/1037 1117/1209/1039
f 1107/1095/1040 1105/1094/1038 1182/1187/1013 1185/1190/1016
f 1184/1192/1018 1181/1189/1015 1117/1209/1039 1118/1210/1041
f 1109/1108/1027 1107/1095/1040 1185/1190/1016 1188/1193/1019
f 1187/1195/1021 1184/1192/1018 1118/1210/1041 1119/1201/1026
f 1194/1211/1042 1190/1212/1043 1192/1213/1044 1195/1214/1045
f 1195/1214/1045 1192/1213/1044 1191/1215/1046 1193/1216/1047
f 1197/1217/1048 1194/1211/1042 1195/1214/1045 1198/1218/1049
f 1198/1218/1049 1195/1214/1045 1193/1216/1047 1196/1219/1050
f 1200/1220/1051 1197/1217/1048 1198/1218/1049 1201/1221/1052
f 1201/1221/1052 1198/1218/1049 1196/1219/1050 1199/1222/1053
f 1203/1223/1054 1200/1220/1051 1201/1221/1052 1204/1224/1055
f 1204/1224/1055 1201/1221/1052 1199/1222/1053 1202/1225/1056
f 1206/1226/1057 1203/1223/1054 1204/1224/1055 1207/1227/1058
f 1207/1227/1058 1204/1224/1055 1202/1225/1056 1205/1228/1059
f 1209/1229/1060 1206/1226/1057 1207/1227/1058 1210/1230/1061
f 1210/1230/1061 1207/1227/1058 1205/1228/1059 1208/1231/1062
f 1212/1232/1063 1209/1229/1060 1210/1230/1061 1213/1233/1064
f 1213/1233/1064 1210/1230/1061 1208/1231/1062 1211/1234/1065
f 1215/1235/1066 1212/1232/1063 1213/1233/1064 1216/1236/1067
f 1216/1236/1067 1213/1233/1064 1211/1234/1065 1214/1237/1068
f 1218/1238/1069 1215/1235/1066 1216/1236/1067 1219/1239/1070
f 1219/1239/1070 1216/1236/1067 1214/1237/1068 1217/1240/1071
f 1190/1241/1043 1218/1238/1069 1219/1239/1070 1192/1242/1044
f 1192/1242/1044 1219/1239/1070 1217/1240/1071 1191/1243/1046
f 1193/1216/1047 1191/1215/1046 1120/1244/1072 1121/1245/1073
f 1111/1200/1023 1110/1199/1022 1190/1212/1043 1194/1211/1042
f 1191/1243/1046 1217/1240/1071 1129/1246/1074 1120/1247/1072
f 1110/1202/1022 1119/1201/1026 1218/1238/1069 1190/1241/1043
f 1112/1203/1029 1111/1200/1023 1194/1211/1042 1197/1217/1048
f 1196/1219/1050 1193/1216/1047 1121/1245/1073 1122/1248/1075
f 1113/1204/1031 1112/1203/1029 1197/1217/1048 1200/1220/1051
f 1199/1222/1053 1196/1219/1050 1122/1248/1075 1123/1249/1076
f 1114/1205/1033 1113/1204/1031 1200/1220/1051 1203/1223/1054
f 1202/1225/1056 1199/1222/1053 1123/1249/1076 1124/1250/1077
f 1115/1206/1034 1114/1205/1033 1203/1223/1054 1206/1226/1057
f 1205/1228/1059 1202/1225/1056 1124/1250/1077 1125/1251/1078
f 1116/1208/1037 1115/1206/1034 1206/1226/1057 1209/1229/1060
f 1208/1231/1062 1205/1228/1059 1125/1251/1078 1126/1252/1079
f 1117/1209/1039 1116/1208/1037 1209/1229/1060 1212/1232/1063
f 1211/1234/1065 1208/1231/1062 1126/1252/1079 1127/1253/1080
f 1118/1210/1041 1117/1209/1039 1212/1232/1063 1215/1235/1066
f 1214/1237/1068 1211/1234/1065 1127/1253/1080 1128/1254/1081
f 1217/1240/1071 1214/1237/1068 1128/1254/1081 1129/1246/1074
f 1119/1201/1026 1118/1210/1041 1215/1235/1066 1218/1238/1069
f 1223/1255/1082 1220/1256/1083 1221/1257/1084 1222/1258/1085
f 1225/1259/1086 1223/1255/1082 1222/1258/1085 1224/1260/1087
f 1227/1261/1088 1225/1259/1086 1224/1260/1087 1226/1262/1089
f 1229/1263/1090 1227/1261/1088 1226/1262/1089 1228/1264/1091
f 1231/1265/1092 1229/1263/1090 1228/1264/1091 1230/1266/1093
f 1233/1267/1094 1231/1265/1092 1230/1266/1093 1232/1268/1095
f 1235/1269/1096 1233/1267/1094 1232/1268/1095 1234/1270/1097
f 1237/1271/1098 1235/1269/1096 1234/1270/1097 1236/1272/1099
f 1239/1273/1100 1237/1271/1098 1236/1272/1099 1238/1274/1101
f 1220/1275/1083 1239/1273/1100 1238/1274/1101 1221/1276/1084
f 1222/1258/1085 1221/1257/1084 1130/1277/1102 1131/1278/1103
f 1121/1245/1073 1120/1244/1072 1220/1256/1083 1223/1255/1082
f 1221/1276/1084 1238/1274/1101 1139/1279/1104 1130/1280/1102
f 1120/1247/1072 1129/1246/1074 1239/1273/1100 1220/1275/1083
f 1122/1248/1075 1121/1245/1073 1223/1255/1082 1225/1259/1086
f 1224/1260/1087 1222/1258/1085 1131/1278/1103 1132/1281/1105
f 1123/1249/1076 1122/1248/1075 1225/1259/1086 1227/1261/1088
f 1226/1262/1089 1224/1260/1087 1132/1281/1105 1133/1282/1106
f 1124/1250/1077 1123/1249/1076 1227/1261/1088 1229/1263/1090
f 1228/1264/1091 1226/1262/1089 1133/1282/1106 1134/1283/1107
f 1230/1266/1093 1228/1264/1091 1134/1283/1107 1135/1284/1108
f 1125/1251/1078 1124/1250/1077 1229/1263/1090 1231/1265/1092
f 1126/1252/1079 1125/1251/1078 1231/1265/1092 1233/1267/1094
f 1232/1268/1095 1230/1266/1093 1135/1284/1108 1136/1285/1109
f 1127/1253/1080 1126/1252/1079 1233/1267/1094 1235/1269/1096
f 1234/1270/1097 1232/1268/1095 1136/1285/1109 1137/1286/1110
f 1128/1254/1081 1127/1253/1080 1235/1269/1096 1237/1271/1098
f 1236/1272/1099 1234/1270/1097 1137/1286/1110 1138/1287/1111
f 1129/1246/1074 1128/1254/1081 1237/1271/1098 1239/1273/1100
f 1238/1274/1101 1236/1272/1099 1138/1287/1111 1139/1279/1104
f 1244/1288/1112 1240/1289/1113 1242/1290/1114 1245/1291/1115
f 1245/1291/1115 1242/1290/1114 1241/1292/1116 1243/1293/1117
f 1247/1294/1118 1244/1288/1112 1245/1291/1115 1248/1295/1119
f 1248/1295/1119 1245/1291/1115 1243/1293/1117 1246/1296/1120
f 1250/1297/1121 1247/1294/1118 1248/1295/1119 1251/1298/1122
f 1251/1298/1122 1248/1295/1119 1246/1296/1120 1249/1299/1123
f 1253/1300/1124 1250/1297/1121 1251/1298/1122 1254/1301/1125
f 1254/1301/1125 1251/1298/1122 1249/1299/1123 1252/1302/1126
f 1256/1303/1127 1253/1300/1124 1254/1301/1125 1257/1304/1128
f 1257/1304/1128 1254/1301/1125 1252/1302/1126 1255/1305/1129
f 1259/1306/1130 1256/1303/1127 1257/1304/1128 1260/1307/1131
f 1260/1307/1131 1257/1304/1128 1255/1305/1129 1258/1308/1132
f 1262/1309/1133 1259/1306/1130 1260/1307/1131 1263/1310/1134
f 1263/1310/1134 1260/1307/1131 1258/1308/1132 1261/1311/1135
f 1265/1312/1136 1262/1309/1133 1263/1310/1134 1266/1313/1137
f 1266/1313/1137 1263/1310/1134 1261/1311/1135 1264/1314/1138
f 1268/1315/1139 1265/1312/1136 1266/1313/1137 1269/1316/1140
f 1269/1316/1140 1266/1313/1137 1264/1314/1138 1267/1317/1141
f 1240/1318/1113 1268/1315/1139 1269/1316/1140 1242/1319/1114
f 1242/1319/1114 1269/1316/1140 1267/1317/1141 1241/1320/1116
f 1243/1293/1117 1241/1292/1116 1140/1164/988 1141/1149/977
f 1131/1278/1103 1130/1277/1102 1240/1289/1113 1244/1288/1112
f 1241/1320/1116 1267/1317/1141 1149/1152/980 1140/1160/988
f 1130/1280/1102 1139/1279/1104 1268/1315/1139 1240/1318/1113
f 1132/1281/1105 1131/1278/1103 1244/1288/1112 1247/1294/1118
f 1246/1296/1120 1243/1293/1117 1141/1149/977 1142/1148/976
f 1133/1282/1106 1132/1281/1105 1247/1294/1118 1250/1297/1121
f 1249/1299/1123 1246/1296/1120 1142/1148/976 1143/1158/986
f 1134/1283/1107 1133/1282/1106 1250/1297/1121 1253/1300/1124
f 1252/1302/1126 1249/1299/1123 1143/1158/986 1144/1135/973
f 1135/1284/1108 1134/1283/1107 1253/1300/1124 1256/1303/1127
f 1255/1305/1129 1252/1302/1126 1144/1135/973 1145/1134/972
f 1136/1285/1109 1135/1284/1108 1256/1303/1127 1259/1306/1130
f 1258/1308/1132 1255/1305/1129 1145/1134/972 1146/1156/984
f 1137/1286/1110 1136/1285/1109 1259/1306/1130 1262/1309/1133
f 1261/1311/1135 1258/1308/1132 1146/1156/984 1147/1162/990
f 1138/1287/1111 1137/1286/1110 1262/1309/1133 1265/1312/1136
f 1264/1314/1138 1261/1311/1135 1147/1162/990 1148/1153/981
f 1267/1317/1141 1264/1314/1138 1148/1153/981 1149/1152/980
f 1139/1279/1104 1138/1287/1111 1265/1312/1136 1268/1315/1139
f 1108/1321/1142 1279/1120/1142 1270/1322/1143 1090/1323/1143
f 1106/1324/1144 1278/1106/1144 1279/1120/1142 1108/1321/1142
f 1104/1325/1145 1277/1102/1145 1278/1106/1144 1106/1324/1144
f 1102/1326/1146 1276/1103/1146 1277/1102/1145 1104/1325/1145
f 1100/1327/1147 1275/1328/1147 1276/1103/1146 1102/1326/1146
f 1098/1329/1148 1274/1330/1148 1275/1328/1147 1100/1327/1147
f 1096/1331/1149 1273/1332/1149 1274/1330/1148 1098/1329/1148
f 1094/1333/1150 1272/1122/1150 1273/1332/1149 1096/1331/1149
f 1092/1334/1151 1271/1116/1151 1272/1122/1150 1094/1333/1150
f 1090/1335/1143 1270/1117/1143 1271/1116/1151 1092/1334/1151
f 1282/1118/1143 1281/1093/1143 1280/1092/1151 1291/1119/1151
f 1291/1119/1151 1280/1092/1151 1283/1101/1150 1292/1123/1150
f 1292/1123/1150 1283/1101/1150 1284/1100/1149 1293/1336/1149
f 1293/1336/1149 1284/1100/1149 1285/1115/1148 1294/1337/1148
f 1294/1337/1148 1285/1115/1148 1286/1114/1147 1295/1338/1147
f 1295/1338/1147 1286/1114/1147 1287/1339/1146 1296/1104/1146
f 1296/1104/1146 1287/1339/1146 1288/1097/1145 1297/1105/1145
f 1297/1105/1145 1288/1097/1145 1289/1096/1144 1298/1107/1144
f 1298/1107/1144 1289/1096/1144 1290/1111/1142 1299/1121/1142
f 1299/1121/1142 1290/1111/1142 1281/1110/1143 1282/1340/1143
f 1276/1103/971 1275/1328/971 1295/1338/971 1296/1104/971
f 1101/1113/9 1103/1207/9 1287/1339/9 1286/1114/9
f 1275/1328/971 1274/1330/971 1294/1337/971 1295/1338/971
f 1274/1330/971 1273/1332/971 1293/1336/971 1294/1337/971
f 1097/1099/9 1099/1112/9 1285/1115/9 1284/1100/9
f 1107/1095/9 1109/1108/9 1290/1111/9 1289/1096/9
f 1273/1332/971 1272/1122/971 1292/1123/971 1293/1336/971
f 1270/1322/971 1279/1120/971 1299/1121/971 1282/1340/971
f 1093/1091/9 1095/1098/9 1283/1101/9 1280/1092/9
f 1103/1207/9 1105/1094/9 1288/1097/9 1287/1339/9
f 1301/1341/9 1303/1342/9 1490/1343/9 1491/1344/9
f 1315/1345/9 1317/1346/9 1499/1347/9 1498/1348/9
f 1305/1349/9 1307/1350/9 1494/1351/9 1493/1352/9
f 1487/1353/971 1486/1354/971 1506/1355/971 1507/1356/971
f 1488/1357/971 1487/1353/971 1507/1356/971 1508/1358/971
f 1319/1359/9 1301/1360/9 1491/1361/9 1500/1362/9
f 1309/1363/9 1311/1364/9 1496/1365/9 1495/1366/9
f 1481/1367/971 1480/1368/971 1492/1369/971 1501/1370/971
f 1489/1371/971 1488/1357/971 1508/1358/971 1509/1372/971
f 1482/1373/971 1481/1367/971 1501/1370/971 1502/1374/971
f 1300/1375/971 1302/1376/971 1304/1132/971 1306/1131/971 1308/1377/971 1310/1378/971 1312/1379/971 1314/1380/971 1316/1381/971 1318/1382/971
f 1355/1383/972 1354/1384/973 1364/1385/974 1365/1386/975
f 1361/1387/9 1360/1388/9 1369/1389/9 1368/1390/9 1367/1391/9 1366/1392/9 1365/1393/9 1364/1394/9 1363/1395/9 1362/1396/9
f 1352/1397/976 1351/1398/977 1361/1399/978 1362/1400/979
f 1359/1401/980 1358/1402/981 1368/1403/982 1369/1404/983
f 1356/1405/984 1355/1383/972 1365/1386/975 1366/1406/985
f 1353/1407/986 1352/1397/976 1362/1400/979 1363/1408/987
f 1350/1409/988 1359/1401/980 1369/1404/983 1360/1410/989
f 1357/1411/990 1356/1405/984 1366/1406/985 1367/1412/991
f 1354/1384/973 1353/1407/986 1363/1408/987 1364/1385/974
f 1351/1398/977 1350/1413/988 1360/1414/989 1361/1399/978
f 1358/1402/981 1357/1411/990 1367/1412/991 1368/1403/982
f 1374/1415/992 1370/1416/993 1372/1417/994 1375/1418/995
f 1375/1418/995 1372/1417/994 1371/1419/996 1373/1420/997
f 1377/1421/998 1374/1415/992 1375/1418/995 1378/1422/999
f 1378/1422/999 1375/1418/995 1373/1420/997 1376/1423/1000
f 1380/1424/1001 1377/1421/998 1378/1422/999 1381/1425/1002
f 1381/1425/1002 1378/1422/999 1376/1423/1000 1379/1426/1003
f 1383/1427/1004 1380/1424/1001 1381/1425/1002 1384/1428/1005
f 1384/1428/1005 1381/1425/1002 1379/1426/1003 1382/1429/1006
f 1386/1430/1007 1383/1427/1004 1384/1428/1005 1387/1431/1008
f 1387/1431/1008 1384/1428/1005 1382/1429/1006 1385/1432/1009
f 1389/1433/1010 1386/1430/1007 1387/1431/1008 1390/1434/1011
f 1390/1434/1011 1387/1431/1008 1385/1432/1009 1388/1435/1012
f 1392/1436/1013 1389/1433/1010 1390/1434/1011 1393/1437/1014
f 1393/1437/1014 1390/1434/1011 1388/1435/1012 1391/1438/1015
f 1395/1439/1016 1392/1436/1013 1393/1437/1014 1396/1440/1017
f 1396/1440/1017 1393/1437/1014 1391/1438/1015 1394/1441/1018
f 1398/1442/1019 1395/1439/1016 1396/1440/1017 1399/1443/1020
f 1399/1443/1020 1396/1440/1017 1394/1441/1018 1397/1444/1021
f 1370/1445/993 1398/1442/1019 1399/1443/1020 1372/1446/994
f 1372/1446/994 1399/1443/1020 1397/1444/1021 1371/1447/996
f 1373/1420/997 1371/1419/996 1320/1448/1022 1321/1449/1023
f 1303/1342/1024 1301/1341/1025 1370/1416/993 1374/1415/992
f 1371/1447/996 1397/1444/1021 1329/1450/1026 1320/1451/1022
f 1301/1360/1025 1319/1359/1027 1398/1442/1019 1370/1445/993
f 1305/1349/1028 1303/1342/1024 1374/1415/992 1377/1421/998
f 1376/1423/1000 1373/1420/997 1321/1449/1023 1322/1452/1029
f 1307/1350/1030 1305/1349/1028 1377/1421/998 1380/1424/1001
f 1379/1426/1003 1376/1423/1000 1322/1452/1029 1323/1453/1031
f 1309/1363/1032 1307/1350/1030 1380/1424/1001 1383/1427/1004
f 1382/1429/1006 1379/1426/1003 1323/1453/1031 1324/1454/1033
f 1385/1432/1009 1382/1429/1006 1324/1454/1033 1325/1455/1034
f 1311/1364/1035 1309/1363/1032 1383/1427/1004 1386/1430/1007
f 1313/1456/1036 1311/1364/1035 1386/1430/1007 1389/1433/1010
f 1388/1435/1012 1385/1432/1009 1325/1455/1034 1326/1457/1037
f 1315/1345/1038 1313/1456/1036 1389/1433/1010 1392/1436/1013
f 1391/1438/1015 1388/1435/1012 1326/1457/1037 1327/1458/1039
f 1317/1346/1040 1315/1345/1038 1392/1436/1013 1395/1439/1016
f 1394/1441/1018 1391/1438/1015 1327/1458/1039 1328/1459/1041
f 1319/1359/1027 1317/1346/1040 1395/1439/1016 1398/1442/1019
f 1397/1444/1021 1394/1441/1018 1328/1459/1041 1329/1450/1026
f 1404/1460/1042 1400/1461/1043 1402/1462/1044 1405/1463/1045
f 1405/1463/1045 1402/1462/1044 1401/1464/1046 1403/1465/1047
f 1407/1466/1048 1404/1460/1042 1405/1463/1045 1408/1467/1049
f 1408/1467/1049 1405/1463/1045 1403/1465/1047 1406/1468/1050
f 1410/1469/1051 1407/1466/1048 1408/1467/1049 1411/1470/1052
f 1411/1470/1052 1408/1467/1049 1406/1468/1050 1409/1471/1053
f 1413/1472/1054 1410/1469/1051 1411/1470/1052 1414/1473/1055
f 1414/1473/1055 1411/1470/1052 1409/1471/1053 1412/1474/1056
f 1416/1475/1057 1413/1472/1054 1414/1473/1055 1417/1476/1058
f 1417/1476/1058 1414/1473/1055 1412/1474/1056 1415/1477/1059
f 1419/1478/1060 1416/1475/1057 1417/1476/1058 1420/1479/1061
f 1420/1479/1061 1417/1476/1058 1415/1477/1059 1418/1480/1062
f 1422/1481/1063 1419/1478/1060 1420/1479/1061 1423/1482/1064
f 1423/1482/1064 1420/1479/1061 1418/1480/1062 1421/1483/1065
f 1425/1484/1066 1422/1481/1063 1423/1482/1064 1426/1485/1067
f 1426/1485/1067 1423/1482/1064 1421/1483/1065 1424/1486/1068
f 1428/1487/1069 1425/1484/1066 1426/1485/1067 1429/1488/1070
f 1429/1488/1070 1426/1485/1067 1424/1486/1068 1427/1489/1071
f 1400/1490/1043 1428/1487/1069 1429/1488/1070 1402/1491/1044
f 1402/1491/1044 1429/1488/1070 1427/1489/1071 1401/1492/1046
f 1403/1465/1047 1401/1464/1046 1330/1493/1072 1331/1494/1073
f 1321/1449/1023 1320/1448/1022 1400/1461/1043 1404/1460/1042
f 1401/1492/1046 1427/1489/1071 1339/1495/1074 1330/1496/1072
f 1320/1451/1022 1329/1450/1026 1428/1487/1069 1400/1490/1043
f 1322/1452/1029 1321/1449/1023 1404/1460/1042 1407/1466/1048
f 1406/1468/1050 1403/1465/1047 1331/1494/1073 1332/1497/1075
f 1323/1453/1031 1322/1452/1029 1407/1466/1048 1410/1469/1051
f 1409/1471/1053 1406/1468/1050 1332/1497/1075 1333/1498/1076
f 1324/1454/1033 1323/1453/1031 1410/1469/1051 1413/1472/1054
f 1412/1474/1056 1409/1471/1053 1333/1498/1076 1334/1499/1152
f 1325/1455/1034 1324/1454/1033 1413/1472/1054 1416/1475/1057
f 1415/1477/1059 1412/1474/1056 1334/1499/1152 1335/1500/1078
f 1326/1457/1037 1325/1455/1034 1416/1475/1057 1419/1478/1060
f 1418/1480/1062 1415/1477/1059 1335/1500/1078 1336/1501/1153
f 1327/1458/1039 1326/1457/1037 1419/1478/1060 1422/1481/1063
f 1421/1483/1065 1418/1480/1062 1336/1501/1153 1337/1502/1080
f 1328/1459/1041 1327/1458/1039 1422/1481/1063 1425/1484/1066
f 1424/1486/1068 1421/1483/1065 1337/1502/1080 1338/1503/1081
f 1427/1489/1071 1424/1486/1068 1338/1503/1081 1339/1495/1074
f 1329/1450/1026 1328/1459/1041 1425/1484/1066 1428/1487/1069
f 1433/1504/1082 1430/1505/1083 1431/1506/1084 1432/1507/1085
f 1435/1508/1086 1433/1504/1082 1432/1507/1085 1434/1509/1087
f 1437/1510/1088 1435/1508/1086 1434/1509/1087 1436/1511/1089
f 1439/1512/1090 1437/1510/1088 1436/1511/1089 1438/1513/1091
f 1441/1514/1092 1439/1512/1090 1438/1513/1091 1440/1515/1093
f 1443/1516/1094 1441/1514/1092 1440/1515/1093 1442/1517/1095
f 1445/1518/1096 1443/1516/1094 1442/1517/1095 1444/1519/1097
f 1447/1520/1098 1445/1518/1096 1444/1519/1097 1446/1521/1099
f 1449/1522/1100 1447/1520/1098 1446/1521/1099 1448/1523/1101
f 1430/1524/1083 1449/1522/1100 1448/1523/1101 1431/1525/1084
f 1432/1507/1085 1431/1506/1084 1340/1526/1102 1341/1527/1103
f 1331/1494/1073 1330/1493/1072 1430/1505/1083 1433/1504/1082
f 1431/1525/1084 1448/1523/1101 1349/1528/1104 1340/1529/1102
f 1330/1496/1072 1339/1495/1074 1449/1522/1100 1430/1524/1083
f 1332/1497/1075 1331/1494/1073 1433/1504/1082 1435/1508/1086
f 1434/1509/1087 1432/1507/1085 1341/1527/1103 1342/1530/1105
f 1333/1498/1076 1332/1497/1075 1435/1508/1086 1437/1510/1088
f 1436/1511/1089 1434/1509/1087 1342/1530/1105 1343/1531/1106
f 1334/1499/1152 1333/1498/1076 1437/1510/1088 1439/1512/1090
f 1438/1513/1091 1436/1511/1089 1343/1531/1106 1344/1532/1107
f 1440/1515/1093 1438/1513/1091 1344/1532/1107 1345/1533/1108
f 1335/1500/1078 1334/1499/1152 1439/1512/1090 1441/1514/1092
f 1336/1501/1153 1335/1500/1078 1441/1514/1092 1443/1516/1094
f 1442/1517/1095 1440/1515/1093 1345/1533/1108 1346/1534/1109
f 1337/1502/1080 1336/1501/1153 1443/1516/1094 1445/1518/1096
f 1444/1519/1097 1442/1517/1095 1346/1534/1109 1347/1535/1110
f 1338/1503/1081 1337/1502/1080 1445/1518/1096 1447/1520/1098
f 1446/1521/1099 1444/1519/1097 1347/1535/1110 1348/1536/1111
f 1339/1495/1074 1338/1503/1081 1447/1520/1098 1449/1522/1100
f 1448/1523/1101 1446/1521/1099 1348/1536/1111 1349/1528/1104
f 1454/1537/1154 1450/1538/1113 1452/1539/1114 1455/1540/1115
f 1455/1540/1115 1452/1539/1114 1451/1541/1116 1453/1542/1117
f 1457/1543/1118 1454/1537/1154 1455/1540/1115 1458/1544/1119
f 1458/1544/1119 1455/1540/1115 1453/1542/1117 1456/1545/1120
f 1460/1546/1121 1457/1543/1118 1458/1544/1119 1461/1547/1122
f 1461/1547/1122 1458/1544/1119 1456/1545/1120 1459/1548/1123
f 1463/1549/1155 1460/1546/1121 1461/1547/1122 1464/1550/1125
f 1464/1550/1125 1461/1547/1122 1459/1548/1123 1462/1551/1126
f 1466/1552/1156 1463/1549/1155 1464/1550/1125 1467/1553/1128
f 1467/1553/1128 1464/1550/1125 1462/1551/1126 1465/1554/1129
f 1469/1555/1157 1466/1552/1156 1467/1553/1128 1470/1556/1131
f 1470/1556/1131 1467/1553/1128 1465/1554/1129 1468/1557/1132
f 1472/1558/1133 1469/1555/1157 1470/1556/1131 1473/1559/1134
f 1473/1559/1134 1470/1556/1131 1468/1557/1132 1471/1560/1135
f 1475/1561/1136 1472/1558/1133 1473/1559/1134 1476/1562/1137
f 1476/1562/1137 1473/1559/1134 1471/1560/1135 1474/1563/1138
f 1478/1564/1158 1475/1561/1136 1476/1562/1137 1479/1565/1140
f 1479/1565/1140 1476/1562/1137 1474/1563/1138 1477/1566/1141
f 1450/1567/1113 1478/1564/1158 1479/1565/1140 1452/1568/1114
f 1452/1568/1114 1479/1565/1140 1477/1566/1141 1451/1569/1116
f 1453/1542/1117 1451/1541/1116 1350/1413/988 1351/1398/977
f 1341/1527/1103 1340/1526/1102 1450/1538/1113 1454/1537/1154
f 1451/1569/1116 1477/1566/1141 1359/1401/980 1350/1409/988
f 1340/1529/1102 1349/1528/1104 1478/1564/1158 1450/1567/1113
f 1342/1530/1105 1341/1527/1103 1454/1537/1154 1457/1543/1118
f 1456/1545/1120 1453/1542/1117 1351/1398/977 1352/1397/976
f 1343/1531/1106 1342/1530/1105 1457/1543/1118 1460/1546/1121
f 1459/1548/1123 1456/1545/1120 1352/1397/976 1353/1407/986
f 1344/1532/1107 1343/1531/1106 1460/1546/1121 1463/1549/1155
f 1462/1551/1126 1459/1548/1123 1353/1407/986 1354/1384/973
f 1345/1533/1108 1344/1532/1107 1463/1549/1155 1466/1552/1156
f 1465/1554/1129 1462/1551/1126 1354/1384/973 1355/1383/972
f 1346/1534/1109 1345/1533/1108 1466/1552/1156 1469/1555/1157
f 1468/1557/1132 1465/1554/1129 1355/1383/972 1356/1405/984
f 1347/1535/1110 1346/1534/1109 1469/1555/1157 1472/1558/1133
f 1471/1560/1135 1468/1557/1132 1356/1405/984 1357/1411/990
f 1348/1536/1111 1347/1535/1110 1472/1558/1133 1475/1561/1136
f 1474/1563/1138 1471/1560/1135 1357/1411/990 1358/1402/981
f 1477/1566/1141 1474/1563/1138 1358/1402/981 1359/1401/980
f 1349/1528/1104 1348/1536/1111 1475/1561/1136 1478/1564/1158
f 1318/1570/1142 1489/1371/1142 1480/1571/1143 1300/1572/1143
f 1316/1573/1144 1488/1357/1144 1489/1371/1142 1318/1570/1142
f 1314/1574/1145 1487/1353/1145 1488/1357/1144 1316/1573/1144
f 1312/1575/1146 1486/1354/1146 1487/1353/1145 1314/1574/1145
f 1310/1576/1147 1485/1577/1147 1486/1354/1146 1312/1575/1146
f 1308/1578/1148 1484/1579/1148 1485/1577/1147 1310/1576/1147
f 1306/1580/1149 1483/1581/1149 1484/1579/1148 1308/1578/1148
f 1304/1582/1150 1482/1373/1150 1483/1581/1149 1306/1580/1149
f 1302/1583/1151 1481/1367/1151 1482/1373/1150 1304/1582/1150
f 1300/1584/1143 1480/1368/1143 1481/1367/1151 1302/1583/1151
f 1492/1369/1143 1491/1344/1143 1490/1343/1151 1501/1370/1151
f 1501/1370/1151 1490/1343/1151 1493/1352/1150 1502/1374/1150
f 1502/1374/1150 1493/1352/1150 1494/1351/1149 1503/1585/1149
f 1503/1585/1149 1494/1351/1149 1495/1366/1148 1504/1586/1148
f 1504/1586/1148 1495/1366/1148 1496/1365/1147 1505/1587/1147
f 1505/1587/1147 1496/1365/1147 1497/1588/1146 1506/1355/1146
f 1506/1355/1146 1497/1588/1146 1498/1348/1145 1507/1356/1145
f 1507/1356/1145 1498/1348/1145 1499/1347/1144 1508/1358/1144
f 1508/1358/1144 1499/1347/1144 1500/1362/1142 1509/1372/1142
f 1509/1372/1142 1500/1362/1142 1491/1361/1143 1492/1589/1143
f 1486/1354/971 1485/1577/971 1505/1587/971 1506/1355/971
f 1311/1364/9 1313/1456/9 1497/1588/9 1496/1365/9
f 1485/1577/971 1484/1579/971 1504/1586/971 1505/1587/971
f 1484/1579/971 1483/1581/971 1503/1585/971 1504/1586/971
f 1307/1350/9 1309/1363/9 1495/1366/9 1494/1351/9
f 1317/1346/9 1319/1359/9 1500/1362/9 1499/1347/9
f 1483/1581/971 1482/1373/971 1502/1374/971 1503/1585/971
f 1480/1571/971 1489/1371/971 1509/1372/971 1492/1589/971
f 1303/1342/9 1305/1349/9 1493/1352/9 1490/1343/9
f 1313/1456/9 1315/1345/9 1498/1348/9 1497/1588/9
f 1513/1590/9 1511/1591/9 1510/1592/9 1512/1593/9
f 1514/1594/1159 1517/1595/1160 1518/1596/1161 1520/1597/1162
f 1515/1598/1163 1519/1599/1164 1518/1596/1161 1517/1595/1160
f 1516/1600/1165 1520/1597/1162 1518/1596/1161 1519/1599/1164
f 1521/1601/1166 1524/1602/1167 1525/1603/1168 1527/1604/1169
f 1522/1605/1170 1526/1606/1171 1525/1603/1168 1524/1602/1167
f 1523/1607/1172 1527/1604/1169 1525/1603/1168 1526/1606/1171
f 1528/1608/1173 1531/1609/1174 1532/1610/1175 1534/1611/1176
f 1529/1612/1177 1533/1613/1178 1532/1610/1175 1531/1609/1174
f 1530/1614/1179 1534/1611/1176 1532/1610/1175 1533/1613/1178
f 1535/1615/1180 1538/1616/1181 1539/1617/1182 1541/1618/1183
f 1536/1619/1184 1540/1620/1185 1539/1617/1182 1538/1616/1181
f 1537/1621/1186 1541/1618/1183 1539/1617/1182 1540/1620/1185
f 1521/1601/1166 1527/1604/1169 1523/1607/1172 1535/1615/1180 1541/1618/1183 1537/1621/1186 1528/1608/1173 1534/1611/1176 1530/1614/1179 1514/1594/1159 1520/1597/1162 1516/1600/1165
f 1516/1622/1165 1519/1623/1164 1515/1624/1163 1510/1625/1187 1511/1626/1187 1522/1627/1170 1524/1628/1167 1521/1629/1166
f 1530/1630/1179 1533/1631/1178 1529/1632/1177 1512/1633/1147 1510/1634/1147 1515/1635/1163 1517/1636/1160 1514/1637/1159
f 1523/1638/1172 1526/1639/1171 1522/1627/1170 1511/1626/1143 1513/1640/1143 1536/1641/1184 1538/1642/1181 1535/1643/1180
f 1537/1644/1186 1540/1645/1185 1536/1646/1184 1513/1647/1188 1512/1648/1188 1529/1649/1177 1531/1650/1174 1528/1651/1173
f 1542/1652/1187 1543/1653/1187 1545/1654/1187 1544/1655/1187
f 1544/1655/1143 1545/1656/1143 1549/1657/1143 1548/1658/1143
f 1548/1658/1188 1549/1659/1188 1547/1660/1188 1546/1661/1188
f 1546/1661/1147 1547/1662/1147 1543/1663/1147 1542/1652/1147
f 1544/1655/971 1548/1658/971 1546/1661/971 1542/1652/971
f 1549/1664/9 1545/1165/9 1543/1665/9 1547/1666/9
f 1551/1109/9 1553/1667/9 1740/1668/9 1741/1110/9
f 1565/1669/9 1567/1670/9 1749/1671/9 1748/1672/9
f 1555/1673/9 1557/1674/9 1744/1675/9 1743/1676/9
f 1737/1677/971 1736/1678/971 1756/1679/971 1757/1680/971
f 1738/1681/971 1737/1677/971 1757/1680/971 1758/1682/971
f 1569/1683/9 1551/1684/9 1741/1685/9 1750/1686/9
f 1559/1687/9 1561/1688/9 1746/1689/9 1745/1690/9
f 1731/1691/971 1730/1322/971 1742/1340/971 1751/1692/971
f 1739/1693/971 1738/1681/971 1758/1682/971 1759/1694/971
f 1732/1695/971 1731/1691/971 1751/1692/971 1752/1696/971
f 1550/1697/971 1552/1698/971 1554/1699/971 1556/1700/971 1558/1701/971 1560/1702/971 1562/1703/971 1564/1704/971 1566/1705/971 1568/1706/971
f 1605/1707/972 1604/1708/973 1614/1709/974 1615/1710/975
f 1611/1711/9 1610/1712/9 1619/1713/9 1618/1714/9 1617/1715/9 1616/1716/9 1615/1717/9 1614/1718/9 1613/1719/9 1612/1720/9
f 1602/1721/976 1601/1722/977 1611/1723/978 1612/1724/979
f 1609/1725/980 1608/1726/981 1618/1727/982 1619/1728/983
f 1606/1729/984 1605/1707/972 1615/1710/975 1616/1730/985
f 1603/1731/986 1602/1721/976 1612/1724/979 1613/1732/987
f 1600/1733/988 1609/1725/980 1619/1728/983 1610/1734/989
f 1607/1735/990 1606/1729/984 1616/1730/985 1617/1736/991
f 1604/1708/973 1603/1731/986 1613/1732/987 1614/1709/974
f 1601/1722/977 1600/1160/988 1610/1161/989 1611/1723/978
f 1608/1726/981 1607/1735/990 1617/1736/991 1618/1727/982
f 1624/1737/992 1620/1196/993 1622/1197/994 1625/1738/995
f 1625/1738/995 1622/1197/994 1621/1198/996 1623/1739/997
f 1627/1740/998 1624/1737/992 1625/1738/995 1628/1741/999
f 1628/1741/999 1625/1738/995 1623/1739/997 1626/1742/1000
f 1630/1743/1001 1627/1740/998 1628/1741/999 1631/1744/1002
f 1631/1744/1002 1628/1741/999 1626/1742/1000 1629/1745/1003
f 1633/1746/1004 1630/1743/1001 1631/1744/1002 1634/1747/1005
f 1634/1747/1005 1631/1744/1002 1629/1745/1003 1632/1748/1006
f 1636/1749/1007 1633/1746/1004 1634/1747/1005 1637/1750/1008
f 1637/1750/1008 1634/1747/1005 1632/1748/1006 1635/1751/1009
f 1639/1752/1010 1636/1749/1007 1637/1750/1008 1640/1753/1011
f 1640/1753/1011 1637/1750/1008 1635/1751/1009 1638/1754/1012
f 1642/1755/1013 1639/1752/1010 1640/1753/1011 1643/1756/1014
f 1643/1756/1014 1640/1753/1011 1638/1754/1012 1641/1757/1015
f 1645/1758/1016 1642/1755/1013 1643/1756/1014 1646/1759/1189
f 1646/1759/1189 1643/1756/1014 1641/1757/1015 1644/1760/1018
f 1648/1761/1019 1645/1758/1016 1646/1759/1189 1649/1762/1020
f 1649/1762/1020 1646/1759/1189 1644/1760/1018 1647/1763/1021
f 1620/1764/993 1648/1761/1019 1649/1762/1020 1622/1765/994
f 1622/1765/994 1649/1762/1020 1647/1763/1021 1621/1766/996
f 1623/1739/997 1621/1198/996 1570/1202/1022 1571/1767/1023
f 1553/1667/1024 1551/1109/1025 1620/1196/993 1624/1737/992
f 1621/1766/996 1647/1763/1021 1579/1768/1190 1570/1769/1022
f 1551/1684/1025 1569/1683/1027 1648/1761/1019 1620/1764/993
f 1555/1673/1028 1553/1667/1024 1624/1737/992 1627/1740/998
f 1626/1742/1000 1623/1739/997 1571/1767/1023 1572/1770/1029
f 1557/1674/1030 1555/1673/1028 1627/1740/998 1630/1743/1001
f 1629/1745/1003 1626/1742/1000 1572/1770/1029 1573/1771/1031
f 1559/1687/1032 1557/1674/1030 1630/1743/1001 1633/1746/1004
f 1632/1748/1006 1629/1745/1003 1573/1771/1031 1574/1772/1033
f 1635/1751/1009 1632/1748/1006 1574/1772/1033 1575/1773/1034
f 1561/1688/1035 1559/1687/1032 1633/1746/1004 1636/1749/1007
f 1563/1774/1036 1561/1688/1035 1636/1749/1007 1639/1752/1010
f 1638/1754/1012 1635/1751/1009 1575/1773/1034 1576/1775/1191
f 1565/1669/1038 1563/1774/1036 1639/1752/1010 1642/1755/1013
f 1641/1757/1015 1638/1754/1012 1576/1775/1191 1577/1776/1192
f 1567/1670/1040 1565/1669/1038 1642/1755/1013 1645/1758/1016
f 1644/1760/1018 1641/1757/1015 1577/1776/1192 1578/1777/1193
f 1569/1683/1027 1567/1670/1040 1645/1758/1016 1648/1761/1019
f 1647/1763/1021 1644/1760/1018 1578/1777/1193 1579/1768/1190
f 1654/1778/1042 1650/1241/1043 1652/1242/1044 1655/1779/1045
f 1655/1779/1045 1652/1242/1044 1651/1243/1046 1653/1780/1047
f 1657/1781/1048 1654/1778/1042 1655/1779/1045 1658/1782/1049
f 1658/1782/1049 1655/1779/1045 1653/1780/1047 1656/1783/1050
f 1660/1784/1051 1657/1781/1048 1658/1782/1049 1661/1785/1052
f 1661/1785/1052 1658/1782/1049 1656/1783/1050 1659/1786/1053
f 1663/1787/1054 1660/1784/1051 1661/1785/1052 1664/1788/1055
f 1664/1788/1055 1661/1785/1052 1659/1786/1053 1662/1789/1056
f 1666/1790/1057 1663/1787/1054 1664/1788/1055 1667/1791/1058
f 1667/1791/1058 1664/1788/1055 1662/1789/1056 1665/1792/1059
f 1669/1793/1060 1666/1790/1057 1667/1791/1058 1670/1794/1061
f 1670/1794/1061 1667/1791/1058 1665/1792/1059 1668/1795/1062
f 1672/1796/1063 1669/1793/1060 1670/1794/1061 1673/1797/1064
f 1673/1797/1064 1670/1794/1061 1668/1795/1062 1671/1798/1065
f 1675/1799/1066 1672/1796/1063 1673/1797/1064 1676/1800/1067
f 1676/1800/1067 1673/1797/1064 1671/1798/1065 1674/1801/1068
f 1678/1802/1069 1675/1799/1066 1676/1800/1067 1679/1803/1070
f 1679/1803/1070 1676/1800/1067 1674/1801/1068 1677/1804/1071
f 1650/1805/1043 1678/1802/1069 1679/1803/1070 1652/1806/1044
f 1652/1806/1044 1679/1803/1070 1677/1804/1071 1651/1807/1046
f 1653/1780/1047 1651/1243/1046 1580/1247/1072 1581/1808/1073
f 1571/1767/1023 1570/1202/1022 1650/1241/1043 1654/1778/1042
f 1651/1807/1046 1677/1804/1071 1589/1809/1074 1580/1810/1072
f 1570/1769/1022 1579/1768/1190 1678/1802/1069 1650/1805/1043
f 1572/1770/1029 1571/1767/1023 1654/1778/1042 1657/1781/1048
f 1656/1783/1050 1653/1780/1047 1581/1808/1073 1582/1811/1075
f 1573/1771/1031 1572/1770/1029 1657/1781/1048 1660/1784/1051
f 1659/1786/1053 1656/1783/1050 1582/1811/1075 1583/1812/1076
f 1574/1772/1033 1573/1771/1031 1660/1784/1051 1663/1787/1054
f 1662/1789/1056 1659/1786/1053 1583/1812/1076 1584/1813/1152
f 1575/1773/1034 1574/1772/1033 1663/1787/1054 1666/1790/1057
f 1665/1792/1059 1662/1789/1056 1584/1813/1152 1585/1814/1078
f 1576/1775/1191 1575/1773/1034 1666/1790/1057 1669/1793/1060
f 1668/1795/1062 1665/1792/1059 1585/1814/1078 1586/1815/1153
f 1577/1776/1192 1576/1775/1191 1669/1793/1060 1672/1796/1063
f 1671/1798/1065 1668/1795/1062 1586/1815/1153 1587/1816/1080
f 1578/1777/1193 1577/1776/1192 1672/1796/1063 1675/1799/1066
f 1674/1801/1068 1671/1798/1065 1587/1816/1080 1588/1817/1081
f 1677/1804/1071 1674/1801/1068 1588/1817/1081 1589/1809/1074
f 1579/1768/1190 1578/1777/1193 1675/1799/1066 1678/1802/1069
f 1683/1818/1082 1680/1275/1083 1681/1276/1084 1682/1819/1085
f 1685/1820/1086 1683/1818/1082 1682/1819/1085 1684/1821/1087
f 1687/1822/1088 1685/1820/1086 1684/1821/1087 1686/1823/1089
f 1689/1824/1090 1687/1822/1088 1686/1823/1089 1688/1825/1091
f 1691/1826/1092 1689/1824/1090 1688/1825/1091 1690/1827/1093
f 1693/1828/1094 1691/1826/1092 1690/1827/1093 1692/1829/1095
f 1695/1830/1096 1693/1828/1094 1692/1829/1095 1694/1831/1097
f 1697/1832/1098 1695/1830/1096 1694/1831/1097 1696/1833/1099
f 1699/1834/1100 1697/1832/1098 1696/1833/1099 1698/1835/1101
f 1680/1836/1083 1699/1834/1100 1698/1835/1101 1681/1837/1084
f 1682/1819/1085 1681/1276/1084 1590/1280/1102 1591/1838/1103
f 1581/1808/1073 1580/1247/1072 1680/1275/1083 1683/1818/1082
f 1681/1837/1084 1698/1835/1101 1599/1839/1104 1590/1840/1102
f 1580/1810/1072 1589/1809/1074 1699/1834/1100 1680/1836/1083
f 1582/1811/1075 1581/1808/1073 1683/1818/1082 1685/1820/1086
f 1684/1821/1087 1682/1819/1085 1591/1838/1103 1592/1841/1105
f 1583/1812/1076 1582/1811/1075 1685/1820/1086 1687/1822/1088
f 1686/1823/1089 1684/1821/1087 1592/1841/1105 1593/1842/1106
f 1584/1813/1152 1583/1812/1076 1687/1822/1088 1689/1824/1090
f 1688/1825/1091 1686/1823/1089 1593/1842/1106 1594/1843/1107
f 1690/1827/1093 1688/1825/1091 1594/1843/1107 1595/1844/1108
f 1585/1814/1078 1584/1813/1152 1689/1824/1090 1691/1826/1092
f 1586/1815/1153 1585/1814/1078 1691/1826/1092 1693/1828/1094
f 1692/1829/1095 1690/1827/1093 1595/1844/1108 1596/1845/1109
f 1587/1816/1080 1586/1815/1153 1693/1828/1094 1695/1830/1096
f 1694/1831/1097 1692/1829/1095 1596/1845/1109 1597/1846/1110
f 1588/1817/1081 1587/1816/1080 1695/1830/1096 1697/1832/1098
f 1696/1833/1099 1694/1831/1097 1597/1846/1110 1598/1847/1111
f 1589/1809/1074 1588/1817/1081 1697/1832/1098 1699/1834/1100
f 1698/1835/1101 1696/1833/1099 1598/1847/1111 1599/1839/1104
f 1704/1848/1154 1700/1318/1113 1702/1319/1114 1705/1849/1115
f 1705/1849/1115 1702/1319/1114 1701/1320/1116 1703/1850/1117
f 1707/1851/1194 1704/1848/1154 1705/1849/1115 1708/1852/1119
f 1708/1852/1119 1705/1849/1115 1703/1850/1117 1706/1853/1120
f 1710/1854/1195 1707/1851/1194 1708/1852/1119 1711/1855/1122
f 1711/1855/1122 1708/1852/1119 1706/1853/1120 1709/1856/1123
f 1713/1857/1155 1710/1854/1195 1711/1855/1122 1714/1858/1125
f 1714/1858/1125 1711/1855/1122 1709/1856/1123 1712/1859/1126
f 1716/1860/1156 1713/1857/1155 1714/1858/1125 1717/1861/1128
f 1717/1861/1128 1714/1858/1125 1712/1859/1126 1715/1862/1129
f 1719/1863/1130 1716/1860/1156 1717/1861/1128 1720/1864/1131
f 1720/1864/1131 1717/1861/1128 1715/1862/1129 1718/1865/1132
f 1722/1866/1196 1719/1863/1130 1720/1864/1131 1723/1867/1134
f 1723/1867/1134 1720/1864/1131 1718/1865/1132 1721/1868/1135
f 1725/1869/1197 1722/1866/1196 1723/1867/1134 1726/1870/1137
f 1726/1870/1137 1723/1867/1134 1721/1868/1135 1724/1871/1138
f 1728/1872/1158 1725/1869/1197 1726/1870/1137 1729/1873/1140
f 1729/1873/1140 1726/1870/1137 1724/1871/1138 1727/1874/1141
f 1700/1875/1113 1728/1872/1158 1729/1873/1140 1702/1876/1114
f 1702/1876/1114 1729/1873/1140 1727/1874/1141 1701/1877/1116
f 1703/1850/1117 1701/1320/1116 1600/1160/988 1601/1722/977
f 1591/1838/1103 1590/1280/1102 1700/1318/1113 1704/1848/1154
f 1701/1877/1116 1727/1874/1141 1609/1725/980 1600/1733/988
f 1590/1840/1102 1599/1839/1104 1728/1872/1158 1700/1875/1113
f 1592/1841/1105 1591/1838/1103 1704/1848/1154 1707/1851/1194
f 1706/1853/1120 1703/1850/1117 1601/1722/977 1602/1721/976
f 1593/1842/1106 1592/1841/1105 1707/1851/1194 1710/1854/1195
f 1709/1856/1123 1706/1853/1120 1602/1721/976 1603/1731/986
f 1594/1843/1107 1593/1842/1106 1710/1854/1195 1713/1857/1155
f 1712/1859/1126 1709/1856/1123 1603/1731/986 1604/1708/973
f 1595/1844/1108 1594/1843/1107 1713/1857/1155 1716/1860/1156
f 1715/1862/1129 1712/1859/1126 1604/1708/973 1605/1707/972
f 1596/1845/1109 1595/1844/1108 1716/1860/1156 1719/1863/1130
f 1718/1865/1132 1715/1862/1129 1605/1707/972 1606/1729/984
f 1597/1846/1110 1596/1845/1109 1719/1863/1130 1722/1866/1196
f 1721/1868/1135 1718/1865/1132 1606/1729/984 1607/1735/990
f 1598/1847/1111 1597/1846/1110 1722/1866/1196 1725/1869/1197
f 1724/1871/1138 1721/1868/1135 1607/1735/990 1608/1726/981
f 1727/1874/1141 1724/1871/1138 1608/1726/981 1609/1725/980
f 1599/1839/1104 1598/1847/1111 1725/1869/1197 1728/1872/1158
f 1568/1878/1142 1739/1693/1142 1730/1879/1143 1550/1880/1143
f 1566/1881/1144 1738/1681/1144 1739/1693/1142 1568/1878/1142
f 1564/1882/1145 1737/1677/1145 1738/1681/1144 1566/1881/1144
f 1562/1883/1146 1736/1678/1146 1737/1677/1145 1564/1882/1145
f 1560/1884/1147 1735/1885/1147 1736/1678/1146 1562/1883/1146
f 1558/1886/1148 1734/1887/1148 1735/1885/1147 1560/1884/1147
f 1556/1888/1149 1733/1889/1149 1734/1887/1148 1558/1886/1148
f 1554/1890/1150 1732/1695/1150 1733/1889/1149 1556/1888/1149
f 1552/1891/1151 1731/1691/1151 1732/1695/1150 1554/1890/1150
f 1550/1323/1143 1730/1322/1143 1731/1691/1151 1552/1891/1151
f 1742/1340/1143 1741/1110/1143 1740/1668/1151 1751/1692/1151
f 1751/1692/1151 1740/1668/1151 1743/1676/1150 1752/1696/1150
f 1752/1696/1150 1743/1676/1150 1744/1675/1149 1753/1892/1149
f 1753/1892/1149 1744/1675/1149 1745/1690/1148 1754/1893/1148
f 1754/1893/1148 1745/1690/1148 1746/1689/1147 1755/1894/1147
f 1755/1894/1147 1746/1689/1147 1747/1895/1146 1756/1679/1146
f 1756/1679/1146 1747/1895/1146 1748/1672/1145 1757/1680/1145
f 1757/1680/1145 1748/1672/1145 1749/1671/1144 1758/1682/1144
f 1758/1682/1144 1749/1671/1144 1750/1686/1142 1759/1694/1142
f 1759/1694/1142 1750/1686/1142 1741/1685/1143 1742/1896/1143
f 1736/1678/971 1735/1885/971 1755/1894/971 1756/1679/971
f 1561/1688/9 1563/1774/9 1747/1895/9 1746/1689/9
f 1735/1885/971 1734/1887/971 1754/1893/971 1755/1894/971
f 1734/1887/971 1733/1889/971 1753/1892/971 1754/1893/971
f 1557/1674/9 1559/1687/9 1745/1690/9 1744/1675/9
f 1567/1670/9 1569/1683/9 1750/1686/9 1749/1671/9
f 1733/1889/971 1732/1695/971 1752/1696/971 1753/1892/971
f 1730/1879/971 1739/1693/971 1759/1694/971 1742/1896/971
f 1553/1667/9 1555/1673/9 1743/1676/9 1740/1668/9
f 1563/1774/9 1565/1669/9 1748/1672/9 1747/1895/9
f 1763/1897/9 1761/1898/9 1760/1591/9 1762/1590/9
f 1764/1899/1159 1767/1900/1160 1768/1901/1198 1770/1902/1162
f 1765/1903/1163 1769/1904/1164 1768/1901/1198 1767/1900/1160
f 1766/1905/1165 1770/1902/1162 1768/1901/1198 1769/1904/1164
f 1771/1906/1166 1774/1907/1167 1775/1908/1199 1777/1909/1169
f 1772/1910/1170 1776/1911/1171 1775/1908/1199 1774/1907/1167
f 1773/1912/1172 1777/1909/1169 1775/1908/1199 1776/1911/1171
f 1778/1913/1173 1781/1914/1174 1782/1915/1200 1784/1916/1176
f 1779/1917/1177 1783/1918/1178 1782/1915/1200 1781/1914/1174
f 1780/1919/1179 1784/1916/1176 1782/1915/1200 1783/1918/1178
f 1785/1920/1180 1788/1921/1181 1789/1922/1201 1791/1923/1183
f 1786/1924/1184 1790/1925/1185 1789/1922/1201 1788/1921/1181
f 1787/1926/1186 1791/1923/1183 1789/1922/1201 1790/1925/1185
f 1771/1906/1166 1777/1909/1169 1773/1912/1172 1785/1920/1180 1791/1923/1183 1787/1926/1186 1778/1913/1173 1784/1916/1176 1780/1919/1179 1764/1899/1159 1770/1902/1162 1766/1905/1165
f 1766/1927/1165 1769/1928/1164 1765/1929/1163 1760/1930/1187 1761/1931/1187 1772/1932/1170 1774/1933/1167 1771/1934/1166
f 1780/1935/1179 1783/1936/1178 1779/1937/1177 1762/1938/1147 1760/1939/1147 1765/1940/1163 1767/1941/1160 1764/1942/1159
f 1773/1943/1172 1776/1944/1171 1772/1932/1170 1761/1931/1143 1763/1945/1143 1786/1946/1184 1788/1947/1181 1785/1948/1180
f 1787/1949/1186 1790/1950/1185 1786/1951/1184 1763/1952/1188 1762/1953/1188 1779/1954/1177 1781/1955/1174 1778/1956/1173
f 1795/1957/9 1793/1958/9 1792/1898/9 1794/1897/9
f 1796/1959/1159 1799/1960/1160 1800/1961/1202 1802/1962/1162
f 1797/1917/1163 1801/1963/1164 1800/1961/1202 1799/1960/1160
f 1798/1964/1165 1802/1962/1162 1800/1961/1202 1801/1963/1164
f 1803/1965/1166 1806/1966/1167 1807/1967/1203 1809/1968/1169
f 1804/1924/1170 1808/1969/1171 1807/1967/1203 1806/1966/1167
f 1805/1970/1172 1809/1968/1169 1807/1967/1203 1808/1969/1171
f 1810/1971/1173 1813/1972/1174 1814/1973/1200 1816/1974/1176
f 1811/1598/1177 1815/1975/1178 1814/1973/1200 1813/1972/1174
f 1812/1976/1179 1816/1974/1176 1814/1973/1200 1815/1975/1178
f 1817/1977/1180 1820/1978/1181 1821/1979/1204 1823/1980/1183
f 1818/1605/1184 1822/1981/1185 1821/1979/1204 1820/1978/1181
f 1819/1982/1186 1823/1980/1183 1821/1979/1204 1822/1981/1185
f 1803/1965/1166 1809/1968/1169 1805/1970/1172 1817/1977/1180 1823/1980/1183 1819/1982/1186 1810/1971/1173 1816/1974/1176 1812/1976/1179 1796/1959/1159 1802/1962/1162 1798/1964/1165
f 1798/1983/1165 1801/1984/1164 1797/1985/1163 1792/1986/1187 1793/1987/1187 1804/1988/1170 1806/1989/1167 1803/1990/1166
f 1812/1991/1179 1815/1992/1178 1811/1993/1177 1794/1994/1147 1792/1995/1147 1797/1996/1163 1799/1997/1160 1796/1998/1159
f 1805/1999/1172 1808/2000/1171 1804/1988/1170 1793/1987/1143 1795/2001/1143 1818/2002/1184 1820/2003/1181 1817/2004/1180
f 1819/2005/1186 1822/2006/1185 1818/2007/1184 1795/2008/1188 1794/1994/1188 1811/1993/1177 1813/2009/1174 1810/2010/1173
f 1825/1684/9 1827/2011/9 2014/2012/9 2015/1685/9
f 1839/2013/9 1841/2014/9 2023/2015/9 2022/2016/9
f 1829/2017/9 1831/2018/9 2018/2019/9 2017/2020/9
f 2011/2021/971 2010/2022/971 2030/2023/971 2031/2024/971
f 2012/2025/971 2011/2021/971 2031/2024/971 2032/2026/971
f 1843/2027/9 1825/2028/9 2015/2029/9 2024/2030/9
f 1833/2031/9 1835/2032/9 2020/2033/9 2019/2034/9
f 2005/2035/971 2004/1879/971 2016/1896/971 2025/2036/971
f 2013/2037/971 2012/2025/971 2032/2026/971 2033/2038/971
f 2006/2039/971 2005/2035/971 2025/2036/971 2026/2040/971
f 1824/2041/971 1826/2042/971 1828/1705/971 1830/1704/971 1832/2043/971 1834/2044/971 1836/2045/971 1838/2046/971 1840/2047/971 1842/2048/971
f 1879/2049/972 1878/2050/973 1888/2051/974 1889/2052/975
f 1885/2053/9 1884/2054/9 1893/2055/9 1892/2056/9 1891/2057/9 1890/1388/9 1889/1387/9 1888/2058/9 1887/2059/9 1886/2060/9
f 1876/2061/976 1875/2062/977 1885/2063/978 1886/2064/979
f 1883/2065/980 1882/2066/981 1892/2067/982 1893/2068/983
f 1880/2069/984 1879/2049/972 1889/2052/975 1890/2070/985
f 1877/2071/986 1876/2061/976 1886/2064/979 1887/2072/987
f 1874/2073/988 1883/2065/980 1893/2068/983 1884/2074/989
f 1881/2075/990 1880/2069/984 1890/2070/985 1891/2076/991
f 1878/2050/973 1877/2071/986 1887/2072/987 1888/2051/974
f 1875/2062/977 1874/1733/988 1884/1734/989 1885/2063/978
f 1882/2066/981 1881/2075/990 1891/2076/991 1892/2067/982
f 1898/2077/992 1894/1764/993 1896/1765/1205 1899/2078/995
f 1899/2078/995 1896/1765/1205 1895/1766/996 1897/2079/997
f 1901/2080/998 1898/2077/992 1899/2078/995 1902/2081/999
f 1902/2081/999 1899/2078/995 1897/2079/997 1900/2082/1000
f 1904/2083/1001 1901/2080/998 1902/2081/999 1905/2084/1002
f 1905/2084/1002 1902/2081/999 1900/2082/1000 1903/2085/1003
f 1907/2086/1004 1904/2083/1001 1905/2084/1002 1908/2087/1005
f 1908/2087/1005 1905/2084/1002 1903/2085/1003 1906/2088/1006
f 1910/2089/1007 1907/2086/1004 1908/2087/1005 1911/2090/1008
f 1911/2090/1008 1908/2087/1005 1906/2088/1006 1909/2091/1009
f 1913/2092/1010 1910/2089/1007 1911/2090/1008 1914/2093/1011
f 1914/2093/1011 1911/2090/1008 1909/2091/1009 1912/2094/1012
f 1916/2095/1013 1913/2092/1010 1914/2093/1011 1917/2096/1206
f 1917/2096/1206 1914/2093/1011 1912/2094/1012 1915/2097/1015
f 1919/2098/1016 1916/2095/1013 1917/2096/1206 1920/2099/1017
f 1920/2099/1017 1917/2096/1206 1915/2097/1015 1918/2100/1018
f 1922/2101/1019 1919/2098/1016 1920/2099/1017 1923/2102/1020
f 1923/2102/1020 1920/2099/1017 1918/2100/1018 1921/2103/1021
f 1894/2104/993 1922/2101/1019 1923/2102/1020 1896/2105/1205
f 1896/2105/1205 1923/2102/1020 1921/2103/1021 1895/2106/996
f 1897/2079/997 1895/1766/996 1844/1769/1022 1845/2107/1023
f 1827/2011/1024 1825/1684/1025 1894/1764/993 1898/2077/992
f 1895/2106/996 1921/2103/1021 1853/2108/1190 1844/2109/1022
f 1825/2028/1025 1843/2027/1027 1922/2101/1019 1894/2104/993
f 1829/2017/1028 1827/2011/1024 1898/2077/992 1901/2080/998
f 1900/2082/1000 1897/2079/997 1845/2107/1023 1846/2110/1029
f 1831/2018/1030 1829/2017/1028 1901/2080/998 1904/2083/1001
f 1903/2085/1003 1900/2082/1000 1846/2110/1029 1847/2111/1031
f 1833/2031/1032 1831/2018/1030 1904/2083/1001 1907/2086/1004
f 1906/2088/1006 1903/2085/1003 1847/2111/1031 1848/2112/1033
f 1909/2091/1009 1906/2088/1006 1848/2112/1033 1849/2113/1034
f 1835/2032/1035 1833/2031/1032 1907/2086/1004 1910/2089/1007
f 1837/2114/1036 1835/2032/1035 1910/2089/1007 1913/2092/1010
f 1912/2094/1012 1909/2091/1009 1849/2113/1034 1850/2115/1191
f 1839/2013/1038 1837/2114/1036 1913/2092/1010 1916/2095/1013
f 1915/2097/1015 1912/2094/1012 1850/2115/1191 1851/2116/1192
f 1841/2014/1040 1839/2013/1038 1916/2095/1013 1919/2098/1016
f 1918/2100/1018 1915/2097/1015 1851/2116/1192 1852/2117/1193
f 1843/2027/1027 1841/2014/1040 1919/2098/1016 1922/2101/1019
f 1921/2103/1021 1918/2100/1018 1852/2117/1193 1853/2108/1190
f 1928/2118/1042 1924/1805/1043 1926/1806/1044 1929/2119/1045
f 1929/2119/1045 1926/1806/1044 1925/1807/1046 1927/2120/1047
f 1931/2121/1048 1928/2118/1042 1929/2119/1045 1932/2122/1049
f 1932/2122/1049 1929/2119/1045 1927/2120/1047 1930/2123/1050
f 1934/2124/1051 1931/2121/1048 1932/2122/1049 1935/2125/1052
f 1935/2125/1052 1932/2122/1049 1930/2123/1050 1933/2126/1053
f 1937/2127/1054 1934/2124/1051 1935/2125/1052 1938/2128/1055
f 1938/2128/1055 1935/2125/1052 1933/2126/1053 1936/2129/1056
f 1940/2130/1057 1937/2127/1054 1938/2128/1055 1941/2131/1058
f 1941/2131/1058 1938/2128/1055 1936/2129/1056 1939/2132/1059
f 1943/2133/1060 1940/2130/1057 1941/2131/1058 1944/2134/1061
f 1944/2134/1061 1941/2131/1058 1939/2132/1059 1942/2135/1062
f 1946/2136/1063 1943/2133/1060 1944/2134/1061 1947/2137/1064
f 1947/2137/1064 1944/2134/1061 1942/2135/1062 1945/2138/1065
f 1949/2139/1066 1946/2136/1063 1947/2137/1064 1950/2140/1067
f 1950/2140/1067 1947/2137/1064 1945/2138/1065 1948/2141/1068
f 1952/2142/1069 1949/2139/1066 1950/2140/1067 1953/2143/1070
f 1953/2143/1070 1950/2140/1067 1948/2141/1068 1951/2144/1071
f 1924/2145/1043 1952/2142/1069 1953/2143/1070 1926/2146/1044
f 1926/2146/1044 1953/2143/1070 1951/2144/1071 1925/2147/1046
f 1927/2120/1047 1925/1807/1046 1854/1810/1072 1855/2148/1073
f 1845/2107/1023 1844/1769/1022 1924/1805/1043 1928/2118/1042
f 1925/2147/1046 1951/2144/1071 1863/2149/1074 1854/2150/1072
f 1844/2109/1022 1853/2108/1190 1952/2142/1069 1924/2145/1043
f 1846/2110/1029 1845/2107/1023 1928/2118/1042 1931/2121/1048
f 1930/2123/1050 1927/2120/1047 1855/2148/1073 1856/2151/1075
f 1847/2111/1031 1846/2110/1029 1931/2121/1048 1934/2124/1051
f 1933/2126/1053 1930/2123/1050 1856/2151/1075 1857/2152/1076
f 1848/2112/1033 1847/2111/1031 1934/2124/1051 1937/2127/1054
f 1936/2129/1056 1933/2126/1053 1857/2152/1076 1858/2153/1077
f 1849/2113/1034 1848/2112/1033 1937/2127/1054 1940/2130/1057
f 1939/2132/1059 1936/2129/1056 1858/2153/1077 1859/2154/1078
f 1850/2115/1191 1849/2113/1034 1940/2130/1057 1943/2133/1060
f 1942/2135/1062 1939/2132/1059 1859/2154/1078 1860/2155/1079
f 1851/2116/1192 1850/2115/1191 1943/2133/1060 1946/2136/1063
f 1945/2138/1065 1942/2135/1062 1860/2155/1079 1861/2156/1080
f 1852/2117/1193 1851/2116/1192 1946/2136/1063 1949/2139/1066
f 1948/2141/1068 1945/2138/1065 1861/2156/1080 1862/2157/1081
f 1951/2144/1071 1948/2141/1068 1862/2157/1081 1863/2149/1074
f 1853/2108/1190 1852/2117/1193 1949/2139/1066 1952/2142/1069
f 1957/2158/1082 1954/1836/1083 1955/1837/1084 1956/2159/1085
f 1959/2160/1086 1957/2158/1082 1956/2159/1085 1958/2161/1087
f 1961/2162/1088 1959/2160/1086 1958/2161/1087 1960/2163/1089
f 1963/2164/1090 1961/2162/1088 1960/2163/1089 1962/2165/1091
f 1965/2166/1092 1963/2164/1090 1962/2165/1091 1964/2167/1093
f 1967/2168/1094 1965/2166/1092 1964/2167/1093 1966/2169/1095
f 1969/2170/1096 1967/2168/1094 1966/2169/1095 1968/2171/1097
f 1971/2172/1098 1969/2170/1096 1968/2171/1097 1970/2173/1099
f 1973/2174/1100 1971/2172/1098 1970/2173/1099 1972/2175/1101
f 1954/2176/1083 1973/2174/1100 1972/2175/1101 1955/2177/1084
f 1956/2159/1085 1955/1837/1084 1864/1840/1102 1865/2178/1103
f 1855/2148/1073 1854/1810/1072 1954/1836/1083 1957/2158/1082
f 1955/2177/1084 1972/2175/1101 1873/2179/1104 1864/2180/1102
f 1854/2150/1072 1863/2149/1074 1973/2174/1100 1954/2176/1083
f 1856/2151/1075 1855/2148/1073 1957/2158/1082 1959/2160/1086
f 1958/2161/1087 1956/2159/1085 1865/2178/1103 1866/2181/1105
f 1857/2152/1076 1856/2151/1075 1959/2160/1086 1961/2162/1088
f 1960/2163/1089 1958/2161/1087 1866/2181/1105 1867/2182/1106
f 1858/2153/1077 1857/2152/1076 1961/2162/1088 1963/2164/1090
f 1962/2165/1091 1960/2163/1089 1867/2182/1106 1868/2183/1107
f 1964/2167/1093 1962/2165/1091 1868/2183/1107 1869/2184/1108
f 1859/2154/1078 1858/2153/1077 1963/2164/1090 1965/2166/1092
f 1860/2155/1079 1859/2154/1078 1965/2166/1092 1967/2168/1094
f 1966/2169/1095 1964/2167/1093 1869/2184/1108 1870/2185/1109
f 1861/2156/1080 1860/2155/1079 1967/2168/1094 1969/2170/1096
f 1968/2171/1097 1966/2169/1095 1870/2185/1109 1871/2186/1110
f 1862/2157/1081 1861/2156/1080 1969/2170/1096 1971/2172/1098
f 1970/2173/1099 1968/2171/1097 1871/2186/1110 1872/2187/1111
f 1863/2149/1074 1862/2157/1081 1971/2172/1098 1973/2174/1100
f 1972/2175/1101 1970/2173/1099 1872/2187/1111 1873/2179/1104
f 1978/2188/1112 1974/1875/1113 1976/1876/1114 1979/2189/1115
f 1979/2189/1115 1976/1876/1114 1975/1877/1116 1977/2190/1117
f 1981/2191/1194 1978/2188/1112 1979/2189/1115 1982/2192/1119
f 1982/2192/1119 1979/2189/1115 1977/2190/1117 1980/2193/1120
f 1984/2194/1195 1981/2191/1194 1982/2192/1119 1985/2195/1122
f 1985/2195/1122 1982/2192/1119 1980/2193/1120 1983/2196/1123
f 1987/2197/1124 1984/2194/1195 1985/2195/1122 1988/2198/1125
f 1988/2198/1125 1985/2195/1122 1983/2196/1123 1986/2199/1126
f 1990/2200/1127 1987/2197/1124 1988/2198/1125 1991/2201/1128
f 1991/2201/1128 1988/2198/1125 1986/2199/1126 1989/2202/1129
f 1993/2203/1130 1990/2200/1127 1991/2201/1128 1994/2204/1131
f 1994/2204/1131 1991/2201/1128 1989/2202/1129 1992/2205/1132
f 1996/2206/1133 1993/2203/1130 1994/2204/1131 1997/2207/1134
f 1997/2207/1134 1994/2204/1131 1992/2205/1132 1995/2208/1135
f 1999/2209/1136 1996/2206/1133 1997/2207/1134 2000/2210/1137
f 2000/2210/1137 1997/2207/1134 1995/2208/1135 1998/2211/1138
f 2002/2212/1139 1999/2209/1136 2000/2210/1137 2003/2213/1140
f 2003/2213/1140 2000/2210/1137 1998/2211/1138 2001/2214/1141
f 1974/2215/1113 2002/2212/1139 2003/2213/1140 1976/2216/1114
f 1976/2216/1114 2003/2213/1140 2001/2214/1141 1975/2217/1116
f 1977/2190/1117 1975/1877/1116 1874/1733/988 1875/2062/977
f 1865/2178/1103 1864/1840/1102 1974/1875/1113 1978/2188/1112
f 1975/2217/1116 2001/2214/1141 1883/2065/980 1874/2073/988
f 1864/2180/1102 1873/2179/1104 2002/2212/1139 1974/2215/1113
f 1866/2181/1105 1865/2178/1103 1978/2188/1112 1981/2191/1194
f 1980/2193/1120 1977/2190/1117 1875/2062/977 1876/2061/976
f 1867/2182/1106 1866/2181/1105 1981/2191/1194 1984/2194/1195
f 1983/2196/1123 1980/2193/1120 1876/2061/976 1877/2071/986
f 1868/2183/1107 1867/2182/1106 1984/2194/1195 1987/2197/1124
f 1986/2199/1126 1983/2196/1123 1877/2071/986 1878/2050/973
f 1869/2184/1108 1868/2183/1107 1987/2197/1124 1990/2200/1127
f 1989/2202/1129 1986/2199/1126 1878/2050/973 1879/2049/972
f 1870/2185/1109 1869/2184/1108 1990/2200/1127 1993/2203/1130
f 1992/2205/1132 1989/2202/1129 1879/2049/972 1880/2069/984
f 1871/2186/1110 1870/2185/1109 1993/2203/1130 1996/2206/1133
f 1995/2208/1135 1992/2205/1132 1880/2069/984 1881/2075/990
f 1872/2187/1111 1871/2186/1110 1996/2206/1133 1999/2209/1136
f 1998/2211/1138 1995/2208/1135 1881/2075/990 1882/2066/981
f 2001/2214/1141 1998/2211/1138 1882/2066/981 1883/2065/980
f 1873/2179/1104 1872/2187/1111 1999/2209/1136 2002/2212/1139
f 1842/2218/1142 2013/2037/1142 2004/2219/1143 1824/2220/1143
f 1840/2221/1144 2012/2025/1144 2013/2037/1142 1842/2218/1142
f 1838/2222/1145 2011/2021/1145 2012/2025/1144 1840/2221/1144
f 1836/2223/1146 2010/2022/1146 2011/2021/1145 1838/2222/1145
f 1834/2224/1147 2009/2225/1147 2010/2022/1146 1836/2223/1146
f 1832/2226/1148 2008/2227/1148 2009/2225/1147 1834/2224/1147
f 1830/2228/1149 2007/2229/1149 2008/2227/1148 1832/2226/1148
f 1828/2230/1150 2006/2039/1150 2007/2229/1149 1830/2228/1149
f 1826/2231/1151 2005/2035/1151 2006/2039/1150 1828/2230/1150
f 1824/1880/1143 2004/1879/1143 2005/2035/1151 1826/2231/1151
f 2016/1896/1143 2015/1685/1143 2014/2012/1151 2025/2036/1151
f 2025/2036/1151 2014/2012/1151 2017/2020/1150 2026/2040/1150
f 2026/2040/1150 2017/2020/1150 2018/2019/1149 2027/2232/1149
f 2027/2232/1149 2018/2019/1149 2019/2034/1148 2028/2233/1148
f 2028/2233/1148 2019/2034/1148 2020/2033/1147 2029/2234/1147
f 2029/2234/1147 2020/2033/1147 2021/2235/1146 2030/2023/1146
f 2030/2023/1146 2021/2235/1146 2022/2016/1145 2031/2024/1145
f 2031/2024/1145 2022/2016/1145 2023/2015/1144 2032/2026/1144
f 2032/2026/1144 2023/2015/1144 2024/2030/1142 2033/2038/1142
f 2033/2038/1142 2024/2030/1142 2015/2029/1143 2016/2236/1143
f 2010/2022/971 2009/2225/971 2029/2234/971 2030/2023/971
f 1835/2032/9 1837/2114/9 2021/2235/9 2020/2033/9
f 2009/2225/971 2008/2227/971 2028/2233/971 2029/2234/971
f 2008/2227/971 2007/2229/971 2027/2232/971 2028/2233/971
f 1831/2018/9 1833/2031/9 2019/2034/9 2018/2019/9
f 1841/2014/9 1843/2027/9 2024/2030/9 2023/2015/9
f 2007/2229/971 2006/2039/971 2026/2040/971 2027/2232/971
f 2004/2219/971 2013/2037/971 2033/2038/971 2016/2236/971
f 1827/2011/9 1829/2017/9 2017/2020/9 2014/2012/9
f 1837/2114/9 1839/2013/9 2022/2016/9 2021/2235/9
f 2037/2237/9 2035/2238/9 2034/1626/9 2036/1625/9
f 2038/2239/1159 2041/2240/1160 2042/2241/1198 2044/2242/1162
f 2039/2243/1163 2043/2244/1164 2042/2241/1198 2041/2240/1160
f 2040/2245/1165 2044/2242/1162 2042/2241/1198 2043/2244/1164
f 2045/2246/1166 2048/2247/1167 2049/2248/1203 2051/2249/1169
f 2046/2250/1170 2050/2251/1171 2049/2248/1203 2048/2247/1167
f 2047/2252/1172 2051/2249/1169 2049/2248/1203 2050/2251/1171
f 2052/2253/1173 2055/2254/1174 2056/2255/1200 2058/2256/1176
f 2053/2257/1177 2057/2258/1178 2056/2255/1200 2055/2254/1174
f 2054/2259/1179 2058/2256/1176 2056/2255/1200 2057/2258/1178
f 2059/2260/1180 2062/2261/1181 2063/2262/1204 2065/2263/1183
f 2060/2264/1184 2064/2265/1185 2063/2262/1204 2062/2261/1181
f 2061/2266/1186 2065/2263/1183 2063/2262/1204 2064/2265/1185
f 2045/2246/1166 2051/2249/1169 2047/2252/1172 2059/2260/1180 2065/2263/1183 2061/2266/1186 2052/2253/1173 2058/2256/1176 2054/2259/1179 2038/2239/1159 2044/2242/1162 2040/2245/1165
f 2040/2267/1165 2043/2268/1164 2039/2269/1163 2034/2270/1187 2035/2271/1187 2046/2272/1170 2048/2273/1167 2045/2274/1166
f 2054/2275/1179 2057/2276/1178 2053/2277/1177 2036/2278/1147 2034/2279/1147 2039/2280/1163 2041/2281/1160 2038/2282/1159
f 2047/2283/1172 2050/2284/1171 2046/2272/1170 2035/2271/1143 2037/2264/1143 2060/2285/1184 2062/2286/1181 2059/2287/1180
f 2061/2288/1186 2064/2289/1185 2060/2290/1184 2037/1593/1188 2036/1592/1188 2053/2291/1177 2055/2292/1174 2052/2293/1173
f 2066/2294/1187 2067/2295/1187 2069/2296/1187 2068/2297/1187
f 2068/2298/1143 2069/2296/1143 2073/2299/1143 2072/2300/1143
f 2072/2301/1188 2073/2299/1188 2071/2302/1188 2070/2303/1188
f 2070/2304/1147 2071/2302/1147 2067/2295/1147 2066/2305/1147
f 2068/2306/971 2072/2307/971 2070/1038/971 2066/1664/971
f 2073/2299/9 2069/2296/9 2067/2295/9 2071/2302/9
f 3162/1/1207 2566/4/1208 2077/3/1209 2365/2/1210
f 3161/5/1211 2562/8/1212 2081/7/1213 2371/6/1214
f 3160/9/971 2569/12/971 2082/11/971 2372/10/971
f 3159/13/1215 2570/16/1216 2080/15/1217 2369/14/1218
f 3158/17/1219 2558/20/1220 2094/19/1221 2387/18/1222
f 3157/21/1223 2573/24/1224 2095/23/1225 2388/22/1226
f 3156/25/1227 2574/28/1228 2089/27/1229 2381/26/1230
f 3155/29/1231 2557/32/1232 2093/31/1233 2391/30/1234
f 3154/33/1235 2577/36/1236 2096/35/1237 2392/34/1238
f 3153/37/1239 2578/40/1240 2092/39/1241 2384/38/1242
f 3152/41/1243 2550/44/1244 2086/43/1245 2395/42/1246
f 3151/45/1247 2581/48/1248 2097/47/1249 2396/46/1250
f 3150/49/971 2582/52/1251 2091/51/1252 2383/50/971
f 3149/53/1253 2554/56/1254 2090/55/1255 2399/54/1256
f 3148/57/1257 2585/60/1258 2098/59/1259 2400/58/1260
f 3147/61/1261 2586/64/1262 2085/63/1263 2377/62/1264
f 3146/65/1265 2546/68/1266 2138/67/1267 2443/66/1268
f 3145/69/1269 2589/72/1270 2139/71/1271 2444/70/1272
f 3144/73/1273 2590/76/1274 2113/75/1275 2417/74/1276
f 3143/77/1277 2545/80/1278 2137/79/1279 2447/78/1280
f 3142/81/971 2593/84/971 2140/83/1281 2448/82/1281
f 3141/85/1282 2594/88/1283 2136/87/1284 2440/86/1285
f 3140/89/1286 2514/92/1287 2106/91/1288 2451/90/1289
f 3139/93/1290 2597/96/1291 2141/95/1292 2452/94/1293
f 3138/97/1294 2598/100/1295 2135/99/1296 2439/98/1297
f 3137/101/1298 2542/104/1299 2134/103/1300 2455/102/1301
f 3136/105/1302 2601/108/1303 2142/107/1301 2456/106/1301
f 3135/109/971 2602/112/971 2119/111/971 2423/110/971
f 3134/113/1304 2541/116/1305 2133/115/1306 2459/114/1307
f 3133/117/1308 2605/120/1309 2143/119/1310 2460/118/1311
f 3132/121/1312 2606/124/1313 2132/123/1314 2436/122/1315
f 3131/125/1316 2510/128/1317 2102/127/1318 2463/126/1319
f 3130/129/1320 2609/132/1321 2144/131/1322 2464/130/1323
f 3129/133/1324 2610/136/1325 2131/135/1326 2435/134/1327
f 3128/137/1328 2538/140/1329 2130/139/1330 2467/138/1331
f 3127/141/1332 2613/144/1333 2145/143/1334 2468/142/1335
f 3126/145/1336 2614/148/1337 2120/147/1338 2424/146/1339
f 3125/149/1340 2537/152/1341 2129/151/1342 2471/150/1343
f 3124/153/1344 2617/156/1345 2146/155/1346 2472/154/1347
f 3123/157/1348 2618/160/1349 2128/159/1350 2432/158/1351
f 3122/161/1352 2517/164/1353 2109/163/1354 2475/162/1355
f 3121/165/1356 2621/168/1357 2147/167/1358 2476/166/1359
f 3120/169/1360 2622/172/1361 2127/171/1362 2431/170/1363
f 3119/173/1364 2534/176/1365 2126/175/1366 2479/174/1367
f 3118/177/1368 2625/180/1369 2148/179/1370 2480/178/1371
f 3117/181/1372 2626/184/1373 2117/183/1374 2421/182/1375
f 3116/185/1376 2533/188/1377 2125/187/1378 2483/186/1379
f 3115/189/1380 2629/192/1381 2149/191/1382 2484/190/1383
f 3114/193/1384 2630/196/1385 2124/195/1386 2428/194/1387
f 3113/197/971 2518/200/971 2110/199/1281 2487/198/1281
f 3112/201/971 2633/204/971 2150/203/1388 2488/202/1388
f 3111/205/1389 2634/208/1390 2123/207/1391 2427/206/1392
f 3110/209/1393 2530/212/1394 2122/211/1395 2491/210/1396
f 3109/213/1397 2637/216/1398 2151/215/1399 2492/214/1400
f 3108/217/1401 2638/220/1402 2105/219/1403 2409/218/1404
f 3107/221/1405 2529/224/1406 2121/223/1301 2495/222/1301
f 3106/225/1407 2641/228/1408 2152/227/971 2496/226/971
f 3105/229/971 2642/232/971 2108/231/971 2412/230/971
f 3104/233/1409 2522/236/1410 2114/235/1411 2499/234/1412
f 3103/237/1413 2645/240/1414 2153/239/1415 2500/238/1416
f 3102/241/1417 2646/244/1418 2107/243/1419 2411/242/1420
f 3101/245/1421 2526/248/1422 2118/247/1423 2503/246/1424
f 3100/249/1425 2649/252/1426 2154/251/1427 2504/250/1428
f 3099/253/1429 2650/256/1430 2101/255/1431 2405/254/1432
f 3098/257/1433 2506/260/1434 2298/259/1435 2651/258/1436
f 3097/261/1437 2653/264/1438 2299/263/1439 2652/262/1440
f 3096/265/1441 2654/268/1442 2197/267/1443 2549/266/1444
f 3095/269/1445 2505/272/1446 2297/271/1447 2655/270/1448
f 3094/273/1449 2657/276/1450 2300/275/1451 2656/274/1452
f 3093/277/1453 2658/280/1454 2296/279/1455 2648/278/1456
f 3092/281/1457 2382/284/1458 2174/283/1459 2659/282/1460
f 3091/285/1461 2661/288/1462 2301/287/1463 2660/286/1464
f 3090/289/1465 2662/292/1466 2295/291/1467 2647/290/1468
f 3089/293/1469 2502/296/1470 2294/295/1471 2663/294/1472
f 3088/297/1473 2665/300/1474 2302/299/1475 2664/298/1476
f 3087/301/1477 2666/304/1478 2203/303/1479 2555/302/1480
f 3086/305/1481 2501/308/1482 2293/307/1483 2667/306/1484
f 3085/309/1485 2669/312/1486 2303/311/1487 2668/310/1488
f 3084/313/1489 2670/316/1490 2292/315/1491 2644/314/1492
f 3083/317/1493 2378/320/1494 2170/319/1495 2671/318/1496
f 3082/321/1497 2673/324/1498 2304/323/1499 2672/322/1500
f 3081/325/1501 2674/328/1502 2291/327/1503 2643/326/1504
f 3080/329/1505 2498/332/971 2290/331/1301 2675/330/971
f 3079/333/1506 2677/336/1507 2305/335/971 2676/334/1508
f 3078/337/1509 2678/340/971 2204/339/971 2556/338/1510
f 3077/341/1511 2497/344/1512 2289/343/1513 2679/342/1514
f 3076/345/1515 2681/348/1516 2306/347/1517 2680/346/1518
f 3075/349/1519 2682/352/1520 2288/351/1521 2640/350/1522
f 3074/353/1523 2385/356/1524 2177/355/1525 2683/354/1526
f 3073/357/1527 2685/360/1528 2307/359/1529 2684/358/1530
f 3072/361/1531 2686/364/1532 2287/363/1301 2639/362/971
f 3071/365/1533 2494/368/1534 2286/367/1535 2687/366/1536
f 3070/369/1537 2689/372/1538 2308/371/1539 2688/370/1540
f 3069/373/1541 2690/376/1542 2201/375/1543 2553/374/1544
f 3068/377/1545 2493/380/1546 2285/379/1547 2691/378/1548
f 3067/381/1549 2693/384/1550 2309/383/1551 2692/382/1552
f 3066/385/1553 2694/388/1554 2284/387/1555 2636/386/1556
f 3065/389/1557 2386/392/1558 2178/391/607 2695/390/1559
f 3064/393/596 2697/396/1560 2310/395/1561 2696/394/1562
f 3063/397/1563 2698/400/1564 2283/399/1565 2635/398/1566
f 3062/401/1567 2490/404/1568 2282/403/1569 2699/402/1570
f 3061/405/1571 2701/408/1572 2311/407/1573 2700/406/1574
f 3060/409/1575 2702/412/1576 2219/411/1577 2571/410/1578
f 3059/413/971 2489/416/971 2281/415/971 2703/414/971
f 3058/417/1579 2705/420/971 2312/419/971 2704/418/1579
f 3057/421/1580 2706/424/971 2280/423/1388 2632/422/1581
f 3056/425/971 2374/428/971 2166/427/971 2707/426/971
f 3055/429/971 2709/432/971 2313/431/971 2708/430/971
f 3054/433/971 2710/436/971 2279/435/1281 2631/434/1281
f 3053/437/1582 2486/440/1583 2278/439/1584 2711/438/1585
f 3052/441/1586 2713/444/1587 2314/443/1588 2712/442/1589
f 3051/445/1590 2714/448/1591 2220/447/1592 2572/446/1593
f 3050/449/1594 2485/452/1595 2277/451/1596 2715/450/1597
f 3049/453/1598 2717/456/1599 2315/455/1600 2716/454/1601
f 3048/457/1602 2718/460/1603 2276/459/1604 2628/458/1605
f 3047/461/1606 2389/464/1607 2181/463/1608 2719/462/1609
f 3046/465/1610 2721/468/1611 2316/467/1612 2720/466/1613
f 3045/469/1614 2722/472/1615 2275/471/1616 2627/470/1617
f 3044/473/1618 2482/476/1619 2274/475/1620 2723/474/1621
f 3043/477/1622 2725/480/1623 2317/479/1624 2724/478/1625
f 3042/481/1626 2726/484/1627 2213/483/1628 2565/482/1629
f 3041/485/1630 2481/488/1631 2273/487/1632 2727/486/1633
f 3040/489/1634 2729/492/1635 2318/491/1636 2728/490/1637
f 3039/493/1638 2730/496/1639 2272/495/1640 2624/494/1641
f 3038/497/1642 2390/500/1643 2182/499/1644 2731/498/1645
f 3037/501/1646 2733/504/1647 2319/503/1648 2732/502/1649
f 3036/505/1650 2734/508/1651 2271/507/1652 2623/506/1653
f 3035/509/1654 2478/512/1655 2270/511/1656 2735/510/1657
f 3034/513/1658 2737/516/1659 2320/515/1660 2736/514/1661
f 3033/517/1662 2738/520/1663 2223/519/1664 2575/518/1665
f 3032/521/1666 2477/524/1667 2269/523/1668 2739/522/1669
f 3031/525/1670 2741/528/1671 2321/527/1672 2740/526/1673
f 3030/529/1674 2742/532/1675 2268/531/1676 2620/530/1677
f 3029/533/1678 2373/536/1679 2165/535/1680 2743/534/1681
f 3028/537/1682 2745/540/1683 2322/539/1684 2744/538/1685
f 3027/541/1686 2746/544/1687 2267/543/1688 2619/542/1689
f 3026/545/1690 2474/548/1691 2266/547/1692 2747/546/1693
f 3025/549/1694 2749/552/1695 2323/551/1696 2748/550/1697
f 3024/553/1698 2750/556/1699 2224/555/1700 2576/554/1701
f 3023/557/1702 2473/560/1703 2265/559/1704 2751/558/1705
f 3022/561/1706 2753/564/1707 2324/563/1708 2752/562/1709
f 3021/565/1710 2754/568/1711 2264/567/1712 2616/566/1713
f 3020/569/1714 2393/572/1715 2185/571/1716 2755/570/1717
f 3019/573/1718 2757/576/1719 2325/575/1720 2756/574/1721
f 3018/577/1722 2758/580/1723 2263/579/1724 2615/578/1725
f 3017/581/1726 2470/584/1727 2262/583/1728 2759/582/1729
f 3016/585/1730 2761/588/1731 2326/587/1732 2760/586/1733
f 3015/589/1734 2762/592/1735 2216/591/1736 2568/590/1737
f 3014/593/1738 2469/596/1739 2261/595/1740 2763/594/1741
f 3013/597/1742 2765/600/1743 2327/599/1744 2764/598/1745
f 3012/601/1746 2766/604/1747 2260/603/1748 2612/602/1749
f 3011/605/1750 2394/608/1751 2186/607/1752 2767/606/1753
f 3010/609/1754 2769/612/1755 2328/611/1756 2768/610/1757
f 3009/613/1758 2770/616/1759 2259/615/1760 2611/614/1761
f 3008/617/1762 2466/620/1763 2258/619/1764 2771/618/1765
f 3007/621/1766 2773/624/1767 2329/623/1768 2772/622/1769
f 3006/625/1770 2774/628/1771 2227/627/1772 2579/626/1773
f 3005/629/1774 2465/632/1775 2257/631/1776 2775/630/1777
f 3004/633/1778 2777/636/1779 2330/635/1780 2776/634/1781
f 3003/637/1782 2778/640/1783 2256/639/1784 2608/638/1785
f 3002/641/1786 2366/644/1787 2158/643/1788 2779/642/1789
f 3001/645/1790 2781/648/1791 2331/647/1792 2780/646/1793
f 3000/649/1794 2782/652/1795 2255/651/1796 2607/650/1797
f 2999/653/1798 2462/656/1799 2254/655/1800 2783/654/1801
f 2998/657/1802 2785/660/1803 2332/659/1804 2784/658/1805
f 2997/661/1806 2786/664/1807 2228/663/1808 2580/662/1809
f 2996/665/354 2461/668/1810 2253/667/1811 2787/666/1812
f 2995/669/1813 2789/672/1814 2333/671/1815 2788/670/1816
f 2994/673/1817 2790/676/1818 2252/675/1819 2604/674/1820
f 2993/677/1821 2397/680/1822 2189/679/1823 2791/678/1824
f 2992/681/1825 2793/684/1826 2334/683/1827 2792/682/1828
f 2991/685/1829 2794/688/1830 2251/687/1831 2603/686/1832
f 2990/689/971 2458/692/971 2250/691/971 2795/690/971
f 2989/693/971 2797/696/971 2335/695/971 2796/694/971
f 2988/697/971 2798/700/971 2215/699/971 2567/698/971
f 2987/701/1833 2457/704/1834 2249/703/1835 2799/702/1836
f 2986/705/1837 2801/708/1838 2336/707/1839 2800/706/1840
f 2985/709/1841 2802/712/1842 2248/711/1301 2600/710/1301
f 2984/713/1843 2398/716/1844 2190/715/1845 2803/714/1846
f 2983/717/1847 2805/720/1848 2337/719/1849 2804/718/1850
f 2982/721/1851 2806/724/1852 2247/723/1301 2599/722/1301
f 2981/725/1853 2454/728/1854 2246/727/1855 2807/726/1856
f 2980/729/1857 2809/732/1858 2338/731/1859 2808/730/1860
f 2979/733/1861 2810/736/1862 2231/735/1863 2583/734/1864
f 2978/737/1865 2453/740/1866 2245/739/1867 2811/738/1868
f 2977/741/1869 2813/744/1870 2339/743/1871 2812/742/1872
f 2976/745/1873 2814/748/1874 2244/747/1875 2596/746/1876
f 2975/749/1877 2370/752/1878 2162/751/1879 2815/750/1880
f 2974/753/1881 2817/756/1882 2340/755/1883 2816/754/1884
f 2973/757/1885 2818/760/1886 2243/759/1887 2595/758/1888
f 2972/761/1889 2450/764/1890 2242/763/1891 2819/762/1892
f 2971/765/1893 2821/768/1894 2341/767/1895 2820/766/1896
f 2970/769/1897 2822/772/1898 2232/771/1899 2584/770/1900
f 2969/773/971 2449/776/971 2241/775/971 2823/774/971
f 2968/777/971 2825/780/971 2342/779/971 2824/778/971
f 2967/781/971 2826/784/971 2240/783/1281 2592/782/1281
f 2966/785/1505 2401/788/1901 2193/787/1902 2827/786/1903
f 2965/789/971 2829/792/971 2343/791/971 2828/790/971
f 2964/793/971 2830/796/971 2239/795/1388 2591/794/1281
f 2963/797/1904 2446/800/1905 2238/799/1906 2831/798/1907
f 2962/801/1908 2833/804/1909 2344/803/1910 2832/802/1911
f 2961/805/1912 2834/808/1913 2209/807/1914 2561/806/1915
f 2960/809/1916 2445/812/1917 2237/811/1918 2835/810/1919
f 2959/813/1920 2837/816/1921 2345/815/1922 2836/814/1394
f 2958/817/1923 2838/820/1924 2236/819/1925 2588/818/1926
f 2957/821/1927 2402/824/1928 2194/823/1929 2839/822/1930
f 2956/825/1931 2841/828/1932 2346/827/1933 2840/826/1934
f 2955/829/1935 2842/832/1936 2235/831/1937 2587/830/1938
f 2954/833/1939 2442/836/1940 2234/835/1941 2843/834/1942
f 2953/837/1943 2845/840/1944 2347/839/1945 2844/838/1946
f 2952/841/1947 2846/844/1948 2169/843/1949 2521/842/1950
f 2951/845/1951 2441/848/1952 2233/847/1953 2847/846/1954
f 2950/849/1281 2849/852/1388 2348/851/1955 2848/850/1955
f 2949/853/1956 2850/856/1957 2192/855/1958 2544/854/1959
f 2948/857/1960 2410/860/1961 2202/859/1962 2851/858/1963
f 2947/861/1964 2853/864/1965 2349/863/1966 2852/862/1967
f 2946/865/1968 2854/868/1969 2191/867/1970 2543/866/1971
f 2945/869/971 2438/872/1972 2230/871/1973 2855/870/971
f 2944/873/971 2857/876/971 2350/875/971 2856/874/971
f 2943/877/971 2858/880/971 2175/879/971 2527/878/971
f 2942/881/1974 2437/884/1975 2229/883/1976 2859/882/1977
f 2941/885/1978 2861/888/1979 2351/887/1980 2860/886/1981
f 2940/889/1982 2862/892/1983 2188/891/1984 2540/890/1985
f 2939/893/1986 2406/896/1987 2198/895/1988 2863/894/1989
f 2938/897/1990 2865/900/1991 2352/899/1992 2864/898/1993
f 2937/901/1994 2866/904/1995 2187/903/1996 2539/902/1997
f 2936/905/1998 2434/908/1999 2226/907/2000 2867/906/2001
f 2935/909/2002 2869/912/2003 2353/911/2004 2868/910/2005
f 2934/913/2006 2870/916/2007 2176/915/2008 2528/914/2009
f 2933/917/2010 2433/920/2011 2225/919/2012 2871/918/2013
f 2932/921/2014 2873/924/2015 2354/923/2016 2872/922/2017
f 2931/925/2018 2874/928/2019 2184/927/2020 2536/926/2021
f 2930/929/2022 2413/932/2023 2205/931/2024 2875/930/2025
f 2929/933/2026 2877/936/2027 2355/935/2028 2876/934/2029
f 2928/937/2030 2878/940/2031 2183/939/2032 2535/938/2033
f 2927/941/2034 2430/944/2035 2222/943/2036 2879/942/2037
f 2926/945/2038 2881/948/2039 2356/947/2040 2880/946/2041
f 2925/949/2042 2882/952/2043 2173/951/2044 2525/950/2045
f 2924/953/2046 2429/956/2047 2221/955/2048 2883/954/2049
f 2923/957/2050 2885/960/2051 2357/959/2052 2884/958/2053
f 2922/961/2054 2886/964/2055 2180/963/2056 2532/962/2057
f 2921/965/2058 2414/968/2059 2206/967/2060 2887/966/2061
f 2920/969/2062 2889/972/2063 2358/971/2064 2888/970/1895
f 2919/973/2065 2890/976/2066 2179/975/2067 2531/974/2068
f 2918/977/2069 2426/980/2070 2218/979/2071 2891/978/2072
f 2917/981/2073 2893/984/2074 2359/983/2075 2892/982/2076
f 2916/985/2077 2894/988/2078 2161/987/2079 2513/986/2080
f 2915/989/971 2425/992/971 2217/991/971 2895/990/971
f 2914/993/2081 2897/996/971 2360/995/971 2896/994/971
f 2913/997/971 2898/1000/971 2164/999/971 2516/998/971
f 2912/1001/2082 2418/1004/2083 2210/1003/2084 2899/1002/2085
f 2911/1005/2086 2901/1008/2087 2361/1007/2088 2900/1006/2089
f 2910/1009/2090 2902/1012/2091 2163/1011/2092 2515/1010/2093
f 2909/1013/2094 2422/1016/2095 2214/1015/2096 2903/1014/2097
f 2908/1017/2098 2905/1020/2099 2362/1019/2100 2904/1018/2101
f 2907/1021/2102 2906/1024/2103 2157/1023/2104 2509/1022/2105
f 2904/1018/2101 2362/1019/2100 2906/1024/2103 2907/1021/2102
f 2298/259/1435 2904/1018/2101 2907/1021/2102 2650/256/1430
f 2650/256/1430 2907/1021/2102 2509/1022/2105 2101/255/1431
f 2647/290/1468 2295/291/1467 2905/1020/2099 2908/1017/2098
f 2154/251/1427 2647/290/1468 2908/1017/2098 2506/260/1434
f 2506/260/1434 2908/1017/2098 2904/1018/2101 2298/259/1435
f 2503/246/1424 2118/247/1423 2422/1016/2095 2909/1013/2094
f 2295/291/1467 2503/246/1424 2909/1013/2094 2905/1020/2099
f 2905/1020/2099 2909/1013/2094 2903/1014/2097 2362/1019/2100
f 2900/1006/2089 2361/1007/2088 2902/1012/2091 2910/1009/2090
f 2294/295/1471 2900/1006/2089 2910/1009/2090 2646/244/1418
f 2646/244/1418 2910/1009/2090 2515/1010/2093 2107/243/1419
f 2643/326/1504 2291/327/1503 2901/1008/2087 2911/1005/2086
f 2153/239/1415 2643/326/1504 2911/1005/2086 2502/296/1470
f 2502/296/1470 2911/1005/2086 2900/1006/2089 2294/295/1471
f 2499/234/1412 2114/235/1411 2418/1004/2083 2912/1001/2082
f 2291/327/1503 2499/234/1412 2912/1001/2082 2901/1008/2087
f 2901/1008/2087 2912/1001/2082 2899/1002/2085 2361/1007/2088
f 2896/994/971 2360/995/971 2898/1000/971 2913/997/971
f 2290/331/1301 2896/994/971 2913/997/971 2642/232/971
f 2642/232/971 2913/997/971 2516/998/971 2108/231/971
f 2639/362/971 2287/363/1301 2897/996/971 2914/993/2081
f 2152/227/971 2639/362/971 2914/993/2081 2498/332/971
f 2498/332/971 2914/993/2081 2896/994/971 2290/331/1301
f 2495/222/1301 2121/223/1301 2425/992/971 2915/989/971
f 2287/363/1301 2495/222/1301 2915/989/971 2897/996/971
f 2897/996/971 2915/989/971 2895/990/971 2360/995/971
f 2892/982/2076 2359/983/2075 2894/988/2078 2916/985/2077
f 2286/367/1535 2892/982/2076 2916/985/2077 2638/220/1402
f 2638/220/1402 2916/985/2077 2513/986/2080 2105/219/1403
f 2635/398/1566 2283/399/1565 2893/984/2074 2917/981/2073
f 2151/215/1399 2635/398/1566 2917/981/2073 2494/368/1534
f 2494/368/1534 2917/981/2073 2892/982/2076 2286/367/1535
f 2491/210/1396 2122/211/1395 2426/980/2070 2918/977/2069
f 2283/399/1565 2491/210/1396 2918/977/2069 2893/984/2074
f 2893/984/2074 2918/977/2069 2891/978/2072 2359/983/2075
f 2888/970/1895 2358/971/2064 2890/976/2066 2919/973/2065
f 2282/403/1569 2888/970/1895 2919/973/2065 2634/208/1390
f 2634/208/1390 2919/973/2065 2531/974/2068 2123/207/1391
f 2631/434/1281 2279/435/1281 2889/972/2063 2920/969/2062
f 2150/203/1388 2631/434/1281 2920/969/2062 2490/404/1568
f 2490/404/1568 2920/969/2062 2888/970/1895 2282/403/1569
f 2487/198/1281 2110/199/1281 2414/968/2059 2921/965/2058
f 2279/435/1281 2487/198/1281 2921/965/2058 2889/972/2063
f 2889/972/2063 2921/965/2058 2887/966/2061 2358/971/2064
f 2884/958/2053 2357/959/2052 2886/964/2055 2922/961/2054
f 2278/439/1584 2884/958/2053 2922/961/2054 2630/196/1385
f 2630/196/1385 2922/961/2054 2532/962/2057 2124/195/1386
f 2627/470/1617 2275/471/1616 2885/960/2051 2923/957/2050
f 2149/191/1382 2627/470/1617 2923/957/2050 2486/440/1583
f 2486/440/1583 2923/957/2050 2884/958/2053 2278/439/1584
f 2483/186/1379 2125/187/1378 2429/956/2047 2924/953/2046
f 2275/471/1616 2483/186/1379 2924/953/2046 2885/960/2051
f 2885/960/2051 2924/953/2046 2883/954/2049 2357/959/2052
f 2880/946/2041 2356/947/2040 2882/952/2043 2925/949/2042
f 2274/475/1620 2880/946/2041 2925/949/2042 2626/184/1373
f 2626/184/1373 2925/949/2042 2525/950/2045 2117/183/1374
f 2623/506/1653 2271/507/1652 2881/948/2039 2926/945/2038
f 2148/179/1370 2623/506/1653 2926/945/2038 2482/476/1619
f 2482/476/1619 2926/945/2038 2880/946/2041 2274/475/1620
f 2479/174/1367 2126/175/1366 2430/944/2035 2927/941/2034
f 2271/507/1652 2479/174/1367 2927/941/2034 2881/948/2039
f 2881/948/2039 2927/941/2034 2879/942/2037 2356/947/2040
f 2876/934/2029 2355/935/2028 2878/940/2031 2928/937/2030
f 2270/511/1656 2876/934/2029 2928/937/2030 2622/172/1361
f 2622/172/1361 2928/937/2030 2535/938/2033 2127/171/1362
f 2619/542/1689 2267/543/1688 2877/936/2027 2929/933/2026
f 2147/167/1358 2619/542/1689 2929/933/2026 2478/512/1655
f 2478/512/1655 2929/933/2026 2876/934/2029 2270/511/1656
f 2475/162/1355 2109/163/1354 2413/932/2023 2930/929/2022
f 2267/543/1688 2475/162/1355 2930/929/2022 2877/936/2027
f 2877/936/2027 2930/929/2022 2875/930/2025 2355/935/2028
f 2872/922/2017 2354/923/2016 2874/928/2019 2931/925/2018
f 2266/547/1692 2872/922/2017 2931/925/2018 2618/160/1349
f 2618/160/1349 2931/925/2018 2536/926/2021 2128/159/1350
f 2615/578/1725 2263/579/1724 2873/924/2015 2932/921/2014
f 2146/155/1346 2615/578/1725 2932/921/2014 2474/548/1691
f 2474/548/1691 2932/921/2014 2872/922/2017 2266/547/1692
f 2471/150/1343 2129/151/1342 2433/920/2011 2933/917/2010
f 2263/579/1724 2471/150/1343 2933/917/2010 2873/924/2015
f 2873/924/2015 2933/917/2010 2871/918/2013 2354/923/2016
f 2868/910/2005 2353/911/2004 2870/916/2007 2934/913/2006
f 2262/583/1728 2868/910/2005 2934/913/2006 2614/148/1337
f 2614/148/1337 2934/913/2006 2528/914/2009 2120/147/1338
f 2611/614/1761 2259/615/1760 2869/912/2003 2935/909/2002
f 2145/143/1334 2611/614/1761 2935/909/2002 2470/584/1727
f 2470/584/1727 2935/909/2002 2868/910/2005 2262/583/1728
f 2467/138/1331 2130/139/1330 2434/908/1999 2936/905/1998
f 2259/615/1760 2467/138/1331 2936/905/1998 2869/912/2003
f 2869/912/2003 2936/905/1998 2867/906/2001 2353/911/2004
f 2864/898/1993 2352/899/1992 2866/904/1995 2937/901/1994
f 2258/619/1764 2864/898/1993 2937/901/1994 2610/136/1325
f 2610/136/1325 2937/901/1994 2539/902/1997 2131/135/1326
f 2607/650/1797 2255/651/1796 2865/900/1991 2938/897/1990
f 2144/131/1322 2607/650/1797 2938/897/1990 2466/620/1763
f 2466/620/1763 2938/897/1990 2864/898/1993 2258/619/1764
f 2463/126/1319 2102/127/1318 2406/896/1987 2939/893/1986
f 2255/651/1796 2463/126/1319 2939/893/1986 2865/900/1991
f 2865/900/1991 2939/893/1986 2863/894/1989 2352/899/1992
f 2860/886/1981 2351/887/1980 2862/892/1983 2940/889/1982
f 2254/655/1800 2860/886/1981 2940/889/1982 2606/124/1313
f 2606/124/1313 2940/889/1982 2540/890/1985 2132/123/1314
f 2603/686/1832 2251/687/1831 2861/888/1979 2941/885/1978
f 2143/119/1310 2603/686/1832 2941/885/1978 2462/656/1799
f 2462/656/1799 2941/885/1978 2860/886/1981 2254/655/1800
f 2459/114/1307 2133/115/1306 2437/884/1975 2942/881/1974
f 2251/687/1831 2459/114/1307 2942/881/1974 2861/888/1979
f 2861/888/1979 2942/881/1974 2859/882/1977 2351/887/1980
f 2856/874/971 2350/875/971 2858/880/971 2943/877/971
f 2250/691/971 2856/874/971 2943/877/971 2602/112/971
f 2602/112/971 2943/877/971 2527/878/971 2119/111/971
f 2599/722/1301 2247/723/1301 2857/876/971 2944/873/971
f 2142/107/1301 2599/722/1301 2944/873/971 2458/692/971
f 2458/692/971 2944/873/971 2856/874/971 2250/691/971
f 2455/102/1301 2134/103/1300 2438/872/1972 2945/869/971
f 2247/723/1301 2455/102/1301 2945/869/971 2857/876/971
f 2857/876/971 2945/869/971 2855/870/971 2350/875/971
f 2852/862/1967 2349/863/1966 2854/868/1969 2946/865/1968
f 2246/727/1855 2852/862/1967 2946/865/1968 2598/100/1295
f 2598/100/1295 2946/865/1968 2543/866/1971 2135/99/1296
f 2595/758/1888 2243/759/1887 2853/864/1965 2947/861/1964
f 2141/95/1292 2595/758/1888 2947/861/1964 2454/728/1854
f 2454/728/1854 2947/861/1964 2852/862/1967 2246/727/1855
f 2451/90/1289 2106/91/1288 2410/860/1961 2948/857/1960
f 2243/759/1887 2451/90/1289 2948/857/1960 2853/864/1965
f 2853/864/1965 2948/857/1960 2851/858/1963 2349/863/1966
f 2848/850/1955 2348/851/1955 2850/856/1957 2949/853/1956
f 2242/763/1891 2848/850/1955 2949/853/1956 2594/88/1283
f 2594/88/1283 2949/853/1956 2544/854/1959 2136/87/1284
f 2591/794/1281 2239/795/1388 2849/852/1388 2950/849/1281
f 2140/83/1281 2591/794/1281 2950/849/1281 2450/764/1890
f 2450/764/1890 2950/849/1281 2848/850/1955 2242/763/1891
f 2447/78/1280 2137/79/1279 2441/848/1952 2951/845/1951
f 2239/795/1388 2447/78/1280 2951/845/1951 2849/852/1388
f 2849/852/1388 2951/845/1951 2847/846/1954 2348/851/1955
f 2844/838/1946 2347/839/1945 2846/844/1948 2952/841/1947
f 2238/799/1906 2844/838/1946 2952/841/1947 2590/76/1274
f 2590/76/1274 2952/841/1947 2521/842/1950 2113/75/1275
f 2587/830/1938 2235/831/1937 2845/840/1944 2953/837/1943
f 2139/71/1271 2587/830/1938 2953/837/1943 2446/800/1905
f 2446/800/1905 2953/837/1943 2844/838/1946 2238/799/1906
f 2443/66/1268 2138/67/1267 2442/836/1940 2954/833/1939
f 2235/831/1937 2443/66/1268 2954/833/1939 2845/840/1944
f 2845/840/1944 2954/833/1939 2843/834/1942 2347/839/1945
f 2840/826/1934 2346/827/1933 2842/832/1936 2955/829/1935
f 2237/811/1918 2840/826/1934 2955/829/1935 2589/72/1270
f 2589/72/1270 2955/829/1935 2587/830/1938 2139/71/1271
f 2544/854/1959 2192/855/1958 2841/828/1932 2956/825/1931
f 2136/87/1284 2544/854/1959 2956/825/1931 2445/812/1917
f 2445/812/1917 2956/825/1931 2840/826/1934 2237/811/1918
f 2400/58/1260 2098/59/1259 2402/824/1928 2957/821/1927
f 2192/855/1958 2400/58/1260 2957/821/1927 2841/828/1932
f 2841/828/1932 2957/821/1927 2839/822/1930 2346/827/1933
f 2836/814/1394 2345/815/1922 2838/820/1924 2958/817/1923
f 2178/391/607 2836/814/1394 2958/817/1923 2530/212/1394
f 2530/212/1394 2958/817/1923 2588/818/1926 2122/211/1395
f 2584/770/1900 2232/771/1899 2837/816/1921 2959/813/1920
f 2094/19/1221 2584/770/1900 2959/813/1920 2386/392/1558
f 2386/392/1558 2959/813/1920 2836/814/1394 2178/391/607
f 2440/86/1285 2136/87/1284 2445/812/1917 2960/809/1916
f 2232/771/1899 2440/86/1285 2960/809/1916 2837/816/1921
f 2837/816/1921 2960/809/1916 2835/810/1919 2345/815/1922
f 2832/802/1911 2344/803/1910 2834/808/1913 2961/805/1912
f 2218/979/2071 2832/802/1911 2961/805/1912 2570/16/1216
f 2570/16/1216 2961/805/1912 2561/806/1915 2080/15/1217
f 2588/818/1926 2236/819/1925 2833/804/1909 2962/801/1908
f 2122/211/1395 2588/818/1926 2962/801/1908 2426/980/2070
f 2426/980/2070 2962/801/1908 2832/802/1911 2218/979/2071
f 2444/70/1272 2139/71/1271 2446/800/1905 2963/797/1904
f 2236/819/1925 2444/70/1272 2963/797/1904 2833/804/1909
f 2833/804/1909 2963/797/1904 2831/798/1907 2344/803/1910
f 2828/790/971 2343/791/971 2830/796/971 2964/793/971
f 2241/775/971 2828/790/971 2964/793/971 2593/84/971
f 2593/84/971 2964/793/971 2591/794/1281 2140/83/1281
f 2527/878/971 2175/879/971 2829/792/971 2965/789/971
f 2119/111/971 2527/878/971 2965/789/971 2449/776/971
f 2449/776/971 2965/789/971 2828/790/971 2241/775/971
f 2383/50/971 2091/51/1252 2401/788/1901 2966/785/1505
f 2175/879/971 2383/50/971 2966/785/1505 2829/792/971
f 2829/792/971 2966/785/1505 2827/786/1903 2343/791/971
f 2824/778/971 2342/779/971 2826/784/971 2967/781/971
f 2166/427/971 2824/778/971 2967/781/971 2518/200/971
f 2518/200/971 2967/781/971 2592/782/1281 2110/199/1281
f 2567/698/971 2215/699/971 2825/780/971 2968/777/971
f 2082/11/971 2567/698/971 2968/777/971 2374/428/971
f 2374/428/971 2968/777/971 2824/778/971 2166/427/971
f 2423/110/971 2119/111/971 2449/776/971 2969/773/971
f 2215/699/971 2423/110/971 2969/773/971 2825/780/971
f 2825/780/971 2969/773/971 2823/774/971 2342/779/971
f 2820/766/1896 2341/767/1895 2822/772/1898 2970/769/1897
f 2206/967/2060 2820/766/1896 2970/769/1897 2558/20/1220
f 2558/20/1220 2970/769/1897 2584/770/1900 2094/19/1221
f 2592/782/1281 2240/783/1281 2821/768/1894 2971/765/1893
f 2110/199/1281 2592/782/1281 2971/765/1893 2414/968/2059
f 2414/968/2059 2971/765/1893 2820/766/1896 2206/967/2060
f 2448/82/1281 2140/83/1281 2450/764/1890 2972/761/1889
f 2240/783/1281 2448/82/1281 2972/761/1889 2821/768/1894
f 2821/768/1894 2972/761/1889 2819/762/1892 2341/767/1895
f 2816/754/1884 2340/755/1883 2818/760/1886 2973/757/1885
f 2245/739/1867 2816/754/1884 2973/757/1885 2597/96/1291
f 2597/96/1291 2973/757/1885 2595/758/1888 2141/95/1292
f 2515/1010/2093 2163/1011/2092 2817/756/1882 2974/753/1881
f 2107/243/1419 2515/1010/2093 2974/753/1881 2453/740/1866
f 2453/740/1866 2974/753/1881 2816/754/1884 2245/739/1867
f 2371/6/1214 2081/7/1213 2370/752/1878 2975/749/1877
f 2163/1011/2092 2371/6/1214 2975/749/1877 2817/756/1882
f 2817/756/1882 2975/749/1877 2815/750/1880 2340/755/1883
f 2812/742/1872 2339/743/1871 2814/748/1874 2976/745/1873
f 2193/787/1902 2812/742/1872 2976/745/1873 2545/80/1278
f 2545/80/1278 2976/745/1873 2596/746/1876 2137/79/1279
f 2555/302/1480 2203/303/1479 2813/744/1870 2977/741/1869
f 2091/51/1252 2555/302/1480 2977/741/1869 2401/788/1901
f 2401/788/1901 2977/741/1869 2812/742/1872 2193/787/1902
f 2411/242/1420 2107/243/1419 2453/740/1866 2978/737/1865
f 2203/303/1479 2411/242/1420 2978/737/1865 2813/744/1870
f 2813/744/1870 2978/737/1865 2811/738/1868 2339/743/1871
f 2808/730/1860 2338/731/1859 2810/736/1862 2979/733/1861
f 2233/847/1953 2808/730/1860 2979/733/1861 2585/60/1258
f 2585/60/1258 2979/733/1861 2583/734/1864 2098/59/1259
f 2596/746/1876 2244/747/1875 2809/732/1858 2980/729/1857
f 2137/79/1279 2596/746/1876 2980/729/1857 2441/848/1952
f 2441/848/1952 2980/729/1857 2808/730/1860 2233/847/1953
f 2452/94/1293 2141/95/1292 2454/728/1854 2981/725/1853
f 2244/747/1875 2452/94/1293 2981/725/1853 2809/732/1858
f 2809/732/1858 2981/725/1853 2807/726/1856 2338/731/1859
f 2804/718/1850 2337/719/1849 2806/724/1852 2982/721/1851
f 2249/703/1835 2804/718/1850 2982/721/1851 2601/108/1303
f 2601/108/1303 2982/721/1851 2599/722/1301 2142/107/1301
f 2540/890/1985 2188/891/1984 2805/720/1848 2983/717/1847
f 2132/123/1314 2540/890/1985 2983/717/1847 2457/704/1834
f 2457/704/1834 2983/717/1847 2804/718/1850 2249/703/1835
f 2396/46/1250 2097/47/1249 2398/716/1844 2984/713/1843
f 2188/891/1984 2396/46/1250 2984/713/1843 2805/720/1848
f 2805/720/1848 2984/713/1843 2803/714/1846 2337/719/1849
f 2800/706/1840 2336/707/1839 2802/712/1842 2985/709/1841
f 2177/355/1525 2800/706/1840 2985/709/1841 2529/224/1406
f 2529/224/1406 2985/709/1841 2600/710/1301 2121/223/1301
f 2580/662/1809 2228/663/1808 2801/708/1838 2986/705/1837
f 2093/31/1233 2580/662/1809 2986/705/1837 2385/356/1524
f 2385/356/1524 2986/705/1837 2800/706/1840 2177/355/1525
f 2436/122/1315 2132/123/1314 2457/704/1834 2987/701/1833
f 2228/663/1808 2436/122/1315 2987/701/1833 2801/708/1838
f 2801/708/1838 2987/701/1833 2799/702/1836 2336/707/1839
f 2796/694/971 2335/695/971 2798/700/971 2988/697/971
f 2217/991/971 2796/694/971 2988/697/971 2569/12/971
f 2569/12/971 2988/697/971 2567/698/971 2082/11/971
f 2600/710/1301 2248/711/1301 2797/696/971 2989/693/971
f 2121/223/1301 2600/710/1301 2989/693/971 2425/992/971
f 2425/992/971 2989/693/971 2796/694/971 2217/991/971
f 2456/106/1301 2142/107/1301 2458/692/971 2990/689/971
f 2248/711/1301 2456/106/1301 2990/689/971 2797/696/971
f 2797/696/971 2990/689/971 2795/690/971 2335/695/971
f 2792/682/1828 2334/683/1827 2794/688/1830 2991/685/1829
f 2253/667/1811 2792/682/1828 2991/685/1829 2605/120/1309
f 2605/120/1309 2991/685/1829 2603/686/1832 2143/119/1310
f 2407/1025/2106 2199/1026/2107 2793/684/1826 2992/681/1825
f 2103/1027/2108 2407/1025/2106 2992/681/1825 2461/668/1810
f 2461/668/1810 2992/681/1825 2792/682/1828 2253/667/1811
f 2551/1028/2109 2087/1029/2110 2397/680/1822 2993/677/1821
f 2199/1026/2107 2551/1028/2109 2993/677/1821 2793/684/1826
f 2793/684/1826 2993/677/1821 2791/678/1824 2334/683/1827
f 2788/670/1816 2333/671/1815 2790/676/1818 2994/673/1817
f 2165/535/1680 2788/670/1816 2994/673/1817 2517/164/1353
f 2517/164/1353 2994/673/1817 2604/674/1820 2109/163/1354
f 2367/1030/2111 2159/1031/2112 2789/672/1814 2995/669/1813
f 2078/1032/2113 2367/1030/2111 2995/669/1813 2373/536/1679
f 2373/536/1679 2995/669/1813 2788/670/1816 2165/535/1680
f 2511/1033/2114 2103/1027/2108 2461/668/1810 2996/665/354
f 2159/1031/2112 2511/1033/2114 2996/665/354 2789/672/1814
f 2789/672/1814 2996/665/354 2787/666/1812 2333/671/1815
f 2784/658/1805 2332/659/1804 2786/664/1807 2997/661/1806
f 2205/931/2024 2784/658/1805 2997/661/1806 2557/32/1232
f 2557/32/1232 2997/661/1806 2580/662/1809 2093/31/1233
f 2604/674/1820 2252/675/1819 2785/660/1803 2998/657/1802
f 2109/163/1354 2604/674/1820 2998/657/1802 2413/932/2023
f 2413/932/2023 2998/657/1802 2784/658/1805 2205/931/2024
f 2460/118/1311 2143/119/1310 2462/656/1799 2999/653/1798
f 2252/675/1819 2460/118/1311 2999/653/1798 2785/660/1803
f 2785/660/1803 2999/653/1798 2783/654/1801 2332/659/1804
f 2780/646/1793 2331/647/1792 2782/652/1795 3000/649/1794
f 2257/631/1776 2780/646/1793 3000/649/1794 2609/132/1321
f 2609/132/1321 3000/649/1794 2607/650/1797 2144/131/1322
f 2419/1034/2115 2211/1035/2116 2781/648/1791 3001/645/1790
f 2115/1036/2117 2419/1034/2115 3001/645/1790 2465/632/1775
f 2465/632/1775 3001/645/1790 2780/646/1793 2257/631/1776
f 2563/1037/2118 2076/1038/2119 2366/644/1787 3002/641/1786
f 2211/1035/2116 2563/1037/2118 3002/641/1786 2781/648/1791
f 2781/648/1791 3002/641/1786 2779/642/1789 2331/647/1792
f 2776/634/1781 2330/635/1780 2778/640/1783 3003/637/1782
f 2189/679/1823 2776/634/1781 3003/637/1782 2541/116/1305
f 2541/116/1305 3003/637/1782 2608/638/1785 2133/115/1306
f 2379/1039/2120 2171/1040/2121 2777/636/1779 3004/633/1778
f 2087/1029/2110 2379/1039/2120 3004/633/1778 2397/680/1822
f 2397/680/1822 3004/633/1778 2776/634/1781 2189/679/1823
f 2523/1041/2122 2115/1036/2117 2465/632/1775 3005/629/1774
f 2171/1040/2121 2523/1041/2122 3005/629/1774 2777/636/1779
f 2777/636/1779 3005/629/1774 2775/630/1777 2330/635/1780
f 2772/622/1769 2329/623/1768 2774/628/1771 3006/625/1770
f 2229/883/1976 2772/622/1769 3006/625/1770 2581/48/1248
f 2581/48/1248 3006/625/1770 2579/626/1773 2097/47/1249
f 2608/638/1785 2256/639/1784 2773/624/1767 3007/621/1766
f 2133/115/1306 2608/638/1785 3007/621/1766 2437/884/1975
f 2437/884/1975 3007/621/1766 2772/622/1769 2229/883/1976
f 2464/130/1323 2144/131/1322 2466/620/1763 3008/617/1762
f 2256/639/1784 2464/130/1323 3008/617/1762 2773/624/1767
f 2773/624/1767 3008/617/1762 2771/618/1765 2329/623/1768
f 2768/610/1757 2328/611/1756 2770/616/1759 3009/613/1758
f 2261/595/1740 2768/610/1757 3009/613/1758 2613/144/1333
f 2613/144/1333 3009/613/1758 2611/614/1761 2145/143/1334
f 2536/926/2021 2184/927/2020 2769/612/1755 3010/609/1754
f 2128/159/1350 2536/926/2021 3010/609/1754 2469/596/1739
f 2469/596/1739 3010/609/1754 2768/610/1757 2261/595/1740
f 2392/34/1238 2096/35/1237 2394/608/1751 3011/605/1750
f 2184/927/2020 2392/34/1238 3011/605/1750 2769/612/1755
f 2769/612/1755 3011/605/1750 2767/606/1753 2328/611/1756
f 2764/598/1745 2327/599/1744 2766/604/1747 3012/601/1746
f 2200/1042/2123 2764/598/1745 3012/601/1746 2408/1043/2124
f 2408/1043/2124 3012/601/1746 2612/602/1749 2104/1044/2125
f 2576/554/1701 2224/555/1700 2765/600/1743 3013/597/1742
f 2088/1045/2126 2576/554/1701 3013/597/1742 2552/1046/2127
f 2552/1046/2127 3013/597/1742 2764/598/1745 2200/1042/2123
f 2432/158/2128 2128/159/1350 2469/596/1739 3014/593/1738
f 2224/555/1700 2432/158/2128 3014/593/1738 2765/600/1743
f 2765/600/1743 3014/593/1738 2763/594/1741 2327/599/1744
f 2760/586/1733 2326/587/1732 2762/592/1735 3015/589/1734
f 2160/1047/2129 2760/586/1733 3015/589/1734 2368/1048/2130
f 2368/1048/2130 3015/589/1734 2568/590/1737 2079/1049/2131
f 2612/602/1749 2260/603/1748 2761/588/1731 3016/585/1730
f 2104/1044/2125 2612/602/1749 3016/585/1730 2512/1050/2132
f 2512/1050/2132 3016/585/1730 2760/586/1733 2160/1047/2129
f 2468/142/1335 2145/143/1334 2470/584/1727 3017/581/1726
f 2260/603/1748 2468/142/1335 3017/581/1726 2761/588/1731
f 2761/588/1731 3017/581/1726 2759/582/1729 2326/587/1732
f 2756/574/1721 2325/575/1720 2758/580/1723 3018/577/1722
f 2265/559/1704 2756/574/1721 3018/577/1722 2617/156/1345
f 2617/156/1345 3018/577/1722 2615/578/1725 2146/155/1346
f 2403/1051/2133 2195/1052/2134 2757/576/1719 3019/573/1718
f 2099/1053/2135 2403/1051/2133 3019/573/1718 2473/560/1703
f 2473/560/1703 3019/573/1718 2756/574/1721 2265/559/1704
f 2547/1054/2136 2083/1055/2137 2393/572/1715 3020/569/1714
f 2195/1052/2134 2547/1054/2136 3020/569/1714 2757/576/1719
f 2757/576/1719 3020/569/1714 2755/570/1717 2325/575/1720
f 2752/562/1709 2324/563/1708 2754/568/1711 3021/565/1710
f 2212/1056/2138 2752/562/1709 3021/565/1710 2420/1057/2139
f 2420/1057/2139 3021/565/1710 2616/566/1713 2116/1058/2140
f 2363/1059/2141 2155/1060/2142 2753/564/1707 3022/561/1706
f 2074/1061/2143 2363/1059/2141 3022/561/1706 2564/1062/2144
f 2564/1062/2144 3022/561/1706 2752/562/1709 2212/1056/2138
f 2507/1063/2145 2099/1053/2135 2473/560/1703 3023/557/1702
f 2155/1060/2142 2507/1063/2145 3023/557/1702 2753/564/1707
f 2753/564/1707 3023/557/1702 2751/558/1705 2324/563/1708
f 2748/550/1697 2323/551/1696 2750/556/1699 3024/553/1698
f 2172/1064/2146 2748/550/1697 3024/553/1698 2380/1065/2147
f 2380/1065/2147 3024/553/1698 2576/554/1701 2088/1045/2126
f 2616/566/1713 2264/567/1712 2749/552/1695 3025/549/1694
f 2116/1058/2140 2616/566/1713 3025/549/1694 2524/1066/2148
f 2524/1066/2148 3025/549/1694 2748/550/1697 2172/1064/2146
f 2472/154/1347 2146/155/1346 2474/548/1691 3026/545/1690
f 2264/567/1712 2472/154/1347 3026/545/1690 2749/552/1695
f 2749/552/1695 3026/545/1690 2747/546/1693 2323/551/1696
f 2744/538/1685 2322/539/1684 2746/544/1687 3027/541/1686
f 2269/523/1668 2744/538/1685 3027/541/1686 2621/168/1357
f 2621/168/1357 3027/541/1686 2619/542/1689 2147/167/1358
f 2415/1067/2149 2207/1068/2150 2745/540/1683 3028/537/1682
f 2111/1069/2151 2415/1067/2149 3028/537/1682 2477/524/1667
f 2477/524/1667 3028/537/1682 2744/538/1685 2269/523/1668
f 2559/1070/2152 2078/1032/2113 2373/536/1679 3029/533/1678
f 2207/1068/2150 2559/1070/2152 3029/533/1678 2745/540/1683
f 2745/540/1683 3029/533/1678 2743/534/1681 2322/539/1684
f 2740/526/1673 2321/527/1672 2742/532/1675 3030/529/1674
f 2185/571/1716 2740/526/1673 3030/529/1674 2537/152/1341
f 2537/152/1341 3030/529/1674 2620/530/1677 2129/151/1342
f 2375/1071/2153 2167/1072/2154 2741/528/1671 3031/525/1670
f 2083/1055/2137 2375/1071/2153 3031/525/1670 2393/572/1715
f 2393/572/1715 3031/525/1670 2740/526/1673 2185/571/1716
f 2519/1073/2155 2111/1069/2151 2477/524/1667 3032/521/1666
f 2167/1072/2154 2519/1073/2155 3032/521/1666 2741/528/1671
f 2741/528/1671 3032/521/1666 2739/522/1669 2321/527/1672
f 2736/514/1661 2320/515/1660 2738/520/1663 3033/517/1662
f 2225/919/2012 2736/514/1661 3033/517/1662 2577/36/1236
f 2577/36/1236 3033/517/1662 2575/518/1665 2096/35/1237
f 2620/530/1677 2268/531/1676 2737/516/1659 3034/513/1658
f 2129/151/1342 2620/530/1677 3034/513/1658 2433/920/2011
f 2433/920/2011 3034/513/1658 2736/514/1661 2225/919/2012
f 2476/166/1359 2147/167/1358 2478/512/1655 3035/509/1654
f 2268/531/1676 2476/166/1359 3035/509/1654 2737/516/1659
f 2737/516/1659 3035/509/1654 2735/510/1657 2320/515/1660
f 2732/502/1649 2319/503/1648 2734/508/1651 3036/505/1650
f 2273/487/1632 2732/502/1649 3036/505/1650 2625/180/1369
f 2625/180/1369 3036/505/1650 2623/506/1653 2148/179/1370
f 2532/962/2057 2180/963/2056 2733/504/1647 3037/501/1646
f 2124/195/1386 2532/962/2057 3037/501/1646 2481/488/1631
f 2481/488/1631 3037/501/1646 2732/502/1649 2273/487/1632
f 2388/22/1226 2095/23/1225 2390/500/1643 3038/497/1642
f 2180/963/2056 2388/22/1226 3038/497/1642 2733/504/1647
f 2733/504/1647 3038/497/1642 2731/498/1645 2319/503/1648
f 2728/490/1637 2318/491/1636 2730/496/1639 3039/493/1638
f 2196/1074/2156 2728/490/1637 3039/493/1638 2404/1075/2157
f 2404/1075/2157 3039/493/1638 2624/494/1641 2100/1076/2158
f 2572/446/1593 2220/447/1592 2729/492/1635 3040/489/1634
f 2084/1077/2159 2572/446/1593 3040/489/1634 2548/1078/2160
f 2548/1078/2160 3040/489/1634 2728/490/1637 2196/1074/2156
f 2428/194/1387 2124/195/1386 2481/488/1631 3041/485/1630
f 2220/447/1592 2428/194/1387 3041/485/1630 2729/492/1635
f 2729/492/1635 3041/485/1630 2727/486/1633 2318/491/1636
f 2724/478/1625 2317/479/1624 2726/484/1627 3042/481/1626
f 2156/1079/2161 2724/478/1625 3042/481/1626 2364/1080/2162
f 2364/1080/2162 3042/481/1626 2565/482/1629 2075/1081/2163
f 2624/494/1641 2272/495/1640 2725/480/1623 3043/477/1622
f 2100/1076/2158 2624/494/1641 3043/477/1622 2508/1082/2164
f 2508/1082/2164 3043/477/1622 2724/478/1625 2156/1079/2161
f 2480/178/1371 2148/179/1370 2482/476/1619 3044/473/1618
f 2272/495/1640 2480/178/1371 3044/473/1618 2725/480/1623
f 2725/480/1623 3044/473/1618 2723/474/1621 2317/479/1624
f 2720/466/1613 2316/467/1612 2722/472/1615 3045/469/1614
f 2277/451/1596 2720/466/1613 3045/469/1614 2629/192/1381
f 2629/192/1381 3045/469/1614 2627/470/1617 2149/191/1382
f 2528/914/2009 2176/915/2008 2721/468/1611 3046/465/1610
f 2120/147/1338 2528/914/2009 3046/465/1610 2485/452/1595
f 2485/452/1595 3046/465/1610 2720/466/1613 2277/451/1596
f 2384/38/1242 2092/39/1241 2389/464/1607 3047/461/1606
f 2176/915/2008 2384/38/1242 3047/461/1606 2721/468/1611
f 2721/468/1611 3047/461/1606 2719/462/1609 2316/467/1612
f 2716/454/1601 2315/455/1600 2718/460/1603 3048/457/1602
f 2208/1083/2165 2716/454/1601 3048/457/1602 2416/1084/2166
f 2416/1084/2166 3048/457/1602 2628/458/1605 2112/1085/2167
f 2568/590/1737 2216/591/1736 2717/456/1599 3049/453/1598
f 2079/1049/2131 2568/590/1737 3049/453/1598 2560/1086/2168
f 2560/1086/2168 3049/453/1598 2716/454/1601 2208/1083/2165
f 2424/146/1339 2120/147/1338 2485/452/1595 3050/449/1594
f 2216/591/1736 2424/146/1339 3050/449/1594 2717/456/1599
f 2717/456/1599 3050/449/1594 2715/450/1597 2315/455/1600
f 2712/442/1589 2314/443/1588 2714/448/1591 3051/445/1590
f 2168/1087/2169 2712/442/1589 3051/445/1590 2376/1088/2170
f 2376/1088/2170 3051/445/1590 2572/446/1593 2084/1077/2159
f 2628/458/1605 2276/459/1604 2713/444/1587 3052/441/1586
f 2112/1085/2167 2628/458/1605 3052/441/1586 2520/1089/2171
f 2520/1089/2171 3052/441/1586 2712/442/1589 2168/1087/2169
f 2484/190/1383 2149/191/1382 2486/440/1583 3053/437/1582
f 2276/459/1604 2484/190/1383 3053/437/1582 2713/444/1587
f 2713/444/1587 3053/437/1582 2711/438/1585 2314/443/1588
f 2708/430/971 2313/431/971 2710/436/971 3054/433/971
f 2281/415/971 2708/430/971 3054/433/971 2633/204/971
f 2633/204/971 3054/433/971 2631/434/1281 2150/203/1388
f 2516/998/971 2164/999/971 2709/432/971 3055/429/971
f 2108/231/971 2516/998/971 3055/429/971 2489/416/971
f 2489/416/971 3055/429/971 2708/430/971 2281/415/971
f 2372/10/971 2082/11/971 2374/428/971 3056/425/971
f 2164/999/971 2372/10/971 3056/425/971 2709/432/971
f 2709/432/971 3056/425/971 2707/426/971 2313/431/971
f 2704/418/1579 2312/419/971 2706/424/971 3057/421/1580
f 2181/463/1608 2704/418/1579 3057/421/1580 2533/188/1377
f 2533/188/1377 3057/421/1580 2632/422/1581 2125/187/1378
f 2556/338/1510 2204/339/971 2705/420/971 3058/417/1579
f 2092/39/1241 2556/338/1510 3058/417/1579 2389/464/1607
f 2389/464/1607 3058/417/1579 2704/418/1579 2181/463/1608
f 2412/230/971 2108/231/971 2489/416/971 3059/413/971
f 2204/339/971 2412/230/971 3059/413/971 2705/420/971
f 2705/420/971 3059/413/971 2703/414/971 2312/419/971
f 2700/406/1574 2311/407/1573 2702/412/1576 3060/409/1575
f 2221/955/2048 2700/406/1574 3060/409/1575 2573/24/1224
f 2573/24/1224 3060/409/1575 2571/410/1578 2095/23/1225
f 2632/422/1581 2280/423/1388 2701/408/1572 3061/405/1571
f 2125/187/1378 2632/422/1581 3061/405/1571 2429/956/2047
f 2429/956/2047 3061/405/1571 2700/406/1574 2221/955/2048
f 2488/202/1388 2150/203/1388 2490/404/1568 3062/401/1567
f 2280/423/1388 2488/202/1388 3062/401/1567 2701/408/1572
f 2701/408/1572 3062/401/1567 2699/402/1570 2311/407/1573
f 2696/394/1562 2310/395/1561 2698/400/1564 3063/397/1563
f 2285/379/1547 2696/394/1562 3063/397/1563 2637/216/1398
f 2637/216/1398 3063/397/1563 2635/398/1566 2151/215/1399
f 2531/974/2068 2179/975/2067 2697/396/1560 3064/393/596
f 2123/207/1391 2531/974/2068 3064/393/596 2493/380/1546
f 2493/380/1546 3064/393/596 2696/394/1562 2285/379/1547
f 2387/18/1222 2094/19/1221 2386/392/1558 3065/389/1557
f 2179/975/2067 2387/18/1222 3065/389/1557 2697/396/1560
f 2697/396/1560 3065/389/1557 2695/390/1559 2310/395/1561
f 2692/382/1552 2309/383/1551 2694/388/1554 3066/385/1553
f 2182/499/1644 2692/382/1552 3066/385/1553 2534/176/1365
f 2534/176/1365 3066/385/1553 2636/386/1556 2126/175/1366
f 2571/410/1578 2219/411/1577 2693/384/1550 3067/381/1549
f 2095/23/1225 2571/410/1578 3067/381/1549 2390/500/1643
f 2390/500/1643 3067/381/1549 2692/382/1552 2182/499/1644
f 2427/206/1392 2123/207/1391 2493/380/1546 3068/377/1545
f 2219/411/1577 2427/206/1392 3068/377/1545 2693/384/1550
f 2693/384/1550 3068/377/1545 2691/378/1548 2309/383/1551
f 2688/370/1540 2308/371/1539 2690/376/1542 3069/373/1541
f 2222/943/2036 2688/370/1540 3069/373/1541 2574/28/1228
f 2574/28/1228 3069/373/1541 2553/374/1544 2089/27/1229
f 2636/386/1556 2284/387/1555 2689/372/1538 3070/369/1537
f 2126/175/1366 2636/386/1556 3070/369/1537 2430/944/2035
f 2430/944/2035 3070/369/1537 2688/370/1540 2222/943/2036
f 2492/214/1400 2151/215/1399 2494/368/1534 3071/365/1533
f 2284/387/1555 2492/214/1400 3071/365/1533 2689/372/1538
f 2689/372/1538 3071/365/1533 2687/366/1536 2308/371/1539
f 2684/358/1530 2307/359/1529 2686/364/1532 3072/361/1531
f 2289/343/1513 2684/358/1530 3072/361/1531 2641/228/1408
f 2641/228/1408 3072/361/1531 2639/362/971 2152/227/971
f 2535/938/2033 2183/939/2032 2685/360/1528 3073/357/1527
f 2127/171/1362 2535/938/2033 3073/357/1527 2497/344/1512
f 2497/344/1512 3073/357/1527 2684/358/1530 2289/343/1513
f 2391/30/1234 2093/31/1233 2385/356/1524 3074/353/1523
f 2183/939/2032 2391/30/1234 3074/353/1523 2685/360/1528
f 2685/360/1528 3074/353/1523 2683/354/1526 2307/359/1529
f 2680/346/1518 2306/347/1517 2682/352/1520 3075/349/1519
f 2186/607/1752 2680/346/1518 3075/349/1519 2538/140/1329
f 2538/140/1329 3075/349/1519 2640/350/1522 2130/139/1330
f 2575/518/1665 2223/519/1664 2681/348/1516 3076/345/1515
f 2096/35/1237 2575/518/1665 3076/345/1515 2394/608/1751
f 2394/608/1751 3076/345/1515 2680/346/1518 2186/607/1752
f 2431/170/1363 2127/171/1362 2497/344/1512 3077/341/1511
f 2223/519/1664 2431/170/1363 3077/341/1511 2681/348/1516
f 2681/348/1516 3077/341/1511 2679/342/1514 2306/347/1517
f 2676/334/1508 2305/335/971 2678/340/971 3078/337/1509
f 2226/907/2000 2676/334/1508 3078/337/1509 2578/40/1240
f 2578/40/1240 3078/337/1509 2556/338/1510 2092/39/1241
f 2640/350/1522 2288/351/1521 2677/336/1507 3079/333/1506
f 2130/139/1330 2640/350/1522 3079/333/1506 2434/908/1999
f 2434/908/1999 3079/333/1506 2676/334/1508 2226/907/2000
f 2496/226/971 2152/227/971 2498/332/971 3080/329/1505
f 2288/351/1521 2496/226/971 3080/329/1505 2677/336/1507
f 2677/336/1507 3080/329/1505 2675/330/971 2305/335/971
f 2672/322/1500 2304/323/1499 2674/328/1502 3081/325/1501
f 2293/307/1483 2672/322/1500 3081/325/1501 2645/240/1414
f 2645/240/1414 3081/325/1501 2643/326/1504 2153/239/1415
f 2539/902/2172 2187/903/1996 2673/324/1498 3082/321/1497
f 2131/135/1326 2539/902/2172 3082/321/1497 2501/308/1482
f 2501/308/1482 3082/321/1497 2672/322/1500 2293/307/1483
f 2395/42/1246 2086/43/1245 2378/320/1494 3083/317/1493
f 2187/903/1996 2395/42/1246 3083/317/1493 2673/324/1498
f 2673/324/1498 3083/317/1493 2671/318/1496 2304/323/1499
f 2668/310/1488 2303/311/1487 2670/316/1490 3084/313/1489
f 2190/715/1845 2668/310/1488 3084/313/1489 2542/104/1299
f 2542/104/1299 3084/313/1489 2644/314/1492 2134/103/1300
f 2579/626/1773 2227/627/1772 2669/312/1486 3085/309/1485
f 2097/47/1249 2579/626/1773 3085/309/1485 2398/716/1844
f 2398/716/1844 3085/309/1485 2668/310/1488 2190/715/1845
f 2435/134/1327 2131/135/1326 2501/308/1482 3086/305/1481
f 2227/627/1772 2435/134/1327 3086/305/1481 2669/312/1486
f 2669/312/1486 3086/305/1481 2667/306/1484 2303/311/1487
f 2664/298/1476 2302/299/1475 2666/304/1478 3087/301/1477
f 2230/871/1973 2664/298/1476 3087/301/1477 2582/52/1251
f 2582/52/1251 3087/301/1477 2555/302/1480 2091/51/1252
f 2644/314/1492 2292/315/1491 2665/300/1474 3088/297/1473
f 2134/103/1300 2644/314/1492 3088/297/1473 2438/872/1972
f 2438/872/1972 3088/297/1473 2664/298/1476 2230/871/1973
f 2500/238/1416 2153/239/1415 2502/296/1470 3089/293/1469
f 2292/315/1491 2500/238/1416 3089/293/1469 2665/300/1474
f 2665/300/1474 3089/293/1469 2663/294/1472 2302/299/1475
f 2660/286/1464 2301/287/1463 2662/292/1466 3090/289/1465
f 2297/271/1447 2660/286/1464 3090/289/1465 2649/252/1426
f 2649/252/1426 3090/289/1465 2647/290/1468 2154/251/1427
f 2543/866/1971 2191/867/1970 2661/288/1462 3091/285/1461
f 2135/99/1296 2543/866/1971 3091/285/1461 2505/272/1446
f 2505/272/1446 3091/285/1461 2660/286/1464 2297/271/1447
f 2399/54/1256 2090/55/1255 2382/284/1458 3092/281/1457
f 2191/867/1970 2399/54/1256 3092/281/1457 2661/288/1462
f 2661/288/1462 3092/281/1457 2659/282/1460 2301/287/1463
f 2656/274/1452 2300/275/1451 2658/280/1454 3093/277/1453
f 2194/823/1929 2656/274/1452 3093/277/1453 2546/68/1266
f 2546/68/1266 3093/277/1453 2648/278/1456 2138/67/1267
f 2583/734/1864 2231/735/1863 2657/276/1450 3094/273/1449
f 2098/59/1259 2583/734/1864 3094/273/1449 2402/824/1928
f 2402/824/1928 3094/273/1449 2656/274/1452 2194/823/1929
f 2439/98/1297 2135/99/1296 2505/272/1446 3095/269/1445
f 2231/735/1863 2439/98/1297 3095/269/1445 2657/276/1450
f 2657/276/1450 3095/269/1445 2655/270/1448 2300/275/1451
f 2652/262/1440 2299/263/1439 2654/268/1442 3096/265/1441
f 2234/835/1941 2652/262/1440 3096/265/1441 2586/64/1262
f 2586/64/1262 3096/265/1441 2549/266/1444 2085/63/1263
f 2648/278/1456 2296/279/1455 2653/264/1438 3097/261/1437
f 2138/67/1267 2648/278/1456 3097/261/1437 2442/836/1940
f 2442/836/1940 3097/261/1437 2652/262/1440 2234/835/1941
f 2504/250/1428 2154/251/1427 2506/260/1434 3098/257/1433
f 2296/279/1455 2504/250/1428 3098/257/1433 2653/264/1438
f 2653/264/1438 3098/257/1433 2651/258/1436 2299/263/1439
f 2651/258/1436 2298/259/1435 2650/256/1430 3099/253/1429
f 2299/263/1439 2651/258/1436 3099/253/1429 2654/268/1442
f 2654/268/1442 3099/253/1429 2405/254/1432 2197/267/1443
f 2655/270/1448 2297/271/1447 2649/252/1426 3100/249/1425
f 2300/275/1451 2655/270/1448 3100/249/1425 2658/280/1454
f 2658/280/1454 3100/249/1425 2504/250/1428 2296/279/1455
f 2659/282/1460 2174/283/1459 2526/248/1422 3101/245/1421
f 2301/287/1463 2659/282/1460 3101/245/1421 2662/292/1466
f 2662/292/1466 3101/245/1421 2503/246/1424 2295/291/1467
f 2663/294/1472 2294/295/1471 2646/244/1418 3102/241/1417
f 2302/299/1475 2663/294/1472 3102/241/1417 2666/304/1478
f 2666/304/1478 3102/241/1417 2411/242/1420 2203/303/1479
f 2667/306/1484 2293/307/1483 2645/240/1414 3103/237/1413
f 2303/311/1487 2667/306/1484 3103/237/1413 2670/316/1490
f 2670/316/1490 3103/237/1413 2500/238/1416 2292/315/1491
f 2671/318/1496 2170/319/1495 2522/236/1410 3104/233/1409
f 2304/323/1499 2671/318/1496 3104/233/1409 2674/328/1502
f 2674/328/1502 3104/233/1409 2499/234/1412 2291/327/1503
f 2675/330/971 2290/331/1301 2642/232/971 3105/229/971
f 2305/335/971 2675/330/971 3105/229/971 2678/340/971
f 2678/340/971 3105/229/971 2412/230/971 2204/339/971
f 2679/342/1514 2289/343/1513 2641/228/1408 3106/225/1407
f 2306/347/1517 2679/342/1514 3106/225/1407 2682/352/1520
f 2682/352/1520 3106/225/1407 2496/226/971 2288/351/1521
f 2683/354/1526 2177/355/1525 2529/224/1406 3107/221/1405
f 2307/359/1529 2683/354/1526 3107/221/1405 2686/364/1532
f 2686/364/1532 3107/221/1405 2495/222/1301 2287/363/1301
f 2687/366/1536 2286/367/1535 2638/220/1402 3108/217/1401
f 2308/371/1539 2687/366/1536 3108/217/1401 2690/376/1542
f 2690/376/1542 3108/217/1401 2409/218/1404 2201/375/1543
f 2691/378/1548 2285/379/1547 2637/216/1398 3109/213/1397
f 2309/383/1551 2691/378/1548 3109/213/1397 2694/388/1554
f 2694/388/1554 3109/213/1397 2492/214/1400 2284/387/1555
f 2695/390/1559 2178/391/607 2530/212/1394 3110/209/1393
f 2310/395/1561 2695/390/1559 3110/209/1393 2698/400/1564
f 2698/400/1564 3110/209/1393 2491/210/1396 2283/399/1565
f 2699/402/1570 2282/403/1569 2634/208/1390 3111/205/1389
f 2311/407/1573 2699/402/1570 3111/205/1389 2702/412/1576
f 2702/412/1576 3111/205/1389 2427/206/1392 2219/411/1577
f 2703/414/971 2281/415/971 2633/204/971 3112/201/971
f 2312/419/971 2703/414/971 3112/201/971 2706/424/971
f 2706/424/971 3112/201/971 2488/202/1388 2280/423/1388
f 2707/426/971 2166/427/971 2518/200/971 3113/197/971
f 2313/431/971 2707/426/971 3113/197/971 2710/436/971
f 2710/436/971 3113/197/971 2487/198/1281 2279/435/1281
f 2711/438/1585 2278/439/1584 2630/196/1385 3114/193/1384
f 2314/443/1588 2711/438/1585 3114/193/1384 2714/448/1591
f 2714/448/1591 3114/193/1384 2428/194/1387 2220/447/1592
f 2715/450/1597 2277/451/1596 2629/192/1381 3115/189/1380
f 2315/455/1600 2715/450/1597 3115/189/1380 2718/460/1603
f 2718/460/1603 3115/189/1380 2484/190/1383 2276/459/1604
f 2719/462/1609 2181/463/1608 2533/188/1377 3116/185/1376
f 2316/467/1612 2719/462/1609 3116/185/1376 2722/472/1615
f 2722/472/1615 3116/185/1376 2483/186/1379 2275/471/1616
f 2723/474/1621 2274/475/1620 2626/184/1373 3117/181/1372
f 2317/479/1624 2723/474/1621 3117/181/1372 2726/484/1627
f 2726/484/1627 3117/181/1372 2421/182/1375 2213/483/1628
f 2727/486/1633 2273/487/1632 2625/180/1369 3118/177/1368
f 2318/491/1636 2727/486/1633 3118/177/1368 2730/496/1639
f 2730/496/1639 3118/177/1368 2480/178/1371 2272/495/1640
f 2731/498/1645 2182/499/1644 2534/176/1365 3119/173/1364
f 2319/503/1648 2731/498/1645 3119/173/1364 2734/508/1651
f 2734/508/1651 3119/173/1364 2479/174/1367 2271/507/1652
f 2735/510/1657 2270/511/1656 2622/172/1361 3120/169/1360
f 2320/515/1660 2735/510/1657 3120/169/1360 2738/520/1663
f 2738/520/1663 3120/169/1360 2431/170/1363 2223/519/1664
f 2739/522/1669 2269/523/1668 2621/168/1357 3121/165/1356
f 2321/527/1672 2739/522/1669 3121/165/1356 2742/532/1675
f 2742/532/1675 3121/165/1356 2476/166/1359 2268/531/1676
f 2743/534/1681 2165/535/1680 2517/164/1353 3122/161/1352
f 2322/539/1684 2743/534/1681 3122/161/1352 2746/544/1687
f 2746/544/1687 3122/161/1352 2475/162/1355 2267/543/1688
f 2747/546/1693 2266/547/1692 2618/160/1349 3123/157/1348
f 2323/551/1696 2747/546/1693 3123/157/1348 2750/556/1699
f 2750/556/1699 3123/157/1348 2432/158/1351 2224/555/1700
f 2751/558/1705 2265/559/1704 2617/156/1345 3124/153/1344
f 2324/563/1708 2751/558/1705 3124/153/1344 2754/568/1711
f 2754/568/1711 3124/153/1344 2472/154/1347 2264/567/1712
f 2755/570/1717 2185/571/1716 2537/152/1341 3125/149/1340
f 2325/575/1720 2755/570/1717 3125/149/1340 2758/580/1723
f 2758/580/1723 3125/149/1340 2471/150/1343 2263/579/1724
f 2759/582/1729 2262/583/1728 2614/148/1337 3126/145/1336
f 2326/587/1732 2759/582/1729 3126/145/1336 2762/592/1735
f 2762/592/1735 3126/145/1336 2424/146/1339 2216/591/1736
f 2763/594/1741 2261/595/1740 2613/144/1333 3127/141/1332
f 2327/599/1744 2763/594/1741 3127/141/1332 2766/604/1747
f 2766/604/1747 3127/141/1332 2468/142/1335 2260/603/1748
f 2767/606/1753 2186/607/1752 2538/140/1329 3128/137/1328
f 2328/611/1756 2767/606/1753 3128/137/1328 2770/616/1759
f 2770/616/1759 3128/137/1328 2467/138/1331 2259/615/1760
f 2771/618/1765 2258/619/1764 2610/136/1325 3129/133/1324
f 2329/623/1768 2771/618/1765 3129/133/1324 2774/628/1771
f 2774/628/1771 3129/133/1324 2435/134/1327 2227/627/1772
f 2775/630/1777 2257/631/1776 2609/132/1321 3130/129/1320
f 2330/635/1780 2775/630/1777 3130/129/1320 2778/640/1783
f 2778/640/1783 3130/129/1320 2464/130/1323 2256/639/1784
f 2779/642/1789 2158/643/1788 2510/128/1317 3131/125/1316
f 2331/647/1792 2779/642/1789 3131/125/1316 2782/652/1795
f 2782/652/1795 3131/125/1316 2463/126/1319 2255/651/1796
f 2783/654/1801 2254/655/1800 2606/124/1313 3132/121/1312
f 2332/659/1804 2783/654/1801 3132/121/1312 2786/664/1807
f 2786/664/1807 3132/121/1312 2436/122/1315 2228/663/1808
f 2787/666/1812 2253/667/1811 2605/120/1309 3133/117/1308
f 2333/671/1815 2787/666/1812 3133/117/1308 2790/676/1818
f 2790/676/1818 3133/117/1308 2460/118/1311 2252/675/1819
f 2791/678/1824 2189/679/1823 2541/116/1305 3134/113/1304
f 2334/683/1827 2791/678/1824 3134/113/1304 2794/688/1830
f 2794/688/1830 3134/113/1304 2459/114/1307 2251/687/1831
f 2795/690/971 2250/691/971 2602/112/971 3135/109/971
f 2335/695/971 2795/690/971 3135/109/971 2798/700/971
f 2798/700/971 3135/109/971 2423/110/971 2215/699/971
f 2799/702/1836 2249/703/1835 2601/108/1303 3136/105/1302
f 2336/707/1839 2799/702/1836 3136/105/1302 2802/712/1842
f 2802/712/1842 3136/105/1302 2456/106/1301 2248/711/1301
f 2803/714/1846 2190/715/1845 2542/104/1299 3137/101/1298
f 2337/719/1849 2803/714/1846 3137/101/1298 2806/724/1852
f 2806/724/1852 3137/101/1298 2455/102/1301 2247/723/1301
f 2807/726/1856 2246/727/1855 2598/100/1295 3138/97/1294
f 2338/731/1859 2807/726/1856 3138/97/1294 2810/736/1862
f 2810/736/1862 3138/97/1294 2439/98/1297 2231/735/1863
f 2811/738/1868 2245/739/1867 2597/96/1291 3139/93/1290
f 2339/743/1871 2811/738/1868 3139/93/1290 2814/748/1874
f 2814/748/1874 3139/93/1290 2452/94/1293 2244/747/1875
f 2815/750/1880 2162/751/1879 2514/92/1287 3140/89/1286
f 2340/755/1883 2815/750/1880 3140/89/1286 2818/760/1886
f 2818/760/1886 3140/89/1286 2451/90/1289 2243/759/1887
f 2819/762/1892 2242/763/1891 2594/88/1283 3141/85/1282
f 2341/767/1895 2819/762/1892 3141/85/1282 2822/772/1898
f 2822/772/1898 3141/85/1282 2440/86/1285 2232/771/1899
f 2823/774/971 2241/775/971 2593/84/971 3142/81/971
f 2342/779/971 2823/774/971 3142/81/971 2826/784/971
f 2826/784/971 3142/81/971 2448/82/1281 2240/783/1281
f 2827/786/1903 2193/787/1902 2545/80/1278 3143/77/1277
f 2343/791/971 2827/786/1903 3143/77/1277 2830/796/971
f 2830/796/971 3143/77/1277 2447/78/1280 2239/795/1388
f 2831/798/1907 2238/799/1906 2590/76/1274 3144/73/1273
f 2344/803/1910 2831/798/1907 3144/73/1273 2834/808/1913
f 2834/808/1913 3144/73/1273 2417/74/1276 2209/807/1914
f 2835/810/1919 2237/811/1918 2589/72/1270 3145/69/1269
f 2345/815/1922 2835/810/1919 3145/69/1269 2838/820/1924
f 2838/820/1924 3145/69/1269 2444/70/1272 2236/819/1925
f 2839/822/1930 2194/823/1929 2546/68/1266 3146/65/1265
f 2346/827/1933 2839/822/1930 3146/65/1265 2842/832/1936
f 2842/832/1936 3146/65/1265 2443/66/1268 2235/831/1937
f 2843/834/1942 2234/835/1941 2586/64/1262 3147/61/1261
f 2347/839/1945 2843/834/1942 3147/61/1261 2846/844/1948
f 2846/844/1948 3147/61/1261 2377/62/1264 2169/843/1949
f 2847/846/1954 2233/847/1953 2585/60/1258 3148/57/1257
f 2348/851/1955 2847/846/1954 3148/57/1257 2850/856/1957
f 2850/856/1957 3148/57/1257 2400/58/1260 2192/855/1958
f 2851/858/1963 2202/859/1962 2554/56/1254 3149/53/1253
f 2349/863/1966 2851/858/1963 3149/53/1253 2854/868/1969
f 2854/868/1969 3149/53/1253 2399/54/1256 2191/867/1970
f 2855/870/971 2230/871/1973 2582/52/1251 3150/49/971
f 2350/875/971 2855/870/971 3150/49/971 2858/880/971
f 2858/880/971 3150/49/971 2383/50/971 2175/879/971
f 2859/882/1977 2229/883/1976 2581/48/1248 3151/45/1247
f 2351/887/1980 2859/882/1977 3151/45/1247 2862/892/1983
f 2862/892/1983 3151/45/1247 2396/46/1250 2188/891/1984
f 2863/894/1989 2198/895/1988 2550/44/1244 3152/41/1243
f 2352/899/1992 2863/894/1989 3152/41/1243 2866/904/1995
f 2866/904/1995 3152/41/1243 2395/42/1246 2187/903/1996
f 2867/906/2001 2226/907/2000 2578/40/1240 3153/37/1239
f 2353/911/2004 2867/906/2001 3153/37/1239 2870/916/2007
f 2870/916/2007 3153/37/1239 2384/38/1242 2176/915/2008
f 2871/918/2013 2225/919/2012 2577/36/1236 3154/33/1235
f 2354/923/2016 2871/918/2013 3154/33/1235 2874/928/2019
f 2874/928/2019 3154/33/1235 2392/34/1238 2184/927/2020
f 2875/930/2025 2205/931/2024 2557/32/1232 3155/29/1231
f 2355/935/2028 2875/930/2025 3155/29/1231 2878/940/2031
f 2878/940/2031 3155/29/1231 2391/30/1234 2183/939/2032
f 2879/942/2037 2222/943/2036 2574/28/1228 3156/25/1227
f 2356/947/2040 2879/942/2037 3156/25/1227 2882/952/2043
f 2882/952/2043 3156/25/1227 2381/26/1230 2173/951/2044
f 2883/954/2049 2221/955/2048 2573/24/1224 3157/21/1223
f 2357/959/2052 2883/954/2049 3157/21/1223 2886/964/2055
f 2886/964/2055 3157/21/1223 2388/22/1226 2180/963/2056
f 2887/966/2061 2206/967/2060 2558/20/1220 3158/17/1219
f 2358/971/2064 2887/966/2061 3158/17/1219 2890/976/2066
f 2890/976/2066 3158/17/1219 2387/18/1222 2179/975/2067
f 2891/978/2072 2218/979/2071 2570/16/1216 3159/13/1215
f 2359/983/2075 2891/978/2072 3159/13/1215 2894/988/2078
f 2894/988/2078 3159/13/1215 2369/14/1218 2161/987/2079
f 2895/990/971 2217/991/971 2569/12/971 3160/9/971
f 2360/995/971 2895/990/971 3160/9/971 2898/1000/971
f 2898/1000/971 3160/9/971 2372/10/971 2164/999/971
f 2899/1002/2085 2210/1003/2084 2562/8/1212 3161/5/1211
f 2361/1007/2088 2899/1002/2085 3161/5/1211 2902/1012/2091
f 2902/1012/2091 3161/5/1211 2371/6/1214 2163/1011/2092
f 2903/1014/2097 2214/1015/2096 2566/4/1208 3162/1/1207
f 2362/1019/2100 2903/1014/2097 3162/1/1207 2906/1024/2103
f 2906/1024/2103 3162/1/1207 2365/2/1210 2157/1023/2104
f 3164/1090/2173 3354/1093/2173 3353/1092/2174 3166/1091/2174
f 3178/1094/2175 3361/1097/2175 3362/1096/2176 3180/1095/2176
f 3168/1098/2177 3356/1101/2177 3357/1100/2178 3170/1099/2178
f 3350/1102/2179 3370/1105/2179 3369/1104/2180 3349/1103/2180
f 3351/1106/2181 3371/1107/2181 3370/1105/2179 3350/1102/2179
f 3182/1108/2182 3363/1111/2182 3354/1110/2173 3164/1109/2173
f 3172/1112/2183 3358/1115/2183 3359/1114/2184 3174/1113/2184
f 3344/1116/2185 3364/1119/2185 3355/1118/2186 3343/1117/2186
f 3352/1120/2187 3372/1121/2187 3371/1107/2181 3351/1106/2181
f 3345/1122/2188 3365/1123/2188 3364/1119/2185 3344/1116/2185
f 3163/1124/9 3181/1133/9 3179/1132/9 3177/1131/9 3175/1130/9 3173/1129/9 3171/1128/9 3169/1127/9 3167/1126/9 3165/1125/9
f 3218/1134/2189 3228/1137/2190 3227/1136/2191 3217/1135/2192
f 3224/1138/971 3225/1147/971 3226/1146/971 3227/1145/971 3228/1144/971 3229/1143/971 3230/1142/971 3231/1141/971 3232/1140/971 3223/1139/971
f 3215/1148/2193 3225/1151/2194 3224/1150/2195 3214/1149/2196
f 3222/1152/2197 3232/1155/2198 3231/1154/2199 3221/1153/2200
f 3219/1156/2201 3229/1157/2202 3228/1137/2190 3218/1134/2189
f 3216/1158/2203 3226/1159/2204 3225/1151/2194 3215/1148/2193
f 3213/1160/2205 3223/1161/2206 3232/1155/2198 3222/1152/2197
f 3220/1162/2207 3230/1163/2208 3229/1157/2202 3219/1156/2201
f 3217/1135/2192 3227/1136/2191 3226/1159/2204 3216/1158/2203
f 3214/1149/2196 3224/1150/2195 3223/1165/2206 3213/1164/2205
f 3221/1153/2200 3231/1154/2199 3230/1163/2208 3220/1162/2207
f 3237/1166/2209 3238/1169/2210 3235/1168/2211 3233/1167/2212
f 3238/1169/2210 3236/1171/2213 3234/1170/2214 3235/1168/2211
f 3240/1172/2215 3241/1173/2216 3238/1169/2210 3237/1166/2209
f 3241/1173/2216 3239/1174/2217 3236/1171/2213 3238/1169/2210
f 3243/1175/2218 3244/1176/2219 3241/1173/2216 3240/1172/2215
f 3244/1176/2219 3242/1177/2220 3239/1174/2217 3241/1173/2216
f 3246/1178/2221 3247/1179/2222 3244/1176/2219 3243/1175/2218
f 3247/1179/2222 3245/1180/2223 3242/1177/2220 3244/1176/2219
f 3249/1181/2224 3250/1182/2225 3247/1179/2222 3246/1178/2221
f 3250/1182/2225 3248/1183/2226 3245/1180/2223 3247/1179/2222
f 3252/1184/2227 3253/1185/2228 3250/1182/2225 3249/1181/2224
f 3253/1185/2228 3251/1186/2229 3248/1183/2226 3250/1182/2225
f 3255/1187/2230 3256/1188/2231 3253/1185/2228 3252/1184/2227
f 3256/1188/2231 3254/1189/2232 3251/1186/2229 3253/1185/2228
f 3258/1190/2233 3259/1191/2234 3256/1188/2231 3255/1187/2230
f 3259/1191/2234 3257/1192/2235 3254/1189/2232 3256/1188/2231
f 3261/1193/2236 3262/1194/2237 3259/1191/2234 3258/1190/2233
f 3262/1194/2237 3260/1195/2238 3257/1192/2235 3259/1191/2234
f 3233/1196/2212 3235/1197/2211 3262/1194/2237 3261/1193/2236
f 3235/1197/2211 3234/1198/2214 3260/1195/2238 3262/1194/2237
f 3236/1171/2213 3184/1200/2239 3183/1199/2240 3234/1170/2214
f 3166/1091/2241 3237/1166/2209 3233/1167/2212 3164/1090/2242
f 3234/1198/2214 3183/1202/2240 3192/1201/2243 3260/1195/2238
f 3164/1109/2242 3233/1196/2212 3261/1193/2236 3182/1108/2244
f 3168/1098/2245 3240/1172/2215 3237/1166/2209 3166/1091/2241
f 3239/1174/2217 3185/1203/2246 3184/1200/2239 3236/1171/2213
f 3170/1099/2247 3243/1175/2218 3240/1172/2215 3168/1098/2245
f 3242/1177/2220 3186/1204/2248 3185/1203/2246 3239/1174/2217
f 3172/1112/2249 3246/1178/2221 3243/1175/2218 3170/1099/2247
f 3245/1180/2223 3187/1205/2250 3186/1204/2248 3242/1177/2220
f 3248/1183/2226 3188/1206/2251 3187/1205/2250 3245/1180/2223
f 3174/1113/2252 3249/1181/2224 3246/1178/2221 3172/1112/2249
f 3176/1207/2253 3252/1184/2227 3249/1181/2224 3174/1113/2252
f 3251/1186/2229 3189/1208/2254 3188/1206/2251 3248/1183/2226
f 3178/1094/2255 3255/1187/2230 3252/1184/2227 3176/1207/2253
f 3254/1189/2232 3190/1209/2256 3189/1208/2254 3251/1186/2229
f 3180/1095/2257 3258/1190/2233 3255/1187/2230 3178/1094/2255
f 3257/1192/2235 3191/1210/2258 3190/1209/2256 3254/1189/2232
f 3182/1108/2244 3261/1193/2236 3258/1190/2233 3180/1095/2257
f 3260/1195/2238 3192/1201/2243 3191/1210/2258 3257/1192/2235
f 3267/1211/2259 3268/1214/2260 3265/1213/2261 3263/1212/2262
f 3268/1214/2260 3266/1216/2263 3264/1215/2264 3265/1213/2261
f 3270/1217/2265 3271/1218/2266 3268/1214/2260 3267/1211/2259
f 3271/1218/2266 3269/1219/2267 3266/1216/2263 3268/1214/2260
f 3273/1220/2268 3274/1221/2269 3271/1218/2266 3270/1217/2265
f 3274/1221/2269 3272/1222/2270 3269/1219/2267 3271/1218/2266
f 3276/1223/2271 3277/1224/2272 3274/1221/2269 3273/1220/2268
f 3277/1224/2272 3275/1225/2273 3272/1222/2270 3274/1221/2269
f 3279/1226/2274 3280/1227/2275 3277/1224/2272 3276/1223/2271
f 3280/1227/2275 3278/1228/2276 3275/1225/2273 3277/1224/2272
f 3282/1229/2277 3283/1230/2278 3280/1227/2275 3279/1226/2274
f 3283/1230/2278 3281/1231/2279 3278/1228/2276 3280/1227/2275
f 3285/1232/2280 3286/1233/2281 3283/1230/2278 3282/1229/2277
f 3286/1233/2281 3284/1234/2282 3281/1231/2279 3283/1230/2278
f 3288/1235/2283 3289/1236/2284 3286/1233/2281 3285/1232/2280
f 3289/1236/2284 3287/1237/2285 3284/1234/2282 3286/1233/2281
f 3291/1238/2286 3292/1239/2287 3289/1236/2284 3288/1235/2283
f 3292/1239/2287 3290/1240/2288 3287/1237/2285 3289/1236/2284
f 3263/1241/2262 3265/1242/2261 3292/1239/2287 3291/1238/2286
f 3265/1242/2261 3264/1243/2264 3290/1240/2288 3292/1239/2287
f 3266/1216/2263 3194/1245/2289 3193/1244/2290 3264/1215/2264
f 3184/1200/2239 3267/1211/2259 3263/1212/2262 3183/1199/2240
f 3264/1243/2264 3193/1247/2290 3202/1246/2291 3290/1240/2288
f 3183/1202/2240 3263/1241/2262 3291/1238/2286 3192/1201/2243
f 3185/1203/2246 3270/1217/2265 3267/1211/2259 3184/1200/2239
f 3269/1219/2267 3195/1248/2292 3194/1245/2289 3266/1216/2263
f 3186/1204/2248 3273/1220/2268 3270/1217/2265 3185/1203/2246
f 3272/1222/2270 3196/1249/2293 3195/1248/2292 3269/1219/2267
f 3187/1205/2250 3276/1223/2271 3273/1220/2268 3186/1204/2248
f 3275/1225/2273 3197/1250/2294 3196/1249/2293 3272/1222/2270
f 3188/1206/2251 3279/1226/2274 3276/1223/2271 3187/1205/2250
f 3278/1228/2276 3198/1251/2295 3197/1250/2294 3275/1225/2273
f 3189/1208/2254 3282/1229/2277 3279/1226/2274 3188/1206/2251
f 3281/1231/2279 3199/1252/2296 3198/1251/2295 3278/1228/2276
f 3190/1209/2256 3285/1232/2280 3282/1229/2277 3189/1208/2254
f 3284/1234/2282 3200/1253/2297 3199/1252/2296 3281/1231/2279
f 3191/1210/2258 3288/1235/2283 3285/1232/2280 3190/1209/2256
f 3287/1237/2285 3201/1254/2298 3200/1253/2297 3284/1234/2282
f 3290/1240/2288 3202/1246/2291 3201/1254/2298 3287/1237/2285
f 3192/1201/2243 3291/1238/2286 3288/1235/2283 3191/1210/2258
f 3296/1255/2299 3295/1258/2300 3294/1257/2301 3293/1256/2302
f 3298/1259/2303 3297/1260/2304 3295/1258/2300 3296/1255/2299
f 3300/1261/2305 3299/1262/2306 3297/1260/2304 3298/1259/2303
f 3302/1263/2307 3301/1264/2308 3299/1262/2306 3300/1261/2305
f 3304/1265/2309 3303/1266/2310 3301/1264/2308 3302/1263/2307
f 3306/1267/2311 3305/1268/2312 3303/1266/2310 3304/1265/2309
f 3308/1269/2313 3307/1270/2314 3305/1268/2312 3306/1267/2311
f 3310/1271/2315 3309/1272/2316 3307/1270/2314 3308/1269/2313
f 3312/1273/2317 3311/1274/2318 3309/1272/2316 3310/1271/2315
f 3293/1275/2302 3294/1276/2301 3311/1274/2318 3312/1273/2317
f 3295/1258/2300 3204/1278/2319 3203/1277/2320 3294/1257/2301
f 3194/1245/2289 3296/1255/2299 3293/1256/2302 3193/1244/2290
f 3294/1276/2301 3203/1280/2320 3212/1279/2321 3311/1274/2318
f 3193/1247/2290 3293/1275/2302 3312/1273/2317 3202/1246/2291
f 3195/1248/2292 3298/1259/2303 3296/1255/2299 3194/1245/2289
f 3297/1260/2304 3205/1281/2322 3204/1278/2319 3295/1258/2300
f 3196/1249/2293 3300/1261/2305 3298/1259/2303 3195/1248/2292
f 3299/1262/2306 3206/1282/2323 3205/1281/2322 3297/1260/2304
f 3197/1250/2294 3302/1263/2307 3300/1261/2305 3196/1249/2293
f 3301/1264/2308 3207/1283/2324 3206/1282/2323 3299/1262/2306
f 3303/1266/2310 3208/1284/2325 3207/1283/2324 3301/1264/2308
f 3198/1251/2295 3304/1265/2309 3302/1263/2307 3197/1250/2294
f 3199/1252/2296 3306/1267/2311 3304/1265/2309 3198/1251/2295
f 3305/1268/2312 3209/1285/2326 3208/1284/2325 3303/1266/2310
f 3200/1253/2297 3308/1269/2313 3306/1267/2311 3199/1252/2296
f 3307/1270/2314 3210/1286/2327 3209/1285/2326 3305/1268/2312
f 3201/1254/2298 3310/1271/2315 3308/1269/2313 3200/1253/2297
f 3309/1272/2316 3211/1287/2328 3210/1286/2327 3307/1270/2314
f 3202/1246/2291 3312/1273/2317 3310/1271/2315 3201/1254/2298
f 3311/1274/2318 3212/1279/2321 3211/1287/2328 3309/1272/2316
f 3317/1288/2329 3318/1291/2330 3315/1290/2331 3313/1289/2332
f 3318/1291/2330 3316/1293/2333 3314/1292/2334 3315/1290/2331
f 3320/1294/2335 3321/1295/2336 3318/1291/2330 3317/1288/2329
f 3321/1295/2336 3319/1296/2337 3316/1293/2333 3318/1291/2330
f 3323/1297/2338 3324/1298/2339 3321/1295/2336 3320/1294/2335
f 3324/1298/2339 3322/1299/2340 3319/1296/2337 3321/1295/2336
f 3326/1300/2341 3327/1301/2342 3324/1298/2339 3323/1297/2338
f 3327/1301/2342 3325/1302/2343 3322/1299/2340 3324/1298/2339
f 3329/1303/2344 3330/1304/2345 3327/1301/2342 3326/1300/2341
f 3330/1304/2345 3328/1305/2346 3325/1302/2343 3327/1301/2342
f 3332/1306/2347 3333/1307/2348 3330/1304/2345 3329/1303/2344
f 3333/1307/2348 3331/1308/2349 3328/1305/2346 3330/1304/2345
f 3335/1309/2350 3336/1310/2351 3333/1307/2348 3332/1306/2347
f 3336/1310/2351 3334/1311/2352 3331/1308/2349 3333/1307/2348
f 3338/1312/2353 3339/1313/2354 3336/1310/2351 3335/1309/2350
f 3339/1313/2354 3337/1314/2355 3334/1311/2352 3336/1310/2351
f 3341/1315/2356 3342/1316/2357 3339/1313/2354 3338/1312/2353
f 3342/1316/2357 3340/1317/2358 3337/1314/2355 3339/1313/2354
f 3313/1318/2332 3315/1319/2331 3342/1316/2357 3341/1315/2356
f 3315/1319/2331 3314/1320/2334 3340/1317/2358 3342/1316/2357
f 3316/1293/2333 3214/1149/2196 3213/1164/2205 3314/1292/2334
f 3204/1278/2319 3317/1288/2329 3313/1289/2332 3203/1277/2320
f 3314/1320/2334 3213/1160/2205 3222/1152/2197 3340/1317/2358
f 3203/1280/2320 3313/1318/2332 3341/1315/2356 3212/1279/2321
f 3205/1281/2322 3320/1294/2335 3317/1288/2329 3204/1278/2319
f 3319/1296/2337 3215/1148/2193 3214/1149/2196 3316/1293/2333
f 3206/1282/2323 3323/1297/2338 3320/1294/2335 3205/1281/2322
f 3322/1299/2340 3216/1158/2203 3215/1148/2193 3319/1296/2337
f 3207/1283/2324 3326/1300/2341 3323/1297/2338 3206/1282/2323
f 3325/1302/2343 3217/1135/2192 3216/1158/2203 3322/1299/2340
f 3208/1284/2325 3329/1303/2344 3326/1300/2341 3207/1283/2324
f 3328/1305/2346 3218/1134/2189 3217/1135/2192 3325/1302/2343
f 3209/1285/2326 3332/1306/2347 3329/1303/2344 3208/1284/2325
f 3331/1308/2349 3219/1156/2201 3218/1134/2189 3328/1305/2346
f 3210/1286/2327 3335/1309/2350 3332/1306/2347 3209/1285/2326
f 3334/1311/2352 3220/1162/2207 3219/1156/2201 3331/1308/2349
f 3211/1287/2328 3338/1312/2353 3335/1309/2350 3210/1286/2327
f 3337/1314/2355 3221/1153/2200 3220/1162/2207 3334/1311/2352
f 3340/1317/2358 3222/1152/2197 3221/1153/2200 3337/1314/2355
f 3212/1279/2321 3341/1315/2356 3338/1312/2353 3211/1287/2328
f 3181/1321/2359 3163/1323/2360 3343/1322/2360 3352/1120/2359
f 3179/1324/2361 3181/1321/2359 3352/1120/2359 3351/1106/2361
f 3177/1325/2362 3179/1324/2361 3351/1106/2361 3350/1102/2362
f 3175/1326/2363 3177/1325/2362 3350/1102/2362 3349/1103/2363
f 3173/1327/2364 3175/1326/2363 3349/1103/2363 3348/1328/2364
f 3171/1329/2365 3173/1327/2364 3348/1328/2364 3347/1330/2365
f 3169/1331/2366 3171/1329/2365 3347/1330/2365 3346/1332/2366
f 3167/1333/2367 3169/1331/2366 3346/1332/2366 3345/1122/2367
f 3165/1334/2368 3167/1333/2367 3345/1122/2367 3344/1116/2368
f 3163/1335/2360 3165/1334/2368 3344/1116/2368 3343/1117/2360
f 3355/1118/1147 3364/1119/1146 3353/1092/1146 3354/1093/1147
f 3364/1119/1146 3365/1123/1145 3356/1101/1145 3353/1092/1146
f 3365/1123/1145 3366/1336/1144 3357/1100/1144 3356/1101/1145
f 3366/1336/1144 3367/1337/1142 3358/1115/1142 3357/1100/1144
f 3367/1337/1142 3368/1338/1143 3359/1114/1143 3358/1115/1142
f 3368/1338/1143 3369/1104/1151 3360/1339/1151 3359/1114/1143
f 3369/1104/1151 3370/1105/1150 3361/1097/1150 3360/1339/1151
f 3370/1105/1150 3371/1107/1149 3362/1096/1149 3361/1097/1150
f 3371/1107/1149 3372/1121/1148 3363/1111/1148 3362/1096/1149
f 3372/1121/1148 3355/1340/1147 3354/1110/1147 3363/1111/1148
f 3349/1103/2180 3369/1104/2180 3368/1338/2369 3348/1328/2369
f 3174/1113/2184 3359/1114/2184 3360/1339/2370 3176/1207/2370
f 3348/1328/2369 3368/1338/2369 3367/1337/2371 3347/1330/2371
f 3347/1330/2371 3367/1337/2371 3366/1336/2372 3346/1332/2372
f 3170/1099/2178 3357/1100/2178 3358/1115/2183 3172/1112/2183
f 3180/1095/2176 3362/1096/2176 3363/1111/2182 3182/1108/2182
f 3346/1332/2372 3366/1336/2372 3365/1123/2188 3345/1122/2188
f 3343/1322/2186 3355/1340/2186 3372/1121/2187 3352/1120/2187
f 3166/1091/2174 3353/1092/2174 3356/1101/2177 3168/1098/2177
f 3176/1207/2370 3360/1339/2370 3361/1097/2175 3178/1094/2175
f 3374/1341/2173 3564/1344/2173 3563/1343/2174 3376/1342/2174
f 3388/1345/2175 3571/1348/2175 3572/1347/2176 3390/1346/2176
f 3378/1349/2177 3566/1352/2177 3567/1351/2178 3380/1350/2178
f 3560/1353/2179 3580/1356/2179 3579/1355/2180 3559/1354/2180
f 3561/1357/2181 3581/1358/2181 3580/1356/2179 3560/1353/2179
f 3392/1359/2182 3573/1362/2182 3564/1361/2173 3374/1360/2173
f 3382/1363/2183 3568/1366/2183 3569/1365/2184 3384/1364/2184
f 3554/1367/2185 3574/1370/2185 3565/1369/2186 3553/1368/2186
f 3562/1371/2187 3582/1372/2187 3581/1358/2181 3561/1357/2181
f 3555/1373/2188 3575/1374/2188 3574/1370/2185 3554/1367/2185
f 3373/1375/9 3391/1382/9 3389/1381/9 3387/1380/9 3385/1379/9 3383/1378/9 3381/1377/9 3379/1131/9 3377/1132/9 3375/1376/9
f 3428/1383/2189 3438/1386/2190 3437/1385/2191 3427/1384/2192
f 3434/1387/971 3435/1396/971 3436/1395/971 3437/1394/971 3438/1393/971 3439/1392/971 3440/1391/971 3441/1390/971 3442/1389/971 3433/1388/971
f 3425/1397/2193 3435/1400/2194 3434/1399/2195 3424/1398/2196
f 3432/1401/2197 3442/1404/2198 3441/1403/2199 3431/1402/2200
f 3429/1405/2201 3439/1406/2202 3438/1386/2190 3428/1383/2189
f 3426/1407/2203 3436/1408/2204 3435/1400/2194 3425/1397/2193
f 3423/1409/2205 3433/1410/2206 3442/1404/2198 3432/1401/2197
f 3430/1411/2207 3440/1412/2208 3439/1406/2202 3429/1405/2201
f 3427/1384/2192 3437/1385/2191 3436/1408/2204 3426/1407/2203
f 3424/1398/2196 3434/1399/2195 3433/1414/2206 3423/1413/2205
f 3431/1402/2200 3441/1403/2199 3440/1412/2208 3430/1411/2207
f 3447/1415/2209 3448/1418/2210 3445/1417/2211 3443/1416/2212
f 3448/1418/2210 3446/1420/2213 3444/1419/2214 3445/1417/2211
f 3450/1421/2215 3451/1422/2216 3448/1418/2210 3447/1415/2209
f 3451/1422/2216 3449/1423/2217 3446/1420/2213 3448/1418/2210
f 3453/1424/2218 3454/1425/2219 3451/1422/2216 3450/1421/2215
f 3454/1425/2219 3452/1426/2220 3449/1423/2217 3451/1422/2216
f 3456/1427/2221 3457/1428/2222 3454/1425/2219 3453/1424/2218
f 3457/1428/2222 3455/1429/2223 3452/1426/2220 3454/1425/2219
f 3459/1430/2224 3460/1431/2225 3457/1428/2222 3456/1427/2221
f 3460/1431/2225 3458/1432/2226 3455/1429/2223 3457/1428/2222
f 3462/1433/2227 3463/1434/2228 3460/1431/2225 3459/1430/2224
f 3463/1434/2228 3461/1435/2229 3458/1432/2226 3460/1431/2225
f 3465/1436/2230 3466/1437/2231 3463/1434/2228 3462/1433/2227
f 3466/1437/2231 3464/1438/2232 3461/1435/2229 3463/1434/2228
f 3468/1439/2233 3469/1440/2234 3466/1437/2231 3465/1436/2230
f 3469/1440/2234 3467/1441/2235 3464/1438/2232 3466/1437/2231
f 3471/1442/2236 3472/1443/2237 3469/1440/2234 3468/1439/2233
f 3472/1443/2237 3470/1444/2238 3467/1441/2235 3469/1440/2234
f 3443/1445/2212 3445/1446/2211 3472/1443/2237 3471/1442/2236
f 3445/1446/2211 3444/1447/2214 3470/1444/2238 3472/1443/2237
f 3446/1420/2213 3394/1449/2239 3393/1448/2240 3444/1419/2214
f 3376/1342/2241 3447/1415/2209 3443/1416/2212 3374/1341/2242
f 3444/1447/2214 3393/1451/2240 3402/1450/2243 3470/1444/2238
f 3374/1360/2242 3443/1445/2212 3471/1442/2236 3392/1359/2244
f 3378/1349/2245 3450/1421/2215 3447/1415/2209 3376/1342/2241
f 3449/1423/2217 3395/1452/2246 3394/1449/2239 3446/1420/2213
f 3380/1350/2247 3453/1424/2218 3450/1421/2215 3378/1349/2245
f 3452/1426/2220 3396/1453/2248 3395/1452/2246 3449/1423/2217
f 3382/1363/2373 3456/1427/2221 3453/1424/2218 3380/1350/2247
f 3455/1429/2223 3397/1454/2250 3396/1453/2248 3452/1426/2220
f 3458/1432/2226 3398/1455/2251 3397/1454/2250 3455/1429/2223
f 3384/1364/2252 3459/1430/2224 3456/1427/2221 3382/1363/2373
f 3386/1456/2374 3462/1433/2227 3459/1430/2224 3384/1364/2252
f 3461/1435/2229 3399/1457/2254 3398/1455/2251 3458/1432/2226
f 3388/1345/2255 3465/1436/2230 3462/1433/2227 3386/1456/2374
f 3464/1438/2232 3400/1458/2256 3399/1457/2254 3461/1435/2229
f 3390/1346/2257 3468/1439/2233 3465/1436/2230 3388/1345/2255
f 3467/1441/2235 3401/1459/2258 3400/1458/2256 3464/1438/2232
f 3392/1359/2244 3471/1442/2236 3468/1439/2233 3390/1346/2257
f 3470/1444/2238 3402/1450/2243 3401/1459/2258 3467/1441/2235
f 3477/1460/2259 3478/1463/2260 3475/1462/2261 3473/1461/2262
f 3478/1463/2260 3476/1465/2263 3474/1464/2264 3475/1462/2261
f 3480/1466/2265 3481/1467/2266 3478/1463/2260 3477/1460/2259
f 3481/1467/2266 3479/1468/2267 3476/1465/2263 3478/1463/2260
f 3483/1469/2268 3484/1470/2269 3481/1467/2266 3480/1466/2265
f 3484/1470/2269 3482/1471/2270 3479/1468/2267 3481/1467/2266
f 3486/1472/2271 3487/1473/2272 3484/1470/2269 3483/1469/2268
f 3487/1473/2272 3485/1474/2273 3482/1471/2270 3484/1470/2269
f 3489/1475/2274 3490/1476/2275 3487/1473/2272 3486/1472/2271
f 3490/1476/2275 3488/1477/2276 3485/1474/2273 3487/1473/2272
f 3492/1478/2277 3493/1479/2278 3490/1476/2275 3489/1475/2274
f 3493/1479/2278 3491/1480/2279 3488/1477/2276 3490/1476/2275
f 3495/1481/2280 3496/1482/2281 3493/1479/2278 3492/1478/2277
f 3496/1482/2281 3494/1483/2282 3491/1480/2279 3493/1479/2278
f 3498/1484/2283 3499/1485/2284 3496/1482/2281 3495/1481/2280
f 3499/1485/2284 3497/1486/2285 3494/1483/2282 3496/1482/2281
f 3501/1487/2286 3502/1488/2287 3499/1485/2284 3498/1484/2283
f 3502/1488/2287 3500/1489/2288 3497/1486/2285 3499/1485/2284
f 3473/1490/2262 3475/1491/2261 3502/1488/2287 3501/1487/2286
f 3475/1491/2261 3474/1492/2264 3500/1489/2288 3502/1488/2287
f 3476/1465/2263 3404/1494/2289 3403/1493/2290 3474/1464/2264
f 3394/1449/2239 3477/1460/2259 3473/1461/2262 3393/1448/2240
f 3474/1492/2264 3403/1496/2290 3412/1495/2291 3500/1489/2288
f 3393/1451/2240 3473/1490/2262 3501/1487/2286 3402/1450/2243
f 3395/1452/2246 3480/1466/2265 3477/1460/2259 3394/1449/2239
f 3479/1468/2267 3405/1497/2292 3404/1494/2289 3476/1465/2263
f 3396/1453/2248 3483/1469/2268 3480/1466/2265 3395/1452/2246
f 3482/1471/2270 3406/1498/2293 3405/1497/2292 3479/1468/2267
f 3397/1454/2250 3486/1472/2271 3483/1469/2268 3396/1453/2248
f 3485/1474/2273 3407/1499/2294 3406/1498/2293 3482/1471/2270
f 3398/1455/2251 3489/1475/2274 3486/1472/2271 3397/1454/2250
f 3488/1477/2276 3408/1500/2295 3407/1499/2294 3485/1474/2273
f 3399/1457/2254 3492/1478/2277 3489/1475/2274 3398/1455/2251
f 3491/1480/2279 3409/1501/2296 3408/1500/2295 3488/1477/2276
f 3400/1458/2256 3495/1481/2280 3492/1478/2277 3399/1457/2254
f 3494/1483/2282 3410/1502/2297 3409/1501/2296 3491/1480/2279
f 3401/1459/2258 3498/1484/2283 3495/1481/2280 3400/1458/2256
f 3497/1486/2285 3411/1503/2298 3410/1502/2297 3494/1483/2282
f 3500/1489/2288 3412/1495/2291 3411/1503/2298 3497/1486/2285
f 3402/1450/2243 3501/1487/2286 3498/1484/2283 3401/1459/2258
f 3506/1504/2299 3505/1507/2300 3504/1506/2301 3503/1505/2302
f 3508/1508/2303 3507/1509/2304 3505/1507/2300 3506/1504/2299
f 3510/1510/2305 3509/1511/2306 3507/1509/2304 3508/1508/2303
f 3512/1512/2307 3511/1513/2308 3509/1511/2306 3510/1510/2305
f 3514/1514/2309 3513/1515/2310 3511/1513/2308 3512/1512/2307
f 3516/1516/2311 3515/1517/2312 3513/1515/2310 3514/1514/2309
f 3518/1518/2313 3517/1519/2314 3515/1517/2312 3516/1516/2311
f 3520/1520/2315 3519/1521/2316 3517/1519/2314 3518/1518/2313
f 3522/1522/2317 3521/1523/2318 3519/1521/2316 3520/1520/2315
f 3503/1524/2302 3504/1525/2301 3521/1523/2318 3522/1522/2317
f 3505/1507/2300 3414/1527/2319 3413/1526/2320 3504/1506/2301
f 3404/1494/2289 3506/1504/2299 3503/1505/2302 3403/1493/2290
f 3504/1525/2301 3413/1529/2320 3422/1528/2321 3521/1523/2318
f 3403/1496/2290 3503/1524/2302 3522/1522/2317 3412/1495/2291
f 3405/1497/2292 3508/1508/2303 3506/1504/2299 3404/1494/2289
f 3507/1509/2304 3415/1530/2322 3414/1527/2319 3505/1507/2300
f 3406/1498/2293 3510/1510/2305 3508/1508/2303 3405/1497/2292
f 3509/1511/2306 3416/1531/2323 3415/1530/2322 3507/1509/2304
f 3407/1499/2294 3512/1512/2307 3510/1510/2305 3406/1498/2293
f 3511/1513/2308 3417/1532/2324 3416/1531/2323 3509/1511/2306
f 3513/1515/2310 3418/1533/2325 3417/1532/2324 3511/1513/2308
f 3408/1500/2295 3514/1514/2309 3512/1512/2307 3407/1499/2294
f 3409/1501/2296 3516/1516/2311 3514/1514/2309 3408/1500/2295
f 3515/1517/2312 3419/1534/2326 3418/1533/2325 3513/1515/2310
f 3410/1502/2297 3518/1518/2313 3516/1516/2311 3409/1501/2296
f 3517/1519/2314 3420/1535/2327 3419/1534/2326 3515/1517/2312
f 3411/1503/2298 3520/1520/2315 3518/1518/2313 3410/1502/2297
f 3519/1521/2316 3421/1536/2328 3420/1535/2327 3517/1519/2314
f 3412/1495/2291 3522/1522/2317 3520/1520/2315 3411/1503/2298
f 3521/1523/2318 3422/1528/2321 3421/1536/2328 3519/1521/2316
f 3527/1537/2329 3528/1540/2330 3525/1539/2331 3523/1538/2332
f 3528/1540/2330 3526/1542/2333 3524/1541/2334 3525/1539/2331
f 3530/1543/2335 3531/1544/2336 3528/1540/2330 3527/1537/2329
f 3531/1544/2336 3529/1545/2337 3526/1542/2333 3528/1540/2330
f 3533/1546/2338 3534/1547/2339 3531/1544/2336 3530/1543/2335
f 3534/1547/2339 3532/1548/2340 3529/1545/2337 3531/1544/2336
f 3536/1549/2341 3537/1550/2342 3534/1547/2339 3533/1546/2338
f 3537/1550/2342 3535/1551/2375 3532/1548/2340 3534/1547/2339
f 3539/1552/2344 3540/1553/2345 3537/1550/2342 3536/1549/2341
f 3540/1553/2345 3538/1554/2346 3535/1551/2375 3537/1550/2342
f 3542/1555/2347 3543/1556/2348 3540/1553/2345 3539/1552/2344
f 3543/1556/2348 3541/1557/2376 3538/1554/2346 3540/1553/2345
f 3545/1558/2350 3546/1559/2351 3543/1556/2348 3542/1555/2347
f 3546/1559/2351 3544/1560/2352 3541/1557/2376 3543/1556/2348
f 3548/1561/2353 3549/1562/2354 3546/1559/2351 3545/1558/2350
f 3549/1562/2354 3547/1563/2355 3544/1560/2352 3546/1559/2351
f 3551/1564/2356 3552/1565/2357 3549/1562/2354 3548/1561/2353
f 3552/1565/2357 3550/1566/2358 3547/1563/2355 3549/1562/2354
f 3523/1567/2332 3525/1568/2331 3552/1565/2357 3551/1564/2356
f 3525/1568/2331 3524/1569/2334 3550/1566/2358 3552/1565/2357
f 3526/1542/2333 3424/1398/2196 3423/1413/2205 3524/1541/2334
f 3414/1527/2319 3527/1537/2329 3523/1538/2332 3413/1526/2320
f 3524/1569/2334 3423/1409/2205 3432/1401/2197 3550/1566/2358
f 3413/1529/2320 3523/1567/2332 3551/1564/2356 3422/1528/2321
f 3415/1530/2322 3530/1543/2335 3527/1537/2329 3414/1527/2319
f 3529/1545/2337 3425/1397/2193 3424/1398/2196 3526/1542/2333
f 3416/1531/2323 3533/1546/2338 3530/1543/2335 3415/1530/2322
f 3532/1548/2340 3426/1407/2203 3425/1397/2193 3529/1545/2337
f 3417/1532/2324 3536/1549/2341 3533/1546/2338 3416/1531/2323
f 3535/1551/2375 3427/1384/2192 3426/1407/2203 3532/1548/2340
f 3418/1533/2325 3539/1552/2344 3536/1549/2341 3417/1532/2324
f 3538/1554/2346 3428/1383/2189 3427/1384/2192 3535/1551/2375
f 3419/1534/2326 3542/1555/2347 3539/1552/2344 3418/1533/2325
f 3541/1557/2376 3429/1405/2201 3428/1383/2189 3538/1554/2346
f 3420/1535/2327 3545/1558/2350 3542/1555/2347 3419/1534/2326
f 3544/1560/2352 3430/1411/2207 3429/1405/2201 3541/1557/2376
f 3421/1536/2328 3548/1561/2353 3545/1558/2350 3420/1535/2327
f 3547/1563/2355 3431/1402/2200 3430/1411/2207 3544/1560/2352
f 3550/1566/2358 3432/1401/2197 3431/1402/2200 3547/1563/2355
f 3422/1528/2321 3551/1564/2356 3548/1561/2353 3421/1536/2328
f 3391/1570/2359 3373/1572/2360 3553/1571/2360 3562/1371/2359
f 3389/1573/2361 3391/1570/2359 3562/1371/2359 3561/1357/2361
f 3387/1574/2362 3389/1573/2361 3561/1357/2361 3560/1353/2362
f 3385/1575/2363 3387/1574/2362 3560/1353/2362 3559/1354/2363
f 3383/1576/2364 3385/1575/2363 3559/1354/2363 3558/1577/2364
f 3381/1578/2365 3383/1576/2364 3558/1577/2364 3557/1579/2365
f 3379/1580/2366 3381/1578/2365 3557/1579/2365 3556/1581/2366
f 3377/1582/2367 3379/1580/2366 3556/1581/2366 3555/1373/2367
f 3375/1583/2368 3377/1582/2367 3555/1373/2367 3554/1367/2368
f 3373/1584/2360 3375/1583/2368 3554/1367/2368 3553/1368/2360
f 3565/1369/1147 3574/1370/1146 3563/1343/1146 3564/1344/1147
f 3574/1370/1146 3575/1374/1145 3566/1352/1145 3563/1343/1146
f 3575/1374/1145 3576/1585/1144 3567/1351/1144 3566/1352/1145
f 3576/1585/1144 3577/1586/1142 3568/1366/1142 3567/1351/1144
f 3577/1586/1142 3578/1587/1143 3569/1365/1143 3568/1366/1142
f 3578/1587/1143 3579/1355/1151 3570/1588/1151 3569/1365/1143
f 3579/1355/1151 3580/1356/1150 3571/1348/1150 3570/1588/1151
f 3580/1356/1150 3581/1358/1149 3572/1347/1149 3571/1348/1150
f 3581/1358/1149 3582/1372/1148 3573/1362/1148 3572/1347/1149
f 3582/1372/1148 3565/1589/1147 3564/1361/1147 3573/1362/1148
f 3559/1354/2180 3579/1355/2180 3578/1587/2369 3558/1577/2369
f 3384/1364/2184 3569/1365/2184 3570/1588/2370 3386/1456/2370
f 3558/1577/2369 3578/1587/2369 3577/1586/2371 3557/1579/2371
f 3557/1579/2371 3577/1586/2371 3576/1585/2372 3556/1581/2372
f 3380/1350/2178 3567/1351/2178 3568/1366/2183 3382/1363/2183
f 3390/1346/2176 3572/1347/2176 3573/1362/2182 3392/1359/2182
f 3556/1581/2372 3576/1585/2372 3575/1374/2188 3555/1373/2188
f 3553/1571/2186 3565/1589/2186 3582/1372/2187 3562/1371/2187
f 3376/1342/2174 3563/1343/2174 3566/1352/2177 3378/1349/2177
f 3386/1456/2370 3570/1588/2370 3571/1348/2175 3388/1345/2175
f 3586/1590/971 3585/1593/971 3583/1592/971 3584/1591/971
f 3587/1594/2377 3593/1597/2378 3591/1596/2379 3590/1595/2380
f 3588/1598/2381 3590/1595/2380 3591/1596/2379 3592/1599/2382
f 3589/1600/2383 3592/1599/2382 3591/1596/2379 3593/1597/2378
f 3594/1601/2384 3600/1604/2385 3598/1603/2386 3597/1602/2387
f 3595/1605/2388 3597/1602/2387 3598/1603/2386 3599/1606/2389
f 3596/1607/2390 3599/1606/2389 3598/1603/2386 3600/1604/2385
f 3601/1608/2391 3607/1611/2392 3605/1610/2393 3604/1609/2394
f 3602/1612/2395 3604/1609/2394 3605/1610/2393 3606/1613/2396
f 3603/1614/2397 3606/1613/2396 3605/1610/2393 3607/1611/2392
f 3608/1615/2398 3614/1618/2399 3612/1617/2400 3611/1616/2401
f 3609/1619/2402 3611/1616/2401 3612/1617/2400 3613/1620/2403
f 3610/1621/2404 3613/1620/2403 3612/1617/2400 3614/1618/2399
f 3594/1601/2384 3589/1600/2383 3593/1597/2378 3587/1594/2377 3603/1614/2397 3607/1611/2392 3601/1608/2391 3610/1621/2404 3614/1618/2399 3608/1615/2398 3596/1607/2390 3600/1604/2385
f 3589/1622/2383 3594/1629/2384 3597/1628/2387 3595/1627/2388 3584/1626/2405 3583/1625/2405 3588/1624/2381 3592/1623/2382
f 3603/1630/2397 3587/1637/2377 3590/1636/2380 3588/1635/2381 3583/1634/2406 3585/1633/2406 3602/1632/2395 3606/1631/2396
f 3596/1638/2390 3608/1643/2398 3611/1642/2401 3609/1641/2402 3586/1640/2407 3584/1626/2407 3595/1627/2388 3599/1639/2389
f 3610/1644/2404 3601/1651/2391 3604/1650/2394 3602/1649/2395 3585/1648/2408 3586/1647/2408 3609/1646/2402 3613/1645/2403
f 3615/1652/1188 3617/1655/1188 3618/1654/1188 3616/1653/1188
f 3617/1655/1147 3621/1658/1147 3622/1657/1147 3618/1656/1147
f 3621/1658/1187 3619/1661/1187 3620/1660/1187 3622/1659/1187
f 3619/1661/1143 3615/1652/1143 3616/1663/1143 3620/1662/1143
f 3617/1655/9 3615/1652/9 3619/1661/9 3621/1658/9
f 3622/1664/971 3620/1666/971 3616/1665/971 3618/1165/971
f 3624/1109/2173 3814/1110/2173 3813/1668/2174 3626/1667/2174
f 3638/1669/2175 3821/1672/2175 3822/1671/2176 3640/1670/2176
f 3628/1673/2177 3816/1676/2177 3817/1675/2178 3630/1674/2178
f 3810/1677/2179 3830/1680/2179 3829/1679/2180 3809/1678/2180
f 3811/1681/2181 3831/1682/2181 3830/1680/2179 3810/1677/2179
f 3642/1683/2182 3823/1686/2182 3814/1685/2173 3624/1684/2173
f 3632/1687/2183 3818/1690/2183 3819/1689/2184 3634/1688/2184
f 3804/1691/2185 3824/1692/2185 3815/1340/2186 3803/1322/2186
f 3812/1693/2187 3832/1694/2187 3831/1682/2181 3811/1681/2181
f 3805/1695/2188 3825/1696/2188 3824/1692/2185 3804/1691/2185
f 3623/1697/9 3641/1706/9 3639/1705/9 3637/1704/9 3635/1703/9 3633/1702/9 3631/1701/9 3629/1700/9 3627/1699/9 3625/1698/9
f 3678/1707/2189 3688/1710/2190 3687/1709/2191 3677/1708/2192
f 3684/1711/971 3685/1720/971 3686/1719/971 3687/1718/971 3688/1717/971 3689/1716/971 3690/1715/971 3691/1714/971 3692/1713/971 3683/1712/971
f 3675/1721/2409 3685/1724/2194 3684/1723/2195 3674/1722/2196
f 3682/1725/2197 3692/1728/2198 3691/1727/2199 3681/1726/2410
f 3679/1729/2201 3689/1730/2202 3688/1710/2190 3678/1707/2189
f 3676/1731/2411 3686/1732/2204 3685/1724/2194 3675/1721/2409
f 3673/1733/2205 3683/1734/2206 3692/1728/2198 3682/1725/2197
f 3680/1735/2412 3690/1736/2208 3689/1730/2202 3679/1729/2201
f 3677/1708/2192 3687/1709/2191 3686/1732/2204 3676/1731/2411
f 3674/1722/2196 3684/1723/2195 3683/1161/2206 3673/1160/2205
f 3681/1726/2410 3691/1727/2199 3690/1736/2208 3680/1735/2412
f 3697/1737/2209 3698/1738/2210 3695/1197/2211 3693/1196/2212
f 3698/1738/2210 3696/1739/2213 3694/1198/2214 3695/1197/2211
f 3700/1740/2215 3701/1741/2413 3698/1738/2210 3697/1737/2209
f 3701/1741/2413 3699/1742/2217 3696/1739/2213 3698/1738/2210
f 3703/1743/2218 3704/1744/2414 3701/1741/2413 3700/1740/2215
f 3704/1744/2414 3702/1745/2220 3699/1742/2217 3701/1741/2413
f 3706/1746/2221 3707/1747/2222 3704/1744/2414 3703/1743/2218
f 3707/1747/2222 3705/1748/2223 3702/1745/2220 3704/1744/2414
f 3709/1749/2224 3710/1750/2225 3707/1747/2222 3706/1746/2221
f 3710/1750/2225 3708/1751/2226 3705/1748/2223 3707/1747/2222
f 3712/1752/2227 3713/1753/2228 3710/1750/2225 3709/1749/2224
f 3713/1753/2228 3711/1754/2229 3708/1751/2226 3710/1750/2225
f 3715/1755/2230 3716/1756/2231 3713/1753/2228 3712/1752/2227
f 3716/1756/2231 3714/1757/2232 3711/1754/2229 3713/1753/2228
f 3718/1758/2233 3719/1759/2234 3716/1756/2231 3715/1755/2230
f 3719/1759/2234 3717/1760/2235 3714/1757/2232 3716/1756/2231
f 3721/1761/2236 3722/1762/2237 3719/1759/2234 3718/1758/2233
f 3722/1762/2237 3720/1763/2238 3717/1760/2235 3719/1759/2234
f 3693/1764/2212 3695/1765/2211 3722/1762/2237 3721/1761/2236
f 3695/1765/2211 3694/1766/2214 3720/1763/2238 3722/1762/2237
f 3696/1739/2213 3644/1767/2239 3643/1202/2240 3694/1198/2214
f 3626/1667/2241 3697/1737/2209 3693/1196/2212 3624/1109/2242
f 3694/1766/2214 3643/1769/2240 3652/1768/2243 3720/1763/2238
f 3624/1684/2242 3693/1764/2212 3721/1761/2236 3642/1683/2415
f 3628/1673/2245 3700/1740/2215 3697/1737/2209 3626/1667/2241
f 3699/1742/2217 3645/1770/2246 3644/1767/2239 3696/1739/2213
f 3630/1674/2247 3703/1743/2218 3700/1740/2215 3628/1673/2245
f 3702/1745/2220 3646/1771/2248 3645/1770/2246 3699/1742/2217
f 3632/1687/2373 3706/1746/2221 3703/1743/2218 3630/1674/2247
f 3705/1748/2223 3647/1772/2250 3646/1771/2248 3702/1745/2220
f 3708/1751/2226 3648/1773/2251 3647/1772/2250 3705/1748/2223
f 3634/1688/2252 3709/1749/2224 3706/1746/2221 3632/1687/2373
f 3636/1774/2253 3712/1752/2227 3709/1749/2224 3634/1688/2252
f 3711/1754/2229 3649/1775/2254 3648/1773/2251 3708/1751/2226
f 3638/1669/2255 3715/1755/2230 3712/1752/2227 3636/1774/2253
f 3714/1757/2232 3650/1776/2256 3649/1775/2254 3711/1754/2229
f 3640/1670/2257 3718/1758/2233 3715/1755/2230 3638/1669/2255
f 3717/1760/2235 3651/1777/2258 3650/1776/2256 3714/1757/2232
f 3642/1683/2415 3721/1761/2236 3718/1758/2233 3640/1670/2257
f 3720/1763/2238 3652/1768/2243 3651/1777/2258 3717/1760/2235
f 3727/1778/2259 3728/1779/2260 3725/1242/2261 3723/1241/2262
f 3728/1779/2260 3726/1780/2263 3724/1243/2264 3725/1242/2261
f 3730/1781/2265 3731/1782/2266 3728/1779/2260 3727/1778/2259
f 3731/1782/2266 3729/1783/2267 3726/1780/2263 3728/1779/2260
f 3733/1784/2268 3734/1785/2269 3731/1782/2266 3730/1781/2265
f 3734/1785/2269 3732/1786/2270 3729/1783/2267 3731/1782/2266
f 3736/1787/2271 3737/1788/2272 3734/1785/2269 3733/1784/2268
f 3737/1788/2272 3735/1789/2273 3732/1786/2270 3734/1785/2269
f 3739/1790/2274 3740/1791/2275 3737/1788/2272 3736/1787/2271
f 3740/1791/2275 3738/1792/2276 3735/1789/2273 3737/1788/2272
f 3742/1793/2277 3743/1794/2278 3740/1791/2275 3739/1790/2274
f 3743/1794/2278 3741/1795/2279 3738/1792/2276 3740/1791/2275
f 3745/1796/2280 3746/1797/2281 3743/1794/2278 3742/1793/2277
f 3746/1797/2281 3744/1798/2282 3741/1795/2279 3743/1794/2278
f 3748/1799/2283 3749/1800/2284 3746/1797/2281 3745/1796/2280
f 3749/1800/2284 3747/1801/2285 3744/1798/2282 3746/1797/2281
f 3751/1802/2286 3752/1803/2287 3749/1800/2284 3748/1799/2283
f 3752/1803/2287 3750/1804/2288 3747/1801/2285 3749/1800/2284
f 3723/1805/2262 3725/1806/2261 3752/1803/2287 3751/1802/2286
f 3725/1806/2261 3724/1807/2264 3750/1804/2288 3752/1803/2287
f 3726/1780/2263 3654/1808/2289 3653/1247/2290 3724/1243/2264
f 3644/1767/2239 3727/1778/2259 3723/1241/2262 3643/1202/2240
f 3724/1807/2264 3653/1810/2290 3662/1809/2416 3750/1804/2288
f 3643/1769/2240 3723/1805/2262 3751/1802/2286 3652/1768/2243
f 3645/1770/2246 3730/1781/2265 3727/1778/2259 3644/1767/2239
f 3729/1783/2267 3655/1811/2292 3654/1808/2289 3726/1780/2263
f 3646/1771/2248 3733/1784/2268 3730/1781/2265 3645/1770/2246
f 3732/1786/2270 3656/1812/2293 3655/1811/2292 3729/1783/2267
f 3647/1772/2250 3736/1787/2271 3733/1784/2268 3646/1771/2248
f 3735/1789/2273 3657/1813/2294 3656/1812/2293 3732/1786/2270
f 3648/1773/2251 3739/1790/2274 3736/1787/2271 3647/1772/2250
f 3738/1792/2276 3658/1814/2295 3657/1813/2294 3735/1789/2273
f 3649/1775/2254 3742/1793/2277 3739/1790/2274 3648/1773/2251
f 3741/1795/2279 3659/1815/2417 3658/1814/2295 3738/1792/2276
f 3650/1776/2256 3745/1796/2280 3742/1793/2277 3649/1775/2254
f 3744/1798/2282 3660/1816/2297 3659/1815/2417 3741/1795/2279
f 3651/1777/2258 3748/1799/2283 3745/1796/2280 3650/1776/2256
f 3747/1801/2285 3661/1817/2298 3660/1816/2297 3744/1798/2282
f 3750/1804/2288 3662/1809/2416 3661/1817/2298 3747/1801/2285
f 3652/1768/2243 3751/1802/2286 3748/1799/2283 3651/1777/2258
f 3756/1818/2299 3755/1819/2300 3754/1276/2301 3753/1275/2302
f 3758/1820/2303 3757/1821/2304 3755/1819/2300 3756/1818/2299
f 3760/1822/2305 3759/1823/2306 3757/1821/2304 3758/1820/2303
f 3762/1824/2307 3761/1825/2308 3759/1823/2306 3760/1822/2305
f 3764/1826/2309 3763/1827/2310 3761/1825/2308 3762/1824/2307
f 3766/1828/2311 3765/1829/2312 3763/1827/2310 3764/1826/2309
f 3768/1830/2313 3767/1831/2314 3765/1829/2312 3766/1828/2311
f 3770/1832/2315 3769/1833/2316 3767/1831/2314 3768/1830/2313
f 3772/1834/2317 3771/1835/2318 3769/1833/2316 3770/1832/2315
f 3753/1836/2302 3754/1837/2301 3771/1835/2318 3772/1834/2317
f 3755/1819/2300 3664/1838/2319 3663/1280/2320 3754/1276/2301
f 3654/1808/2289 3756/1818/2299 3753/1275/2302 3653/1247/2290
f 3754/1837/2301 3663/1840/2320 3672/1839/2321 3771/1835/2318
f 3653/1810/2290 3753/1836/2302 3772/1834/2317 3662/1809/2416
f 3655/1811/2292 3758/1820/2303 3756/1818/2299 3654/1808/2289
f 3757/1821/2304 3665/1841/2322 3664/1838/2319 3755/1819/2300
f 3656/1812/2293 3760/1822/2305 3758/1820/2303 3655/1811/2292
f 3759/1823/2306 3666/1842/2323 3665/1841/2322 3757/1821/2304
f 3657/1813/2294 3762/1824/2307 3760/1822/2305 3656/1812/2293
f 3761/1825/2308 3667/1843/2324 3666/1842/2323 3759/1823/2306
f 3763/1827/2310 3668/1844/2325 3667/1843/2324 3761/1825/2308
f 3658/1814/2295 3764/1826/2309 3762/1824/2307 3657/1813/2294
f 3659/1815/2417 3766/1828/2311 3764/1826/2309 3658/1814/2295
f 3765/1829/2312 3669/1845/2326 3668/1844/2325 3763/1827/2310
f 3660/1816/2297 3768/1830/2313 3766/1828/2311 3659/1815/2417
f 3767/1831/2314 3670/1846/2327 3669/1845/2326 3765/1829/2312
f 3661/1817/2298 3770/1832/2315 3768/1830/2313 3660/1816/2297
f 3769/1833/2316 3671/1847/2328 3670/1846/2327 3767/1831/2314
f 3662/1809/2416 3772/1834/2317 3770/1832/2315 3661/1817/2298
f 3771/1835/2318 3672/1839/2321 3671/1847/2328 3769/1833/2316
f 3777/1848/2329 3778/1849/2330 3775/1319/2331 3773/1318/2332
f 3778/1849/2330 3776/1850/2418 3774/1320/2334 3775/1319/2331
f 3780/1851/2335 3781/1852/2336 3778/1849/2330 3777/1848/2329
f 3781/1852/2336 3779/1853/2337 3776/1850/2418 3778/1849/2330
f 3783/1854/2338 3784/1855/2339 3781/1852/2336 3780/1851/2335
f 3784/1855/2339 3782/1856/2340 3779/1853/2337 3781/1852/2336
f 3786/1857/2341 3787/1858/2342 3784/1855/2339 3783/1854/2338
f 3787/1858/2342 3785/1859/2343 3782/1856/2340 3784/1855/2339
f 3789/1860/2344 3790/1861/2345 3787/1858/2342 3786/1857/2341
f 3790/1861/2345 3788/1862/2346 3785/1859/2343 3787/1858/2342
f 3792/1863/2347 3793/1864/2348 3790/1861/2345 3789/1860/2344
f 3793/1864/2348 3791/1865/2349 3788/1862/2346 3790/1861/2345
f 3795/1866/2350 3796/1867/2351 3793/1864/2348 3792/1863/2347
f 3796/1867/2351 3794/1868/2352 3791/1865/2349 3793/1864/2348
f 3798/1869/2353 3799/1870/2354 3796/1867/2351 3795/1866/2350
f 3799/1870/2354 3797/1871/2355 3794/1868/2352 3796/1867/2351
f 3801/1872/2356 3802/1873/2357 3799/1870/2354 3798/1869/2353
f 3802/1873/2357 3800/1874/2419 3797/1871/2355 3799/1870/2354
f 3773/1875/2332 3775/1876/2331 3802/1873/2357 3801/1872/2356
f 3775/1876/2331 3774/1877/2334 3800/1874/2419 3802/1873/2357
f 3776/1850/2418 3674/1722/2196 3673/1160/2205 3774/1320/2334
f 3664/1838/2319 3777/1848/2329 3773/1318/2332 3663/1280/2320
f 3774/1877/2334 3673/1733/2205 3682/1725/2197 3800/1874/2419
f 3663/1840/2320 3773/1875/2332 3801/1872/2356 3672/1839/2321
f 3665/1841/2322 3780/1851/2335 3777/1848/2329 3664/1838/2319
f 3779/1853/2337 3675/1721/2409 3674/1722/2196 3776/1850/2418
f 3666/1842/2323 3783/1854/2338 3780/1851/2335 3665/1841/2322
f 3782/1856/2340 3676/1731/2411 3675/1721/2409 3779/1853/2337
f 3667/1843/2324 3786/1857/2341 3783/1854/2338 3666/1842/2323
f 3785/1859/2343 3677/1708/2192 3676/1731/2411 3782/1856/2340
f 3668/1844/2325 3789/1860/2344 3786/1857/2341 3667/1843/2324
f 3788/1862/2346 3678/1707/2189 3677/1708/2192 3785/1859/2343
f 3669/1845/2326 3792/1863/2347 3789/1860/2344 3668/1844/2325
f 3791/1865/2349 3679/1729/2201 3678/1707/2189 3788/1862/2346
f 3670/1846/2327 3795/1866/2350 3792/1863/2347 3669/1845/2326
f 3794/1868/2352 3680/1735/2412 3679/1729/2201 3791/1865/2349
f 3671/1847/2328 3798/1869/2353 3795/1866/2350 3670/1846/2327
f 3797/1871/2355 3681/1726/2410 3680/1735/2412 3794/1868/2352
f 3800/1874/2419 3682/1725/2197 3681/1726/2410 3797/1871/2355
f 3672/1839/2321 3801/1872/2356 3798/1869/2353 3671/1847/2328
f 3641/1878/2359 3623/1880/2360 3803/1879/2360 3812/1693/2359
f 3639/1881/2361 3641/1878/2359 3812/1693/2359 3811/1681/2361
f 3637/1882/2362 3639/1881/2361 3811/1681/2361 3810/1677/2362
f 3635/1883/2363 3637/1882/2362 3810/1677/2362 3809/1678/2363
f 3633/1884/2364 3635/1883/2363 3809/1678/2363 3808/1885/2364
f 3631/1886/2365 3633/1884/2364 3808/1885/2364 3807/1887/2365
f 3629/1888/2366 3631/1886/2365 3807/1887/2365 3806/1889/2366
f 3627/1890/2367 3629/1888/2366 3806/1889/2366 3805/1695/2367
f 3625/1891/2368 3627/1890/2367 3805/1695/2367 3804/1691/2368
f 3623/1323/2360 3625/1891/2368 3804/1691/2368 3803/1322/2360
f 3815/1340/1147 3824/1692/1146 3813/1668/1146 3814/1110/1147
f 3824/1692/1146 3825/1696/1145 3816/1676/1145 3813/1668/1146
f 3825/1696/1145 3826/1892/1144 3817/1675/1144 3816/1676/1145
f 3826/1892/1144 3827/1893/1142 3818/1690/1142 3817/1675/1144
f 3827/1893/1142 3828/1894/1143 3819/1689/1143 3818/1690/1142
f 3828/1894/1143 3829/1679/1151 3820/1895/1151 3819/1689/1143
f 3829/1679/1151 3830/1680/1150 3821/1672/1150 3820/1895/1151
f 3830/1680/1150 3831/1682/1149 3822/1671/1149 3821/1672/1150
f 3831/1682/1149 3832/1694/1148 3823/1686/1148 3822/1671/1149
f 3832/1694/1148 3815/1896/1147 3814/1685/1147 3823/1686/1148
f 3809/1678/2180 3829/1679/2180 3828/1894/2369 3808/1885/2369
f 3634/1688/2184 3819/1689/2184 3820/1895/2370 3636/1774/2370
f 3808/1885/2369 3828/1894/2369 3827/1893/2371 3807/1887/2371
f 3807/1887/2371 3827/1893/2371 3826/1892/2372 3806/1889/2372
f 3630/1674/2178 3817/1675/2178 3818/1690/2183 3632/1687/2183
f 3640/1670/2176 3822/1671/2176 3823/1686/2182 3642/1683/2182
f 3806/1889/2372 3826/1892/2372 3825/1696/2188 3805/1695/2188
f 3803/1879/2186 3815/1896/2186 3832/1694/2187 3812/1693/2187
f 3626/1667/2174 3813/1668/2174 3816/1676/2177 3628/1673/2177
f 3636/1774/2370 3820/1895/2370 3821/1672/2175 3638/1669/2175
f 3836/1897/971 3835/1590/971 3833/1591/971 3834/1898/971
f 3837/1899/2377 3843/1902/2378 3841/1901/2420 3840/1900/2380
f 3838/1903/2381 3840/1900/2380 3841/1901/2420 3842/1904/2382
f 3839/1905/2383 3842/1904/2382 3841/1901/2420 3843/1902/2378
f 3844/1906/2384 3850/1909/2385 3848/1908/2421 3847/1907/2387
f 3845/1910/2388 3847/1907/2387 3848/1908/2421 3849/1911/2389
f 3846/1912/2390 3849/1911/2389 3848/1908/2421 3850/1909/2385
f 3851/1913/2391 3857/1916/2392 3855/1915/2422 3854/1914/2394
f 3852/1917/2395 3854/1914/2394 3855/1915/2422 3856/1918/2396
f 3853/1919/2397 3856/1918/2396 3855/1915/2422 3857/1916/2392
f 3858/1920/2398 3864/1923/2399 3862/1922/2423 3861/1921/2401
f 3859/1924/2402 3861/1921/2401 3862/1922/2423 3863/1925/2403
f 3860/1926/2404 3863/1925/2403 3862/1922/2423 3864/1923/2399
f 3844/1906/2384 3839/1905/2383 3843/1902/2378 3837/1899/2377 3853/1919/2397 3857/1916/2392 3851/1913/2391 3860/1926/2404 3864/1923/2399 3858/1920/2398 3846/1912/2390 3850/1909/2385
f 3839/1927/2383 3844/1934/2384 3847/1933/2387 3845/1932/2388 3834/1931/2405 3833/1930/2405 3838/1929/2381 3842/1928/2382
f 3853/1935/2397 3837/1942/2377 3840/1941/2380 3838/1940/2381 3833/1939/2406 3835/1938/2406 3852/1937/2395 3856/1936/2396
f 3846/1943/2390 3858/1948/2398 3861/1947/2401 3859/1946/2402 3836/1945/2407 3834/1931/2407 3845/1932/2388 3849/1944/2389
f 3860/1949/2404 3851/1956/2391 3854/1955/2394 3852/1954/2395 3835/1953/2408 3836/1952/2408 3859/1951/2402 3863/1950/2403
f 3868/1957/971 3867/1897/971 3865/1898/971 3866/1958/971
f 3869/1959/2377 3875/1962/2378 3873/1961/2424 3872/1960/2380
f 3870/1917/2381 3872/1960/2380 3873/1961/2424 3874/1963/2382
f 3871/1964/2383 3874/1963/2382 3873/1961/2424 3875/1962/2378
f 3876/1965/2384 3882/1968/2385 3880/1967/2386 3879/1966/2387
f 3877/1924/2388 3879/1966/2387 3880/1967/2386 3881/1969/2389
f 3878/1970/2390 3881/1969/2389 3880/1967/2386 3882/1968/2385
f 3883/1971/2391 3889/1974/2392 3887/1973/2425 3886/1972/2394
f 3884/1598/2395 3886/1972/2394 3887/1973/2425 3888/1975/2396
f 3885/1976/2397 3888/1975/2396 3887/1973/2425 3889/1974/2392
f 3890/1977/2398 3896/1980/2399 3894/1979/2423 3893/1978/2401
f 3891/1605/2402 3893/1978/2401 3894/1979/2423 3895/1981/2403
f 3892/1982/2404 3895/1981/2403 3894/1979/2423 3896/1980/2399
f 3876/1965/2384 3871/1964/2383 3875/1962/2378 3869/1959/2377 3885/1976/2397 3889/1974/2392 3883/1971/2391 3892/1982/2404 3896/1980/2399 3890/1977/2398 3878/1970/2390 3882/1968/2385
f 3871/1983/2383 3876/1990/2384 3879/1989/2387 3877/1988/2388 3866/1987/2405 3865/1986/2405 3870/1985/2381 3874/1984/2382
f 3885/1991/2397 3869/1998/2377 3872/1997/2380 3870/1996/2381 3865/1995/2406 3867/1994/2406 3884/1993/2395 3888/1992/2396
f 3878/1999/2390 3890/2004/2398 3893/2003/2401 3891/2002/2402 3868/2001/2407 3866/1987/2407 3877/1988/2388 3881/2000/2389
f 3892/2005/2404 3883/2010/2391 3886/2009/2394 3884/1993/2395 3867/1994/2408 3868/2008/2408 3891/2007/2402 3895/2006/2403
f 3898/1684/2173 4088/1685/2173 4087/2012/2174 3900/2011/2174
f 3912/2013/2175 4095/2016/2175 4096/2015/2176 3914/2014/2176
f 3902/2017/2177 4090/2020/2177 4091/2019/2178 3904/2018/2178
f 4084/2021/2179 4104/2024/2179 4103/2023/2180 4083/2022/2180
f 4085/2025/2181 4105/2026/2181 4104/2024/2179 4084/2021/2179
f 3916/2027/2182 4097/2030/2182 4088/2029/2173 3898/2028/2173
f 3906/2031/2183 4092/2034/2183 4093/2033/2184 3908/2032/2184
f 4078/2035/2185 4098/2036/2185 4089/1896/2186 4077/1879/2186
f 4086/2037/2187 4106/2038/2187 4105/2026/2181 4085/2025/2181
f 4079/2039/2188 4099/2040/2188 4098/2036/2185 4078/2035/2185
f 3897/2041/9 3915/2048/9 3913/2047/9 3911/2046/9 3909/2045/9 3907/2044/9 3905/2043/9 3903/1704/9 3901/1705/9 3899/2042/9
f 3952/2049/2189 3962/2052/2190 3961/2051/2191 3951/2050/2192
f 3958/2053/971 3959/2060/971 3960/2059/971 3961/2058/971 3962/1387/971 3963/1388/971 3964/2057/971 3965/2056/971 3966/2055/971 3957/2054/971
f 3949/2061/2409 3959/2064/2194 3958/2063/2195 3948/2062/2196
f 3956/2065/2197 3966/2068/2198 3965/2067/2199 3955/2066/2410
f 3953/2069/2201 3963/2070/2202 3962/2052/2190 3952/2049/2189
f 3950/2071/2411 3960/2072/2204 3959/2064/2194 3949/2061/2409
f 3947/2073/2205 3957/2074/2206 3966/2068/2198 3956/2065/2197
f 3954/2075/2412 3964/2076/2208 3963/2070/2202 3953/2069/2201
f 3951/2050/2192 3961/2051/2191 3960/2072/2204 3950/2071/2411
f 3948/2062/2196 3958/2063/2195 3957/1734/2206 3947/1733/2205
f 3955/2066/2410 3965/2067/2199 3964/2076/2208 3954/2075/2412
f 3971/2077/2209 3972/2078/2210 3969/1765/2211 3967/1764/2212
f 3972/2078/2210 3970/2079/2213 3968/1766/2214 3969/1765/2211
f 3974/2080/2215 3975/2081/2413 3972/2078/2210 3971/2077/2209
f 3975/2081/2413 3973/2082/2217 3970/2079/2213 3972/2078/2210
f 3977/2083/2218 3978/2084/2219 3975/2081/2413 3974/2080/2215
f 3978/2084/2219 3976/2085/2220 3973/2082/2217 3975/2081/2413
f 3980/2086/2221 3981/2087/2222 3978/2084/2219 3977/2083/2218
f 3981/2087/2222 3979/2088/2223 3976/2085/2220 3978/2084/2219
f 3983/2089/2224 3984/2090/2225 3981/2087/2222 3980/2086/2221
f 3984/2090/2225 3982/2091/2226 3979/2088/2223 3981/2087/2222
f 3986/2092/2227 3987/2093/2228 3984/2090/2225 3983/2089/2224
f 3987/2093/2228 3985/2094/2229 3982/2091/2226 3984/2090/2225
f 3989/2095/2230 3990/2096/2231 3987/2093/2228 3986/2092/2227
f 3990/2096/2231 3988/2097/2232 3985/2094/2229 3987/2093/2228
f 3992/2098/2233 3993/2099/2234 3990/2096/2231 3989/2095/2230
f 3993/2099/2234 3991/2100/2235 3988/2097/2232 3990/2096/2231
f 3995/2101/2236 3996/2102/2426 3993/2099/2234 3992/2098/2233
f 3996/2102/2426 3994/2103/2238 3991/2100/2235 3993/2099/2234
f 3967/2104/2212 3969/2105/2211 3996/2102/2426 3995/2101/2236
f 3969/2105/2211 3968/2106/2214 3994/2103/2238 3996/2102/2426
f 3970/2079/2213 3918/2107/2239 3917/1769/2240 3968/1766/2214
f 3900/2011/2241 3971/2077/2209 3967/1764/2212 3898/1684/2242
f 3968/2106/2214 3917/2109/2240 3926/2108/2243 3994/2103/2238
f 3898/2028/2242 3967/2104/2212 3995/2101/2236 3916/2027/2415
f 3902/2017/2245 3974/2080/2215 3971/2077/2209 3900/2011/2241
f 3973/2082/2217 3919/2110/2246 3918/2107/2239 3970/2079/2213
f 3904/2018/2247 3977/2083/2218 3974/2080/2215 3902/2017/2245
f 3976/2085/2220 3920/2111/2248 3919/2110/2246 3973/2082/2217
f 3906/2031/2373 3980/2086/2221 3977/2083/2218 3904/2018/2247
f 3979/2088/2223 3921/2112/2250 3920/2111/2248 3976/2085/2220
f 3982/2091/2226 3922/2113/2251 3921/2112/2250 3979/2088/2223
f 3908/2032/2252 3983/2089/2224 3980/2086/2221 3906/2031/2373
f 3910/2114/2253 3986/2092/2227 3983/2089/2224 3908/2032/2252
f 3985/2094/2229 3923/2115/2254 3922/2113/2251 3982/2091/2226
f 3912/2013/2255 3989/2095/2230 3986/2092/2227 3910/2114/2253
f 3988/2097/2232 3924/2116/2256 3923/2115/2254 3985/2094/2229
f 3914/2014/2257 3992/2098/2233 3989/2095/2230 3912/2013/2255
f 3991/2100/2235 3925/2117/2258 3924/2116/2256 3988/2097/2232
f 3916/2027/2415 3995/2101/2236 3992/2098/2233 3914/2014/2257
f 3994/2103/2238 3926/2108/2243 3925/2117/2258 3991/2100/2235
f 4001/2118/2259 4002/2119/2260 3999/1806/2261 3997/1805/2262
f 4002/2119/2260 4000/2120/2263 3998/1807/2264 3999/1806/2261
f 4004/2121/2265 4005/2122/2266 4002/2119/2260 4001/2118/2259
f 4005/2122/2266 4003/2123/2267 4000/2120/2263 4002/2119/2260
f 4007/2124/2268 4008/2125/2269 4005/2122/2266 4004/2121/2265
f 4008/2125/2269 4006/2126/2270 4003/2123/2267 4005/2122/2266
f 4010/2127/2271 4011/2128/2272 4008/2125/2269 4007/2124/2268
f 4011/2128/2272 4009/2129/2273 4006/2126/2270 4008/2125/2269
f 4013/2130/2274 4014/2131/2275 4011/2128/2272 4010/2127/2271
f 4014/2131/2275 4012/2132/2276 4009/2129/2273 4011/2128/2272
f 4016/2133/2277 4017/2134/2278 4014/2131/2275 4013/2130/2274
f 4017/2134/2278 4015/2135/2279 4012/2132/2276 4014/2131/2275
f 4019/2136/2280 4020/2137/2281 4017/2134/2278 4016/2133/2277
f 4020/2137/2281 4018/2138/2282 4015/2135/2279 4017/2134/2278
f 4022/2139/2283 4023/2140/2284 4020/2137/2281 4019/2136/2280
f 4023/2140/2284 4021/2141/2285 4018/2138/2282 4020/2137/2281
f 4025/2142/2286 4026/2143/2287 4023/2140/2284 4022/2139/2283
f 4026/2143/2287 4024/2144/2288 4021/2141/2285 4023/2140/2284
f 3997/2145/2262 3999/2146/2261 4026/2143/2287 4025/2142/2286
f 3999/2146/2261 3998/2147/2264 4024/2144/2288 4026/2143/2287
f 4000/2120/2263 3928/2148/2289 3927/1810/2290 3998/1807/2264
f 3918/2107/2239 4001/2118/2259 3997/1805/2262 3917/1769/2240
f 3998/2147/2264 3927/2150/2290 3936/2149/2291 4024/2144/2288
f 3917/2109/2240 3997/2145/2262 4025/2142/2286 3926/2108/2243
f 3919/2110/2246 4004/2121/2265 4001/2118/2259 3918/2107/2239
f 4003/2123/2267 3929/2151/2292 3928/2148/2289 4000/2120/2263
f 3920/2111/2248 4007/2124/2268 4004/2121/2265 3919/2110/2246
f 4006/2126/2270 3930/2152/2293 3929/2151/2292 4003/2123/2267
f 3921/2112/2250 4010/2127/2271 4007/2124/2268 3920/2111/2248
f 4009/2129/2273 3931/2153/2294 3930/2152/2293 4006/2126/2270
f 3922/2113/2251 4013/2130/2274 4010/2127/2271 3921/2112/2250
f 4012/2132/2276 3932/2154/2295 3931/2153/2294 4009/2129/2273
f 3923/2115/2254 4016/2133/2277 4013/2130/2274 3922/2113/2251
f 4015/2135/2279 3933/2155/2296 3932/2154/2295 4012/2132/2276
f 3924/2116/2256 4019/2136/2280 4016/2133/2277 3923/2115/2254
f 4018/2138/2282 3934/2156/2297 3933/2155/2296 4015/2135/2279
f 3925/2117/2258 4022/2139/2283 4019/2136/2280 3924/2116/2256
f 4021/2141/2285 3935/2157/2298 3934/2156/2297 4018/2138/2282
f 4024/2144/2288 3936/2149/2291 3935/2157/2298 4021/2141/2285
f 3926/2108/2243 4025/2142/2286 4022/2139/2283 3925/2117/2258
f 4030/2158/2299 4029/2159/2300 4028/1837/2301 4027/1836/2302
f 4032/2160/2303 4031/2161/2304 4029/2159/2300 4030/2158/2299
f 4034/2162/2305 4033/2163/2306 4031/2161/2304 4032/2160/2303
f 4036/2164/2307 4035/2165/2308 4033/2163/2306 4034/2162/2305
f 4038/2166/2309 4037/2167/2310 4035/2165/2308 4036/2164/2307
f 4040/2168/2311 4039/2169/2312 4037/2167/2310 4038/2166/2309
f 4042/2170/2313 4041/2171/2314 4039/2169/2312 4040/2168/2311
f 4044/2172/2315 4043/2173/2316 4041/2171/2314 4042/2170/2313
f 4046/2174/2317 4045/2175/2318 4043/2173/2316 4044/2172/2315
f 4027/2176/2302 4028/2177/2301 4045/2175/2318 4046/2174/2317
f 4029/2159/2300 3938/2178/2319 3937/1840/2320 4028/1837/2301
f 3928/2148/2289 4030/2158/2299 4027/1836/2302 3927/1810/2290
f 4028/2177/2301 3937/2180/2320 3946/2179/2321 4045/2175/2318
f 3927/2150/2290 4027/2176/2302 4046/2174/2317 3936/2149/2291
f 3929/2151/2292 4032/2160/2303 4030/2158/2299 3928/2148/2289
f 4031/2161/2304 3939/2181/2322 3938/2178/2319 4029/2159/2300
f 3930/2152/2293 4034/2162/2305 4032/2160/2303 3929/2151/2292
f 4033/2163/2306 3940/2182/2323 3939/2181/2322 4031/2161/2304
f 3931/2153/2294 4036/2164/2307 4034/2162/2305 3930/2152/2293
f 4035/2165/2308 3941/2183/2324 3940/2182/2323 4033/2163/2306
f 4037/2167/2310 3942/2184/2325 3941/2183/2324 4035/2165/2308
f 3932/2154/2295 4038/2166/2309 4036/2164/2307 3931/2153/2294
f 3933/2155/2296 4040/2168/2311 4038/2166/2309 3932/2154/2295
f 4039/2169/2312 3943/2185/2326 3942/2184/2325 4037/2167/2310
f 3934/2156/2297 4042/2170/2313 4040/2168/2311 3933/2155/2296
f 4041/2171/2314 3944/2186/2327 3943/2185/2326 4039/2169/2312
f 3935/2157/2298 4044/2172/2315 4042/2170/2313 3934/2156/2297
f 4043/2173/2316 3945/2187/2328 3944/2186/2327 4041/2171/2314
f 3936/2149/2291 4046/2174/2317 4044/2172/2315 3935/2157/2298
f 4045/2175/2318 3946/2179/2321 3945/2187/2328 4043/2173/2316
f 4051/2188/2329 4052/2189/2330 4049/1876/2331 4047/1875/2332
f 4052/2189/2330 4050/2190/2333 4048/1877/2334 4049/1876/2331
f 4054/2191/2335 4055/2192/2336 4052/2189/2330 4051/2188/2329
f 4055/2192/2336 4053/2193/2337 4050/2190/2333 4052/2189/2330
f 4057/2194/2338 4058/2195/2339 4055/2192/2336 4054/2191/2335
f 4058/2195/2339 4056/2196/2340 4053/2193/2337 4055/2192/2336
f 4060/2197/2341 4061/2198/2342 4058/2195/2339 4057/2194/2338
f 4061/2198/2342 4059/2199/2343 4056/2196/2340 4058/2195/2339
f 4063/2200/2344 4064/2201/2345 4061/2198/2342 4060/2197/2341
f 4064/2201/2345 4062/2202/2346 4059/2199/2343 4061/2198/2342
f 4066/2203/2347 4067/2204/2348 4064/2201/2345 4063/2200/2344
f 4067/2204/2348 4065/2205/2349 4062/2202/2346 4064/2201/2345
f 4069/2206/2350 4070/2207/2351 4067/2204/2348 4066/2203/2347
f 4070/2207/2351 4068/2208/2352 4065/2205/2349 4067/2204/2348
f 4072/2209/2353 4073/2210/2354 4070/2207/2351 4069/2206/2350
f 4073/2210/2354 4071/2211/2355 4068/2208/2352 4070/2207/2351
f 4075/2212/2356 4076/2213/2357 4073/2210/2354 4072/2209/2353
f 4076/2213/2357 4074/2214/2358 4071/2211/2355 4073/2210/2354
f 4047/2215/2332 4049/2216/2331 4076/2213/2357 4075/2212/2356
f 4049/2216/2331 4048/2217/2334 4074/2214/2358 4076/2213/2357
f 4050/2190/2333 3948/2062/2196 3947/1733/2205 4048/1877/2334
f 3938/2178/2319 4051/2188/2329 4047/1875/2332 3937/1840/2320
f 4048/2217/2334 3947/2073/2205 3956/2065/2197 4074/2214/2358
f 3937/2180/2320 4047/2215/2332 4075/2212/2356 3946/2179/2321
f 3939/2181/2322 4054/2191/2335 4051/2188/2329 3938/2178/2319
f 4053/2193/2337 3949/2061/2409 3948/2062/2196 4050/2190/2333
f 3940/2182/2323 4057/2194/2338 4054/2191/2335 3939/2181/2322
f 4056/2196/2340 3950/2071/2411 3949/2061/2409 4053/2193/2337
f 3941/2183/2324 4060/2197/2341 4057/2194/2338 3940/2182/2323
f 4059/2199/2343 3951/2050/2192 3950/2071/2411 4056/2196/2340
f 3942/2184/2325 4063/2200/2344 4060/2197/2341 3941/2183/2324
f 4062/2202/2346 3952/2049/2189 3951/2050/2192 4059/2199/2343
f 3943/2185/2326 4066/2203/2347 4063/2200/2344 3942/2184/2325
f 4065/2205/2349 3953/2069/2201 3952/2049/2189 4062/2202/2346
f 3944/2186/2327 4069/2206/2350 4066/2203/2347 3943/2185/2326
f 4068/2208/2352 3954/2075/2412 3953/2069/2201 4065/2205/2349
f 3945/2187/2328 4072/2209/2353 4069/2206/2350 3944/2186/2327
f 4071/2211/2355 3955/2066/2410 3954/2075/2412 4068/2208/2352
f 4074/2214/2358 3956/2065/2197 3955/2066/2410 4071/2211/2355
f 3946/2179/2321 4075/2212/2356 4072/2209/2353 3945/2187/2328
f 3915/2218/2359 3897/2220/2360 4077/2219/2360 4086/2037/2359
f 3913/2221/2361 3915/2218/2359 4086/2037/2359 4085/2025/2361
f 3911/2222/2362 3913/2221/2361 4085/2025/2361 4084/2021/2362
f 3909/2223/2363 3911/2222/2362 4084/2021/2362 4083/2022/2363
f 3907/2224/2364 3909/2223/2363 4083/2022/2363 4082/2225/2364
f 3905/2226/2365 3907/2224/2364 4082/2225/2364 4081/2227/2365
f 3903/2228/2366 3905/2226/2365 4081/2227/2365 4080/2229/2366
f 3901/2230/2367 3903/2228/2366 4080/2229/2366 4079/2039/2367
f 3899/2231/2368 3901/2230/2367 4079/2039/2367 4078/2035/2368
f 3897/1880/2360 3899/2231/2368 4078/2035/2368 4077/1879/2360
f 4089/1896/1147 4098/2036/1146 4087/2012/1146 4088/1685/1147
f 4098/2036/1146 4099/2040/1145 4090/2020/1145 4087/2012/1146
f 4099/2040/1145 4100/2232/1144 4091/2019/1144 4090/2020/1145
f 4100/2232/1144 4101/2233/1142 4092/2034/1142 4091/2019/1144
f 4101/2233/1142 4102/2234/1143 4093/2033/1143 4092/2034/1142
f 4102/2234/1143 4103/2023/1151 4094/2235/1151 4093/2033/1143
f 4103/2023/1151 4104/2024/1150 4095/2016/1150 4094/2235/1151
f 4104/2024/1150 4105/2026/1149 4096/2015/1149 4095/2016/1150
f 4105/2026/1149 4106/2038/1148 4097/2030/1148 4096/2015/1149
f 4106/2038/1148 4089/2236/1147 4088/2029/1147 4097/2030/1148
f 4083/2022/2180 4103/2023/2180 4102/2234/2369 4082/2225/2369
f 3908/2032/2184 4093/2033/2184 4094/2235/2370 3910/2114/2370
f 4082/2225/2369 4102/2234/2369 4101/2233/2371 4081/2227/2371
f 4081/2227/2371 4101/2233/2371 4100/2232/2372 4080/2229/2372
f 3904/2018/2178 4091/2019/2178 4092/2034/2183 3906/2031/2183
f 3914/2014/2176 4096/2015/2176 4097/2030/2182 3916/2027/2182
f 4080/2229/2372 4100/2232/2372 4099/2040/2188 4079/2039/2188
f 4077/2219/2186 4089/2236/2186 4106/2038/2187 4086/2037/2187
f 3900/2011/2174 4087/2012/2174 4090/2020/2177 3902/2017/2177
f 3910/2114/2370 4094/2235/2370 4095/2016/2175 3912/2013/2175
f 4110/2237/971 4109/1625/971 4107/1626/971 4108/2238/971
f 4111/2239/2377 4117/2242/2378 4115/2241/2420 4114/2240/2380
f 4112/2243/2381 4114/2240/2380 4115/2241/2420 4116/2244/2382
f 4113/2245/2383 4116/2244/2382 4115/2241/2420 4117/2242/2378
f 4118/2246/2384 4124/2249/2385 4122/2248/2386 4121/2247/2387
f 4119/2250/2388 4121/2247/2387 4122/2248/2386 4123/2251/2389
f 4120/2252/2390 4123/2251/2389 4122/2248/2386 4124/2249/2385
f 4125/2253/2391 4131/2256/2392 4129/2255/2427 4128/2254/2394
f 4126/2257/2395 4128/2254/2394 4129/2255/2427 4130/2258/2396
f 4127/2259/2397 4130/2258/2396 4129/2255/2427 4131/2256/2392
f 4132/2260/2398 4138/2263/2399 4136/2262/2428 4135/2261/2401
f 4133/2264/2402 4135/2261/2401 4136/2262/2428 4137/2265/2403
f 4134/2266/2404 4137/2265/2403 4136/2262/2428 4138/2263/2399
f 4118/2246/2384 4113/2245/2383 4117/2242/2378 4111/2239/2377 4127/2259/2397 4131/2256/2392 4125/2253/2391 4134/2266/2404 4138/2263/2399 4132/2260/2398 4120/2252/2390 4124/2249/2385
f 4113/2267/2383 4118/2274/2384 4121/2273/2387 4119/2272/2388 4108/2271/2405 4107/2270/2405 4112/2269/2381 4116/2268/2382
f 4127/2275/2397 4111/2282/2377 4114/2281/2380 4112/2280/2381 4107/2279/2406 4109/2278/2406 4126/2277/2395 4130/2276/2396
f 4120/2283/2390 4132/2287/2398 4135/2286/2401 4133/2285/2402 4110/2264/2407 4108/2271/2407 4119/2272/2388 4123/2284/2389
f 4134/2288/2404 4125/2293/2391 4128/2292/2394 4126/2291/2395 4109/1592/2408 4110/1593/2408 4133/2290/2402 4137/2289/2403
f 4139/2294/1188 4141/2297/1188 4142/2296/1188 4140/2295/1188
f 4141/2298/1147 4145/2300/1147 4146/2299/1147 4142/2296/1147
f 4145/2301/1187 4143/2303/1187 4144/2302/1187 4146/2299/1187
f 4143/2304/1143 4139/2305/1143 4140/2295/1143 4144/2302/1143
f 4141/2306/9 4139/1664/9 4143/1038/9 4145/2307/9
f 4146/2299/971 4144/2302/971 4140/2295/971 4142/2296/971
f 1/1061/2429 290/1059/2430 2363/1059/2431 2074/1061/2429
f 2/1081/2432 291/1080/2433 2364/1080/2433 2075/1081/2432
f 4/3/2434 292/2/2435 2365/2/1210 2077/3/1209
f 3/1038/2436 293/644/2437 2366/644/2438 2076/1038/2436
f 5/1032/1972 294/1030/2439 2367/1030/2439 2078/1032/1972
f 6/1049/2440 295/1048/2441 2368/1048/2442 2079/1049/2443
f 7/15/2444 296/14/2445 2369/14/2445 2080/15/2446
f 8/7/2447 297/752/2448 2370/752/2448 2081/7/2447
f 10/1055/2449 302/1071/951 2375/1071/2450 2083/1055/2137
f 11/1077/957 303/1088/968 2376/1088/2170 2084/1077/2451
f 12/63/58 304/62/2452 2377/62/2453 2085/63/2454
f 13/43/40 305/320/291 2378/320/1494 2086/43/2455
f 14/1029/2456 306/1039/2457 2379/1039/2458 2087/1029/2456
f 15/1045/924 307/1065/945 2380/1065/2459 2088/1045/2460
f 16/27/2461 308/26/23 2381/26/2462 2089/27/2463
f 17/55/50 309/284/255 2382/284/2464 2090/55/2465
f 26/1053/2466 330/1051/2467 2403/1051/2468 2099/1053/2469
f 27/1076/2470 331/1075/955 2404/1075/2157 2100/1076/2158
f 28/255/226 332/254/225 2405/254/2471 2101/255/2472
f 29/127/113 333/896/2473 2406/896/1987 2102/127/1318
f 30/1027/2474 334/1025/2475 2407/1025/2476 2103/1027/2474
f 31/1044/923 335/1043/922 2408/1043/2477 2104/1044/2478
f 32/219/2479 336/218/2480 2409/218/2481 2105/219/2482
f 33/91/83 337/860/761 2410/860/2483 2106/91/2484
f 38/1069/2485 342/1067/2486 2415/1067/2486 2111/1069/2487
f 39/1085/965 343/1084/2488 2416/1084/2166 2112/1085/2489
f 40/75/2490 344/74/2491 2417/74/2491 2113/75/2490
f 41/235/206 345/1004/2492 2418/1004/2083 2114/235/1411
f 42/1036/915 346/1034/2493 2419/1034/2115 2115/1036/2494
f 43/1058/2495 347/1057/937 2420/1057/2496 2116/1058/2140
f 44/183/2497 348/182/2498 2421/182/1375 2117/183/2499
f 45/247/218 349/1016/895 2422/1016/2500 2118/247/1423
f 82/1060/2501 434/1063/2502 2507/1063/2145 2155/1060/2142
f 83/1079/959 435/1082/962 2508/1082/2164 2156/1079/2503
f 84/1023/2504 436/1022/2505 2509/1022/2105 2157/1023/2104
f 85/643/585 437/128/114 2510/128/2506 2158/643/2507
f 86/1031/2508 438/1033/2509 2511/1033/2509 2159/1031/2508
f 87/1047/2510 439/1050/2511 2512/1050/2512 2160/1047/2513
f 88/987/2514 440/986/2515 2513/986/2516 2161/987/2514
f 89/751/2517 441/92/2518 2514/92/2519 2162/751/2520
f 94/1072/952 446/1073/2521 2519/1073/2522 2167/1072/2523
f 95/1087/967 447/1089/969 2520/1089/2524 2168/1087/2169
f 96/843/2525 448/842/2526 2521/842/2527 2169/843/2528
f 97/319/290 449/236/207 2522/236/2529 2170/319/1495
f 98/1040/919 450/1041/920 2523/1041/2530 2171/1040/2531
f 99/1064/2532 451/1066/2533 2524/1066/2148 2172/1064/2534
f 100/951/842 452/950/2535 2525/950/2536 2173/951/2537
f 101/283/254 453/248/2538 2526/248/1422 2174/283/1459
f 122/1052/932 474/1054/934 2547/1054/2136 2195/1052/2539
f 123/1074/954 475/1078/958 2548/1078/2540 2196/1074/2541
f 124/267/2542 476/266/237 2549/266/2543 2197/267/2544
f 125/895/2545 477/44/41 2550/44/2546 2198/895/1988
f 126/1026/2547 478/1028/2548 2551/1028/2548 2199/1026/2549
f 127/1042/2550 479/1046/925 2552/1046/2127 2200/1042/2123
f 128/375/338 480/374/337 2553/374/2551 2201/375/2552
f 129/859/2553 481/56/51 2554/56/2554 2202/859/2555
f 134/1068/2556 486/1070/2557 2559/1070/2557 2207/1068/2556
f 135/1083/2558 487/1086/2559 2560/1086/2560 2208/1083/2165
f 136/807/2561 488/806/2562 2561/806/2562 2209/807/2561
f 137/1003/2563 489/8/2564 2562/8/2565 2210/1003/2084
f 138/1035/2566 490/1037/2567 2563/1037/2568 2211/1035/2116
f 139/1056/936 491/1062/2569 2564/1062/2570 2212/1056/2571
f 140/483/2572 492/482/2573 2565/482/2573 2213/483/1628
f 141/1015/894 493/4/2574 2566/4/2575 2214/1015/2576
f 290/1059/2430 82/1060/2501 2155/1060/2142 2363/1059/2431
f 291/1080/2433 83/1079/959 2156/1079/2503 2364/1080/2433
f 292/2/2435 84/1023/2504 2157/1023/2104 2365/2/1210
f 293/644/2437 85/643/585 2158/643/2507 2366/644/2438
f 294/1030/2439 86/1031/2508 2159/1031/2508 2367/1030/2439
f 295/1048/2441 87/1047/2510 2160/1047/2513 2368/1048/2442
f 296/14/2445 88/987/2514 2161/987/2514 2369/14/2445
f 297/752/2448 89/751/2517 2162/751/2520 2370/752/2448
f 302/1071/951 94/1072/952 2167/1072/2523 2375/1071/2450
f 303/1088/968 95/1087/967 2168/1087/2169 2376/1088/2170
f 304/62/2452 96/843/2525 2169/843/2528 2377/62/2453
f 305/320/291 97/319/290 2170/319/1495 2378/320/1494
f 306/1039/2457 98/1040/919 2171/1040/2531 2379/1039/2458
f 307/1065/945 99/1064/2532 2172/1064/2534 2380/1065/2459
f 308/26/23 100/951/842 2173/951/2537 2381/26/2462
f 309/284/255 101/283/254 2174/283/1459 2382/284/2464
f 330/1051/2467 122/1052/932 2195/1052/2539 2403/1051/2468
f 331/1075/955 123/1074/954 2196/1074/2541 2404/1075/2157
f 332/254/225 124/267/2542 2197/267/2544 2405/254/2471
f 333/896/2473 125/895/2545 2198/895/1988 2406/896/1987
f 334/1025/2475 126/1026/2547 2199/1026/2549 2407/1025/2476
f 335/1043/922 127/1042/2550 2200/1042/2123 2408/1043/2477
f 336/218/2480 128/375/338 2201/375/2552 2409/218/2481
f 337/860/761 129/859/2553 2202/859/2555 2410/860/2483
f 342/1067/2486 134/1068/2556 2207/1068/2556 2415/1067/2486
f 343/1084/2488 135/1083/2558 2208/1083/2165 2416/1084/2166
f 344/74/2491 136/807/2561 2209/807/2561 2417/74/2491
f 345/1004/2492 137/1003/2563 2210/1003/2084 2418/1004/2083
f 346/1034/2493 138/1035/2566 2211/1035/2116 2419/1034/2115
f 347/1057/937 139/1056/936 2212/1056/2571 2420/1057/2496
f 348/182/2498 140/483/2572 2213/483/1628 2421/182/1375
f 349/1016/895 141/1015/894 2214/1015/2576 2422/1016/2500
f 434/1063/2502 26/1053/2466 2099/1053/2469 2507/1063/2145
f 435/1082/962 27/1076/2470 2100/1076/2158 2508/1082/2164
f 436/1022/2505 28/255/226 2101/255/2472 2509/1022/2105
f 437/128/114 29/127/113 2102/127/1318 2510/128/2506
f 438/1033/2509 30/1027/2474 2103/1027/2474 2511/1033/2509
f 439/1050/2511 31/1044/923 2104/1044/2478 2512/1050/2512
f 440/986/2515 32/219/2479 2105/219/2482 2513/986/2516
f 441/92/2518 33/91/83 2106/91/2484 2514/92/2519
f 446/1073/2521 38/1069/2485 2111/1069/2487 2519/1073/2522
f 447/1089/969 39/1085/965 2112/1085/2489 2520/1089/2524
f 448/842/2526 40/75/2490 2113/75/2490 2521/842/2527
f 449/236/207 41/235/206 2114/235/1411 2522/236/2529
f 450/1041/920 42/1036/915 2115/1036/2494 2523/1041/2530
f 451/1066/2533 43/1058/2495 2116/1058/2140 2524/1066/2148
f 452/950/2535 44/183/2497 2117/183/2499 2525/950/2536
f 453/248/2538 45/247/218 2118/247/1423 2526/248/1422
f 474/1054/934 10/1055/2449 2083/1055/2137 2547/1054/2136
f 475/1078/958 11/1077/957 2084/1077/2451 2548/1078/2540
f 476/266/237 12/63/58 2085/63/2454 2549/266/2543
f 477/44/41 13/43/40 2086/43/2455 2550/44/2546
f 478/1028/2548 14/1029/2456 2087/1029/2456 2551/1028/2548
f 479/1046/925 15/1045/924 2088/1045/2460 2552/1046/2127
f 480/374/337 16/27/2461 2089/27/2463 2553/374/2551
f 481/56/51 17/55/50 2090/55/2465 2554/56/2554
f 486/1070/2557 5/1032/1972 2078/1032/1972 2559/1070/2557
f 487/1086/2559 6/1049/2440 2079/1049/2443 2560/1086/2560
f 488/806/2562 7/15/2444 2080/15/2446 2561/806/2562
f 489/8/2564 8/7/2447 2081/7/2447 2562/8/2565
f 490/1037/2567 3/1038/2577 2076/1038/2577 2563/1037/2568
f 491/1062/2569 1/1061/2578 2074/1061/2578 2564/1062/2570
f 492/482/2573 2/1081/2579 2075/1081/2579 2565/482/2573
f 493/4/2574 4/3/2580 2077/3/2580 2566/4/2575
