# Blender 5.0.1
# www.blender.org
o Cylinder.008
v 0.342279 0.005656 -0.016283
v 0.342279 0.000468 -0.023633
v 0.351850 0.005656 -0.013174
v 0.356170 0.000468 -0.019120
v 0.357766 0.005656 -0.005032
v 0.364756 0.000468 -0.007303
v 0.357766 0.005656 0.005032
v 0.364756 0.000468 0.007303
v 0.351850 0.005656 0.013174
v 0.356170 0.000468 0.019120
v 0.342279 0.005656 0.016283
v 0.342279 0.000468 0.023633
v 0.332708 0.005656 0.013174
v 0.328388 0.000468 0.019120
v 0.326793 0.005656 0.005032
v 0.319803 0.000468 0.007303
v 0.326793 0.005656 -0.005032
v 0.319803 0.000468 -0.007303
v 0.332708 0.005656 -0.013174
v 0.328388 0.000468 -0.019120
v 0.342279 0.005656 -0.023633
v 0.356170 0.005656 -0.019120
v 0.364756 0.005656 -0.007303
v 0.364756 0.005656 0.007303
v 0.356170 0.005656 0.019120
v 0.342279 0.005656 0.023633
v 0.328388 0.005656 0.019120
v 0.319803 0.005656 0.007303
v 0.319803 0.005656 -0.007303
v 0.328388 0.005656 -0.019120
v 0.342279 0.013662 -0.008587
v 0.347326 0.013662 -0.006947
v 0.350446 0.013662 -0.002653
v 0.350446 0.013662 0.002653
v 0.347326 0.013662 0.006947
v 0.342279 0.013662 0.008587
v 0.337232 0.013662 0.006947
v 0.334113 0.013662 0.002653
v 0.334113 0.013662 -0.002653
v 0.337232 0.013662 -0.006947
v 0.342279 0.013662 -0.016283
v 0.351850 0.013662 -0.013174
v 0.357766 0.013662 -0.005032
v 0.357766 0.013662 0.005032
v 0.351850 0.013662 0.013174
v 0.342279 0.013662 0.016283
v 0.332708 0.013662 0.013174
v 0.326793 0.013662 0.005032
v 0.326793 0.013662 -0.005032
v 0.332708 0.013662 -0.013174
v 0.342279 0.069122 -0.008587
v 0.347326 0.069122 -0.006947
v 0.350446 0.069122 -0.002653
v 0.350446 0.069122 0.002653
v 0.347326 0.069122 0.006947
v 0.342279 0.069122 0.008587
v 0.337232 0.069122 0.006947
v 0.334113 0.069122 0.002653
v 0.334113 0.069122 -0.002653
v 0.337232 0.069122 -0.006947
v 0.342279 0.069122 -0.013697
v 0.350330 0.069122 -0.011081
v 0.355306 0.069122 -0.004233
v 0.355306 0.069122 0.004233
v 0.350330 0.069122 0.011081
v 0.342279 0.069122 0.013697
v 0.334228 0.069122 0.011081
v 0.329253 0.069122 0.004233
v 0.329253 0.069122 -0.004233
v 0.334228 0.069122 -0.011081
v 0.342279 0.084158 -0.008471
v 0.347258 0.084158 -0.006853
v 0.350336 0.084158 -0.002618
v 0.350336 0.084158 0.002618
v 0.347258 0.084158 0.006853
v 0.342279 0.084158 0.008471
v 0.337300 0.084158 0.006853
v 0.334223 0.084158 0.002618
v 0.334223 0.084158 -0.002618
v 0.337300 0.084158 -0.006853
v 0.342279 0.084158 -0.013697
v 0.350330 0.084158 -0.011081
v 0.355306 0.084158 -0.004233
v 0.355306 0.084158 0.004233
v 0.350330 0.084158 0.011081
v 0.342279 0.084158 0.013697
v 0.334228 0.084158 0.011081
v 0.329253 0.084158 0.004233
v 0.329253 0.084158 -0.004233
v 0.334228 0.084158 -0.011081
v 0.342279 0.090125 -0.008471
v 0.347258 0.090125 -0.006853
v 0.350336 0.090125 -0.002618
v 0.350336 0.090125 0.002618
v 0.347258 0.090125 0.006853
v 0.342279 0.090125 0.008471
v 0.337300 0.090125 0.006853
v 0.334223 0.090125 0.002618
v 0.334223 0.090125 -0.002618
v 0.337300 0.090125 -0.006853
v 0.342279 0.093109 -0.011828
v 0.349231 0.093109 -0.009569
v 0.353528 0.093109 -0.003655
v 0.353528 0.093109 0.003655
v 0.349231 0.093109 0.009569
v 0.342279 0.093109 0.011828
v 0.335327 0.093109 0.009569
v 0.331030 0.093109 0.003655
v 0.331030 0.093109 -0.003655
v 0.335327 0.093109 -0.009569
v 0.342279 0.098533 -0.014719
v 0.350931 0.098533 -0.011908
v 0.356278 0.098533 -0.004548
v 0.356278 0.098533 0.004548
v 0.350931 0.098533 0.011908
v 0.342279 0.098533 0.014719
v 0.333628 0.098533 0.011908
v 0.328281 0.098533 0.004548
v 0.328281 0.098533 -0.004548
v 0.333628 0.098533 -0.011908
v 0.342279 0.104906 -0.014719
v 0.350931 0.104906 -0.011908
v 0.356278 0.104906 -0.004548
v 0.356278 0.104906 0.004548
v 0.350931 0.104906 0.011908
v 0.342279 0.104906 0.014719
v 0.333628 0.104906 0.011908
v 0.328281 0.104906 0.004548
v 0.328281 0.104906 -0.004548
v 0.333628 0.104906 -0.011908
v 0.342279 0.112230 -0.011808
v 0.349220 0.112230 -0.009553
v 0.353510 0.112230 -0.003649
v 0.353510 0.112230 0.003649
v 0.349220 0.112230 0.009553
v 0.342279 0.112230 0.011808
v 0.335339 0.112230 0.009553
v 0.331049 0.112230 0.003649
v 0.331049 0.112230 -0.003649
v 0.335339 0.112230 -0.009553
v 0.342279 0.116976 -0.005409
v 0.345459 0.116976 -0.004376
v 0.347423 0.116976 -0.001671
v 0.347423 0.116976 0.001671
v 0.345459 0.116976 0.004376
v 0.342279 0.116976 0.005409
v 0.339100 0.116976 0.004376
v 0.337135 0.116976 0.001671
v 0.337135 0.116976 -0.001671
v 0.339100 0.116976 -0.004376
v 0.342279 0.119688 -0.006808
v 0.346281 0.119688 -0.005508
v 0.348754 0.119688 -0.002104
v 0.348754 0.119688 0.002104
v 0.346281 0.119688 0.005508
v 0.342279 0.119688 0.006808
v 0.338277 0.119688 0.005508
v 0.335804 0.119688 0.002104
v 0.335804 0.119688 -0.002104
v 0.338277 0.119688 -0.005508
v 0.342279 0.123214 -0.011872
v 0.349257 0.123214 -0.009604
v 0.353570 0.123214 -0.003669
v 0.353570 0.123214 0.003669
v 0.349257 0.123214 0.009604
v 0.342279 0.123214 0.011872
v 0.335301 0.123214 0.009604
v 0.330989 0.123214 0.003669
v 0.330989 0.123214 -0.003669
v 0.335301 0.123214 -0.009604
v 0.342279 0.133656 -0.011872
v 0.349257 0.133656 -0.009604
v 0.353570 0.133656 -0.003669
v 0.353570 0.133656 0.003669
v 0.349257 0.133656 0.009604
v 0.342279 0.133656 0.011872
v 0.335301 0.133656 0.009604
v 0.330989 0.133656 0.003669
v 0.330989 0.133656 -0.003669
v 0.335301 0.133656 -0.009604
v 0.342279 0.149387 -0.003558
v 0.344371 0.149387 -0.002879
v 0.345663 0.149387 -0.001099
v 0.345663 0.149387 0.001099
v 0.344371 0.149387 0.002879
v 0.342279 0.149387 0.003558
v 0.340188 0.149387 0.002879
v 0.338895 0.149387 0.001099
v 0.338895 0.149387 -0.001099
v 0.340188 0.149387 -0.002879
v 0.342279 0.149387 -0.006311
v 0.345989 0.149387 -0.005106
v 0.348281 0.149387 -0.001950
v 0.348281 0.149387 0.001950
v 0.345989 0.149387 0.005106
v 0.342279 0.149387 0.006311
v 0.338570 0.149387 0.005106
v 0.336277 0.149387 0.001950
v 0.336277 0.149387 -0.001950
v 0.338570 0.149387 -0.005106
v 0.342279 0.156167 -0.003558
v 0.344371 0.156167 -0.002879
v 0.345663 0.156167 -0.001099
v 0.345663 0.156167 0.001099
v 0.344371 0.156167 0.002879
v 0.342279 0.156167 0.003558
v 0.340188 0.156167 0.002879
v 0.338895 0.156167 0.001099
v 0.338895 0.156167 -0.001099
v 0.340188 0.156167 -0.002879
v 0.342279 0.156167 -0.005815
v 0.345697 0.156167 -0.004704
v 0.347809 0.156167 -0.001797
v 0.347809 0.156167 0.001797
v 0.345697 0.156167 0.004704
v 0.342279 0.156167 0.005815
v 0.338861 0.156167 0.004704
v 0.336749 0.156167 0.001797
v 0.336749 0.156167 -0.001797
v 0.338861 0.156167 -0.004704
v 0.342279 0.170135 -0.005815
v 0.345697 0.170135 -0.004704
v 0.347809 0.170135 -0.001797
v 0.347809 0.170135 0.001797
v 0.345697 0.170135 0.004704
v 0.342279 0.170135 0.005815
v 0.338862 0.170135 0.004704
v 0.336749 0.170135 0.001797
v 0.336749 0.170135 -0.001797
v 0.338862 0.170135 -0.004704
v 0.342279 0.170135 -0.024395
v 0.356618 0.170135 -0.019736
v 0.365480 0.170135 -0.007539
v 0.365480 0.170135 0.007539
v 0.356618 0.170135 0.019736
v 0.342279 0.170135 0.024395
v 0.327940 0.170135 0.019736
v 0.319078 0.170135 0.007539
v 0.319078 0.170135 -0.007539
v 0.327940 0.170135 -0.019736
v 0.342279 0.180419 -0.019557
v 0.353775 0.180419 -0.015822
v 0.360879 0.180419 -0.006044
v 0.360879 0.180419 0.006044
v 0.353775 0.180419 0.015822
v 0.342279 0.180419 0.019557
v 0.330784 0.180419 0.015822
v 0.323679 0.180419 0.006043
v 0.323679 0.180419 -0.006043
v 0.330784 0.180419 -0.015822
v 0.342279 0.180419 -0.024395
v 0.356618 0.180419 -0.019736
v 0.365480 0.180419 -0.007539
v 0.365480 0.180419 0.007539
v 0.356618 0.180419 0.019736
v 0.342279 0.180419 0.024395
v 0.327940 0.180419 0.019736
v 0.319078 0.180419 0.007539
v 0.319078 0.180419 -0.007539
v 0.327940 0.180419 -0.019736
v 0.342279 0.177657 -0.007692
v 0.346801 0.177657 -0.006223
v 0.349595 0.177657 -0.002377
v 0.349595 0.177657 0.002377
v 0.346801 0.177657 0.006223
v 0.342279 0.177657 0.007692
v 0.337758 0.177657 0.006223
v 0.334964 0.177657 0.002377
v 0.334964 0.177657 -0.002377
v 0.337758 0.177657 -0.006223
v 0.342279 0.177657 -0.019557
v 0.353775 0.177657 -0.015822
v 0.360879 0.177657 -0.006044
v 0.360879 0.177657 0.006044
v 0.353775 0.177657 0.015822
v 0.342279 0.177657 0.019557
v 0.330784 0.177657 0.015822
v 0.323679 0.177657 0.006043
v 0.323679 0.177657 -0.006043
v 0.330784 0.177657 -0.015822
v 0.342279 0.183209 -0.007692
v 0.346801 0.183209 -0.006223
v 0.349595 0.183209 -0.002377
v 0.349595 0.183209 0.002377
v 0.346801 0.183209 0.006223
v 0.342279 0.183209 0.007692
v 0.337758 0.183209 0.006223
v 0.334964 0.183209 0.002377
v 0.334964 0.183209 -0.002377
v 0.337758 0.183209 -0.006223
v -0.286962 0.101498 -0.021626
v 0.286962 0.101498 -0.021626
v -0.286962 0.088786 -0.017496
v 0.286962 0.088787 -0.017496
v -0.286962 0.080930 -0.006683
v 0.286962 0.080930 -0.006683
v -0.286962 0.080930 0.006683
v 0.286962 0.080930 0.006683
v -0.286962 0.088786 0.017496
v 0.286962 0.088787 0.017496
v -0.286962 0.101498 0.021626
v 0.286962 0.101498 0.021626
v -0.286962 0.114210 0.017496
v 0.286962 0.114210 0.017496
v -0.286962 0.122066 0.006683
v 0.286962 0.122066 0.006683
v -0.286962 0.122066 -0.006683
v 0.286962 0.122066 -0.006683
v -0.286962 0.114210 -0.017496
v 0.286962 0.114210 -0.017496
v 0.201278 0.121664 0.027757
v 0.181338 0.121664 0.027757
v 0.105624 0.121664 0.027757
v 0.085684 0.121664 0.027757
v 0.009970 0.121664 0.027757
v -0.009970 0.121664 0.027757
v -0.085684 0.121664 0.027757
v -0.105624 0.121664 0.027757
v -0.181338 0.121664 0.027757
v -0.201278 0.121664 0.027757
v 0.201278 0.134128 0.010602
v 0.181338 0.134128 0.010602
v 0.105624 0.134128 0.010602
v 0.085684 0.134128 0.010602
v 0.009970 0.134128 0.010602
v -0.009970 0.134128 0.010602
v -0.085684 0.134128 0.010602
v -0.105624 0.134128 0.010602
v -0.181338 0.134128 0.010602
v -0.201278 0.134128 0.010602
v 0.201278 0.134128 -0.010602
v 0.181338 0.134128 -0.010602
v 0.105624 0.134128 -0.010602
v 0.085684 0.134128 -0.010602
v 0.009970 0.134128 -0.010602
v -0.009970 0.134128 -0.010602
v -0.085684 0.134128 -0.010602
v -0.105624 0.134128 -0.010602
v -0.181338 0.134128 -0.010602
v -0.201278 0.134128 -0.010602
v 0.181338 0.101498 -0.034309
v 0.201278 0.101498 -0.034309
v 0.201278 0.121664 -0.027757
v 0.181338 0.121664 -0.027757
v 0.085684 0.101498 -0.034309
v 0.105624 0.101498 -0.034309
v 0.105624 0.121664 -0.027757
v 0.085684 0.121664 -0.027757
v -0.009970 0.101498 -0.034309
v 0.009970 0.101498 -0.034309
v 0.009970 0.121664 -0.027757
v -0.009970 0.121664 -0.027757
v -0.105624 0.101498 -0.034309
v -0.085684 0.101498 -0.034309
v -0.085684 0.121664 -0.027757
v -0.105624 0.121664 -0.027757
v -0.201278 0.101498 -0.034309
v -0.181338 0.101498 -0.034309
v -0.181338 0.121664 -0.027757
v -0.201278 0.121664 -0.027757
v -0.181338 0.101498 -0.027087
v -0.201278 0.101498 -0.027087
v -0.085684 0.101498 -0.027087
v -0.105624 0.101498 -0.027087
v 0.009970 0.101498 -0.027087
v -0.009970 0.101498 -0.027087
v 0.105624 0.101498 -0.027087
v 0.085684 0.101498 -0.027087
v 0.201278 0.101498 -0.027087
v 0.181338 0.101498 -0.027087
v 0.181338 0.085577 -0.021914
v 0.201278 0.085577 -0.021914
v 0.085684 0.085577 -0.021914
v 0.105624 0.085577 -0.021914
v -0.009970 0.085577 -0.021914
v 0.009970 0.085577 -0.021914
v -0.105624 0.085577 -0.021914
v -0.085684 0.085577 -0.021914
v -0.201278 0.085577 -0.021914
v -0.181338 0.085577 -0.021914
v 0.181338 0.075737 -0.008370
v 0.201278 0.075737 -0.008370
v 0.085684 0.075737 -0.008370
v 0.105624 0.075737 -0.008370
v -0.009970 0.075737 -0.008370
v 0.009970 0.075737 -0.008370
v -0.105624 0.075737 -0.008370
v -0.085684 0.075737 -0.008370
v -0.201278 0.075737 -0.008370
v -0.181338 0.075737 -0.008370
v 0.181338 0.075737 0.008370
v 0.201278 0.075737 0.008370
v 0.085684 0.075737 0.008370
v 0.105624 0.075737 0.008370
v -0.009970 0.075737 0.008370
v 0.009970 0.075737 0.008370
v -0.105624 0.075737 0.008370
v -0.085684 0.075737 0.008370
v -0.201278 0.075737 0.008370
v -0.181338 0.075737 0.008370
v 0.181338 0.085577 0.021914
v 0.201278 0.085577 0.021914
v 0.085684 0.085577 0.021914
v 0.105624 0.085577 0.021914
v -0.009970 0.085577 0.021914
v 0.009970 0.085577 0.021914
v -0.105624 0.085577 0.021914
v -0.085684 0.085577 0.021914
v -0.201278 0.085577 0.021914
v -0.181338 0.085577 0.021914
v 0.181338 0.101498 0.027087
v 0.201278 0.101498 0.027087
v 0.085684 0.101498 0.027087
v 0.105624 0.101498 0.027087
v -0.009970 0.101498 0.027087
v 0.009970 0.101498 0.027087
v -0.105624 0.101498 0.027087
v -0.085684 0.101498 0.027087
v -0.201278 0.101498 0.027087
v -0.181338 0.101498 0.027087
v 0.181338 0.117419 0.021914
v 0.201278 0.117419 0.021914
v 0.085684 0.117419 0.021914
v 0.105624 0.117419 0.021914
v -0.009970 0.117419 0.021914
v 0.009970 0.117419 0.021914
v -0.105624 0.117419 0.021914
v -0.085684 0.117419 0.021914
v -0.201278 0.117419 0.021914
v -0.181338 0.117419 0.021914
v 0.181338 0.127259 0.008370
v 0.201278 0.127259 0.008370
v 0.085684 0.127259 0.008370
v 0.105624 0.127259 0.008370
v -0.009970 0.127259 0.008370
v 0.009970 0.127259 0.008370
v -0.105624 0.127259 0.008370
v -0.085684 0.127259 0.008370
v -0.201278 0.127259 0.008370
v -0.181338 0.127259 0.008370
v 0.181338 0.127259 -0.008370
v 0.201278 0.127259 -0.008370
v 0.085684 0.127259 -0.008370
v 0.105624 0.127259 -0.008370
v -0.009970 0.127259 -0.008370
v 0.009970 0.127259 -0.008370
v -0.105624 0.127259 -0.008370
v -0.085684 0.127259 -0.008370
v -0.201278 0.127259 -0.008370
v -0.181338 0.127259 -0.008370
v 0.181338 0.117419 -0.021914
v 0.201278 0.117419 -0.021914
v 0.085684 0.117419 -0.021914
v 0.105624 0.117419 -0.021914
v -0.009970 0.117419 -0.021914
v 0.009970 0.117419 -0.021914
v -0.105624 0.117419 -0.021914
v -0.085684 0.117419 -0.021914
v -0.201278 0.117419 -0.021914
v -0.181338 0.117419 -0.021914
v -0.201278 0.101498 0.034309
v -0.181338 0.101498 0.034309
v -0.105624 0.101498 0.034309
v -0.085684 0.101498 0.034309
v -0.009970 0.101498 0.034309
v 0.009970 0.101498 0.034309
v 0.085684 0.101498 0.034309
v 0.105624 0.101498 0.034309
v 0.181338 0.101498 0.034309
v 0.201278 0.101498 0.034309
v -0.201278 0.081332 0.027757
v -0.181338 0.081332 0.027757
v -0.105624 0.081332 0.027757
v -0.085684 0.081332 0.027757
v -0.009970 0.081332 0.027757
v 0.009970 0.081332 0.027757
v 0.085684 0.081332 0.027757
v 0.105624 0.081332 0.027757
v 0.181338 0.081332 0.027757
v 0.201278 0.081332 0.027757
v -0.201278 0.068868 0.010602
v -0.181338 0.068868 0.010602
v -0.105624 0.068868 0.010602
v -0.085684 0.068868 0.010602
v -0.009970 0.068868 0.010602
v 0.009970 0.068868 0.010602
v 0.085684 0.068868 0.010602
v 0.105624 0.068868 0.010602
v 0.181338 0.068868 0.010602
v 0.201278 0.068868 0.010602
v -0.201278 0.068868 -0.010602
v -0.181338 0.068868 -0.010602
v -0.105624 0.068868 -0.010602
v -0.085684 0.068868 -0.010602
v -0.009970 0.068868 -0.010602
v 0.009970 0.068868 -0.010602
v 0.085684 0.068868 -0.010602
v 0.105624 0.068868 -0.010602
v 0.181338 0.068868 -0.010602
v 0.201278 0.068868 -0.010602
v -0.201278 0.081332 -0.027757
v -0.181338 0.081332 -0.027757
v -0.105624 0.081332 -0.027757
v -0.085684 0.081332 -0.027757
v -0.009970 0.081332 -0.027757
v 0.009970 0.081332 -0.027757
v 0.085684 0.081332 -0.027757
v 0.105624 0.081332 -0.027757
v 0.181338 0.081332 -0.027757
v 0.201278 0.081332 -0.027757
v -0.286962 0.101498 -0.027087
v -0.286962 0.085577 -0.021914
v 0.286962 0.085577 -0.021914
v 0.286962 0.101498 -0.027087
v -0.286962 0.075737 -0.008370
v 0.286962 0.075737 -0.008370
v -0.286962 0.075737 0.008370
v 0.286962 0.075737 0.008370
v -0.286962 0.085577 0.021914
v 0.286962 0.085577 0.021914
v -0.286962 0.101498 0.027087
v 0.286962 0.101498 0.027087
v -0.286962 0.117419 0.021914
v 0.286962 0.117419 0.021914
v -0.286962 0.127259 0.008370
v 0.286962 0.127259 0.008370
v -0.286962 0.127259 -0.008370
v 0.286962 0.127259 -0.008370
v -0.286962 0.117419 -0.021914
v 0.286962 0.117419 -0.021914
v -0.293974 0.101498 -0.015111
v -0.293974 0.092616 -0.012225
v 0.293974 0.092616 -0.012225
v 0.293974 0.101498 -0.015111
v -0.293974 0.087127 -0.004670
v 0.293974 0.087127 -0.004670
v -0.293974 0.087127 0.004670
v 0.293974 0.087127 0.004670
v -0.293974 0.092616 0.012225
v 0.293974 0.092616 0.012225
v -0.293974 0.101498 0.015111
v 0.293974 0.101498 0.015111
v -0.293974 0.110380 0.012225
v 0.293974 0.110380 0.012225
v -0.293974 0.115870 0.004670
v 0.293974 0.115870 0.004670
v -0.293974 0.115870 -0.004670
v 0.293974 0.115870 -0.004670
v -0.293974 0.110380 -0.012225
v 0.293974 0.110380 -0.012225
v -0.300987 0.101498 -0.008189
v -0.300987 0.096684 -0.006625
v 0.300987 0.096685 -0.006625
v 0.300987 0.101498 -0.008189
v -0.300987 0.093709 -0.002531
v 0.300987 0.093709 -0.002531
v -0.300987 0.093709 0.002531
v 0.300987 0.093709 0.002531
v -0.300987 0.096684 0.006625
v 0.300987 0.096685 0.006625
v -0.300987 0.101498 0.008189
v 0.300987 0.101498 0.008189
v -0.300987 0.106312 0.006625
v 0.300987 0.106312 0.006625
v -0.300987 0.109287 0.002531
v 0.300987 0.109287 0.002531
v -0.300987 0.109287 -0.002531
v 0.300987 0.109287 -0.002531
v -0.300987 0.106312 -0.006625
v 0.300987 0.106312 -0.006625
v -0.293974 0.101498 -0.018652
v -0.291146 0.101498 -0.021626
v -0.291146 0.088786 -0.017496
v -0.293974 0.090534 -0.015090
v 0.293974 0.090534 -0.015090
v 0.291146 0.088787 -0.017496
v 0.291146 0.101498 -0.021626
v 0.293974 0.101498 -0.018652
v -0.291146 0.080930 -0.006683
v -0.293974 0.083759 -0.005764
v 0.293974 0.083759 -0.005764
v 0.291146 0.080930 -0.006683
v -0.291146 0.080930 0.006683
v -0.293974 0.083759 0.005764
v 0.293974 0.083759 0.005764
v 0.291146 0.080930 0.006683
v -0.291146 0.088786 0.017496
v -0.293974 0.090534 0.015090
v 0.293974 0.090534 0.015090
v 0.291146 0.088787 0.017496
v -0.291146 0.101498 0.021626
v -0.293974 0.101498 0.018652
v 0.293974 0.101498 0.018652
v 0.291146 0.101498 0.021626
v -0.291146 0.114210 0.017496
v -0.293974 0.112462 0.015090
v 0.293974 0.112462 0.015090
v 0.291146 0.114210 0.017496
v -0.291146 0.122066 0.006683
v -0.293974 0.119238 0.005764
v 0.293974 0.119238 0.005764
v 0.291146 0.122066 0.006683
v -0.291146 0.122066 -0.006683
v -0.293974 0.119238 -0.005764
v 0.293974 0.119238 -0.005764
v 0.291146 0.122066 -0.006683
v -0.291146 0.114210 -0.017496
v -0.293974 0.112462 -0.015090
v 0.293974 0.112462 -0.015090
v 0.291146 0.114210 -0.017496
v -0.300987 0.101498 -0.015111
v -0.300987 0.092616 -0.012225
v 0.300987 0.092616 -0.012225
v 0.300987 0.101498 -0.015111
v -0.300987 0.087127 -0.004670
v 0.300987 0.087127 -0.004670
v -0.300987 0.087127 0.004670
v 0.300987 0.087127 0.004670
v -0.300987 0.092616 0.012225
v 0.300987 0.092616 0.012225
v -0.300987 0.101498 0.015111
v 0.300987 0.101498 0.015111
v -0.300987 0.110380 0.012225
v 0.300987 0.110380 0.012225
v -0.300987 0.115870 0.004670
v 0.300987 0.115870 0.004670
v -0.300987 0.115870 -0.004670
v 0.300987 0.115870 -0.004670
v -0.300987 0.110380 -0.012225
v 0.300987 0.110380 -0.012225
v -0.309977 0.101498 -0.008189
v -0.309977 0.096684 -0.006625
v 0.309977 0.096685 -0.006625
v 0.309977 0.101498 -0.008189
v -0.309977 0.093709 -0.002531
v 0.309977 0.093709 -0.002531
v -0.309977 0.093709 0.002531
v 0.309977 0.093709 0.002531
v -0.309977 0.096684 0.006625
v 0.309977 0.096685 0.006625
v -0.309977 0.101498 0.008189
v 0.309977 0.101498 0.008189
v -0.309977 0.106312 0.006625
v 0.309977 0.106312 0.006625
v -0.309977 0.109287 0.002531
v 0.309977 0.109287 0.002531
v -0.309977 0.109287 -0.002531
v 0.309977 0.109287 -0.002531
v -0.309977 0.106312 -0.006625
v 0.309977 0.106312 -0.006625
v -0.309977 0.101498 -0.014779
v -0.309977 0.092811 -0.011956
v 0.309977 0.092811 -0.011956
v 0.309977 0.101498 -0.014779
v -0.309977 0.087442 -0.004567
v 0.309977 0.087442 -0.004567
v -0.309977 0.087442 0.004567
v 0.309977 0.087442 0.004567
v -0.309977 0.092811 0.011956
v 0.309977 0.092811 0.011956
v -0.309977 0.101498 0.014779
v 0.309977 0.101498 0.014779
v -0.309977 0.110185 0.011956
v 0.309977 0.110185 0.011956
v -0.309977 0.115554 0.004567
v 0.309977 0.115554 0.004567
v -0.309977 0.115554 -0.004567
v 0.309977 0.115554 -0.004567
v -0.309977 0.110185 -0.011956
v 0.309977 0.110185 -0.011956
v -0.320765 0.101498 -0.007055
v -0.320765 0.097352 -0.005707
v 0.320765 0.097352 -0.005707
v 0.320765 0.101498 -0.007055
v -0.320765 0.094789 -0.002180
v 0.320765 0.094789 -0.002180
v -0.320765 0.094789 0.002180
v 0.320765 0.094789 0.002180
v -0.320765 0.097352 0.005707
v 0.320765 0.097352 0.005707
v -0.320765 0.101498 0.007054
v 0.320765 0.101498 0.007054
v -0.320765 0.105645 0.005707
v 0.320765 0.105645 0.005707
v -0.320765 0.108207 0.002180
v 0.320765 0.108207 0.002180
v -0.320765 0.108207 -0.002180
v 0.320765 0.108207 -0.002180
v -0.320765 0.105645 -0.005707
v 0.320765 0.105645 -0.005707
v -0.320765 0.101498 -0.014779
v -0.320765 0.092811 -0.011956
v 0.320765 0.092811 -0.011956
v 0.320765 0.101498 -0.014779
v -0.320765 0.087442 -0.004567
v 0.320765 0.087442 -0.004567
v -0.320765 0.087442 0.004567
v 0.320765 0.087442 0.004567
v -0.320765 0.092811 0.011956
v 0.320765 0.092811 0.011956
v -0.320765 0.101498 0.014779
v 0.320765 0.101498 0.014779
v -0.320765 0.110185 0.011956
v 0.320765 0.110185 0.011956
v -0.320765 0.115554 0.004567
v 0.320765 0.115554 0.004567
v -0.320765 0.115554 -0.004567
v 0.320765 0.115554 -0.004567
v -0.320765 0.110185 -0.011956
v 0.320765 0.110185 -0.011956
v -0.330753 0.101498 -0.007055
v -0.330753 0.097352 -0.005707
v 0.330753 0.097352 -0.005707
v 0.330753 0.101498 -0.007055
v -0.330753 0.094789 -0.002180
v 0.330753 0.094789 -0.002180
v -0.330753 0.094789 0.002180
v 0.330753 0.094789 0.002180
v -0.330753 0.097352 0.005707
v 0.330753 0.097352 0.005707
v -0.330753 0.101498 0.007054
v 0.330753 0.101498 0.007054
v -0.330753 0.105645 0.005707
v 0.330753 0.105645 0.005707
v -0.330753 0.108207 0.002180
v 0.330753 0.108207 0.002180
v -0.330753 0.108207 -0.002180
v 0.330753 0.108207 -0.002180
v -0.330753 0.105645 -0.005707
v 0.330753 0.105645 -0.005707
v -0.286962 0.645084 -0.021626
v 0.286962 0.645084 -0.021626
v -0.286962 0.632372 -0.017496
v 0.286962 0.632372 -0.017496
v -0.286962 0.624516 -0.006683
v 0.286962 0.624516 -0.006683
v -0.286962 0.624516 0.006683
v 0.286962 0.624516 0.006683
v -0.286962 0.632372 0.017496
v 0.286962 0.632372 0.017496
v -0.286962 0.645084 0.021626
v 0.286962 0.645084 0.021626
v -0.286962 0.657795 0.017496
v 0.286962 0.657795 0.017496
v -0.286962 0.665651 0.006683
v 0.286962 0.665651 0.006683
v -0.286962 0.665651 -0.006683
v 0.286962 0.665651 -0.006683
v -0.286962 0.657795 -0.017496
v 0.286962 0.657795 -0.017496
v 0.201278 0.665250 0.027757
v 0.181338 0.665250 0.027757
v 0.105624 0.665250 0.027757
v 0.085684 0.665250 0.027757
v 0.009970 0.665250 0.027757
v -0.009970 0.665250 0.027757
v -0.085684 0.665250 0.027757
v -0.105624 0.665250 0.027757
v -0.181338 0.665250 0.027757
v -0.201278 0.665250 0.027757
v 0.201278 0.677714 0.010602
v 0.181338 0.677714 0.010602
v 0.105624 0.677714 0.010602
v 0.085684 0.677714 0.010602
v 0.009970 0.677714 0.010602
v -0.009970 0.677714 0.010602
v -0.085684 0.677714 0.010602
v -0.105624 0.677714 0.010602
v -0.181338 0.677714 0.010602
v -0.201278 0.677714 0.010602
v 0.201278 0.677714 -0.010602
v 0.181338 0.677714 -0.010602
v 0.105624 0.677714 -0.010602
v 0.085684 0.677714 -0.010602
v 0.009970 0.677714 -0.010602
v -0.009970 0.677714 -0.010602
v -0.085684 0.677714 -0.010602
v -0.105624 0.677714 -0.010602
v -0.181338 0.677714 -0.010602
v -0.201278 0.677714 -0.010602
v 0.181338 0.645084 -0.034309
v 0.201278 0.645084 -0.034309
v 0.201278 0.665250 -0.027757
v 0.181338 0.665250 -0.027757
v 0.085684 0.645084 -0.034309
v 0.105624 0.645084 -0.034309
v 0.105624 0.665250 -0.027757
v 0.085684 0.665250 -0.027757
v -0.009970 0.645084 -0.034309
v 0.009970 0.645084 -0.034309
v 0.009970 0.665250 -0.027757
v -0.009970 0.665250 -0.027757
v -0.105624 0.645084 -0.034309
v -0.085684 0.645084 -0.034309
v -0.085684 0.665250 -0.027757
v -0.105624 0.665250 -0.027757
v -0.201278 0.645084 -0.034309
v -0.181338 0.645084 -0.034309
v -0.181338 0.665250 -0.027757
v -0.201278 0.665250 -0.027757
v -0.181338 0.645084 -0.027087
v -0.201278 0.645084 -0.027087
v -0.085684 0.645084 -0.027087
v -0.105624 0.645084 -0.027087
v 0.009970 0.645084 -0.027087
v -0.009970 0.645084 -0.027087
v 0.105624 0.645084 -0.027087
v 0.085684 0.645084 -0.027087
v 0.201278 0.645084 -0.027087
v 0.181338 0.645084 -0.027087
v 0.181338 0.629163 -0.021914
v 0.201278 0.629163 -0.021914
v 0.085684 0.629163 -0.021914
v 0.105624 0.629163 -0.021914
v -0.009970 0.629163 -0.021914
v 0.009970 0.629163 -0.021914
v -0.105624 0.629163 -0.021914
v -0.085684 0.629163 -0.021914
v -0.201278 0.629163 -0.021914
v -0.181338 0.629163 -0.021914
v 0.181338 0.619323 -0.008370
v 0.201278 0.619323 -0.008370
v 0.085684 0.619323 -0.008370
v 0.105624 0.619323 -0.008370
v -0.009970 0.619323 -0.008370
v 0.009970 0.619323 -0.008370
v -0.105624 0.619323 -0.008370
v -0.085684 0.619323 -0.008370
v -0.201278 0.619323 -0.008370
v -0.181338 0.619323 -0.008370
v 0.181338 0.619323 0.008370
v 0.201278 0.619323 0.008370
v 0.085684 0.619323 0.008370
v 0.105624 0.619323 0.008370
v -0.009970 0.619323 0.008370
v 0.009970 0.619323 0.008370
v -0.105624 0.619323 0.008370
v -0.085684 0.619323 0.008370
v -0.201278 0.619323 0.008370
v -0.181338 0.619323 0.008370
v 0.181338 0.629163 0.021914
v 0.201278 0.629163 0.021914
v 0.085684 0.629163 0.021914
v 0.105624 0.629163 0.021914
v -0.009970 0.629163 0.021914
v 0.009970 0.629163 0.021914
v -0.105624 0.629163 0.021914
v -0.085684 0.629163 0.021914
v -0.201278 0.629163 0.021914
v -0.181338 0.629163 0.021914
v 0.181338 0.645084 0.027087
v 0.201278 0.645084 0.027087
v 0.085684 0.645084 0.027087
v 0.105624 0.645084 0.027087
v -0.009970 0.645084 0.027087
v 0.009970 0.645084 0.027087
v -0.105624 0.645084 0.027087
v -0.085684 0.645084 0.027087
v -0.201278 0.645084 0.027087
v -0.181338 0.645084 0.027087
v 0.181338 0.661005 0.021914
v 0.201278 0.661005 0.021914
v 0.085684 0.661005 0.021914
v 0.105624 0.661005 0.021914
v -0.009970 0.661005 0.021914
v 0.009970 0.661005 0.021914
v -0.105624 0.661005 0.021914
v -0.085684 0.661005 0.021914
v -0.201278 0.661005 0.021914
v -0.181338 0.661005 0.021914
v 0.181338 0.670845 0.008370
v 0.201278 0.670845 0.008370
v 0.085684 0.670845 0.008370
v 0.105624 0.670845 0.008370
v -0.009970 0.670845 0.008370
v 0.009970 0.670845 0.008370
v -0.105624 0.670845 0.008370
v -0.085684 0.670845 0.008370
v -0.201278 0.670845 0.008370
v -0.181338 0.670845 0.008370
v 0.181338 0.670845 -0.008370
v 0.201278 0.670845 -0.008370
v 0.085684 0.670845 -0.008370
v 0.105624 0.670845 -0.008370
v -0.009970 0.670845 -0.008370
v 0.009970 0.670845 -0.008370
v -0.105624 0.670845 -0.008370
v -0.085684 0.670845 -0.008370
v -0.201278 0.670845 -0.008370
v -0.181338 0.670845 -0.008370
v 0.181338 0.661005 -0.021914
v 0.201278 0.661005 -0.021914
v 0.085684 0.661005 -0.021914
v 0.105624 0.661005 -0.021914
v -0.009970 0.661005 -0.021914
v 0.009970 0.661005 -0.021914
v -0.105624 0.661005 -0.021914
v -0.085684 0.661005 -0.021914
v -0.201278 0.661005 -0.021914
v -0.181338 0.661005 -0.021914
v -0.201278 0.645084 0.034309
v -0.181338 0.645084 0.034309
v -0.105624 0.645084 0.034309
v -0.085684 0.645084 0.034309
v -0.009970 0.645084 0.034309
v 0.009970 0.645084 0.034309
v 0.085684 0.645084 0.034309
v 0.105624 0.645084 0.034309
v 0.181338 0.645084 0.034309
v 0.201278 0.645084 0.034309
v -0.201278 0.624917 0.027757
v -0.181338 0.624917 0.027757
v -0.105624 0.624917 0.027757
v -0.085684 0.624917 0.027757
v -0.009970 0.624917 0.027757
v 0.009970 0.624917 0.027757
v 0.085684 0.624917 0.027757
v 0.105624 0.624917 0.027757
v 0.181338 0.624917 0.027757
v 0.201278 0.624917 0.027757
v -0.201278 0.612454 0.010602
v -0.181338 0.612454 0.010602
v -0.105624 0.612454 0.010602
v -0.085684 0.612454 0.010602
v -0.009970 0.612454 0.010602
v 0.009970 0.612454 0.010602
v 0.085684 0.612454 0.010602
v 0.105624 0.612454 0.010602
v 0.181338 0.612454 0.010602
v 0.201278 0.612454 0.010602
v -0.201278 0.612454 -0.010602
v -0.181338 0.612454 -0.010602
v -0.105624 0.612454 -0.010602
v -0.085684 0.612454 -0.010602
v -0.009970 0.612454 -0.010602
v 0.009970 0.612454 -0.010602
v 0.085684 0.612454 -0.010602
v 0.105624 0.612454 -0.010602
v 0.181338 0.612454 -0.010602
v 0.201278 0.612454 -0.010602
v -0.201278 0.624917 -0.027757
v -0.181338 0.624917 -0.027757
v -0.105624 0.624917 -0.027757
v -0.085684 0.624917 -0.027757
v -0.009970 0.624917 -0.027757
v 0.009970 0.624917 -0.027757
v 0.085684 0.624917 -0.027757
v 0.105624 0.624917 -0.027757
v 0.181338 0.624917 -0.027757
v 0.201278 0.624917 -0.027757
v -0.286962 0.645084 -0.027087
v -0.286962 0.629163 -0.021914
v 0.286962 0.629163 -0.021914
v 0.286962 0.645084 -0.027087
v -0.286962 0.619323 -0.008370
v 0.286962 0.619323 -0.008370
v -0.286962 0.619323 0.008370
v 0.286962 0.619323 0.008370
v -0.286962 0.629163 0.021914
v 0.286962 0.629163 0.021914
v -0.286962 0.645084 0.027087
v 0.286962 0.645084 0.027087
v -0.286962 0.661005 0.021914
v 0.286962 0.661005 0.021914
v -0.286962 0.670845 0.008370
v 0.286962 0.670845 0.008370
v -0.286962 0.670845 -0.008370
v 0.286962 0.670845 -0.008370
v -0.286962 0.661005 -0.021914
v 0.286962 0.661005 -0.021914
v -0.293974 0.645084 -0.015111
v -0.293974 0.636202 -0.012225
v 0.293974 0.636202 -0.012225
v 0.293974 0.645084 -0.015111
v -0.293974 0.630712 -0.004670
v 0.293974 0.630712 -0.004670
v -0.293974 0.630712 0.004669
v 0.293974 0.630712 0.004669
v -0.293974 0.636202 0.012225
v 0.293974 0.636202 0.012225
v -0.293974 0.645084 0.015111
v 0.293974 0.645084 0.015111
v -0.293974 0.653966 0.012225
v 0.293974 0.653966 0.012225
v -0.293974 0.659455 0.004669
v 0.293974 0.659456 0.004669
v -0.293974 0.659455 -0.004670
v 0.293974 0.659456 -0.004670
v -0.293974 0.653966 -0.012225
v 0.293974 0.653966 -0.012225
v -0.300987 0.645084 -0.015111
v -0.300987 0.636202 -0.012225
v 0.300987 0.636202 -0.012225
v 0.300987 0.645084 -0.015111
v -0.300987 0.630712 -0.004670
v 0.300987 0.630712 -0.004670
v -0.300987 0.630712 0.004669
v 0.300987 0.630712 0.004669
v -0.300987 0.636202 0.012225
v 0.300987 0.636202 0.012225
v -0.300987 0.645084 0.015111
v 0.300987 0.645084 0.015111
v -0.300987 0.653966 0.012225
v 0.300987 0.653966 0.012225
v -0.300987 0.659455 0.004669
v 0.300987 0.659456 0.004669
v -0.300987 0.659455 -0.004670
v 0.300987 0.659456 -0.004670
v -0.300987 0.653966 -0.012225
v 0.300987 0.653966 -0.012225
v -0.293974 0.645084 -0.018653
v -0.291146 0.645084 -0.021626
v -0.291146 0.632372 -0.017496
v -0.293974 0.634120 -0.015090
v 0.293974 0.634120 -0.015090
v 0.291146 0.632372 -0.017496
v 0.291146 0.645084 -0.021626
v 0.293974 0.645084 -0.018653
v -0.291146 0.624516 -0.006683
v -0.293974 0.627344 -0.005764
v 0.293974 0.627344 -0.005764
v 0.291146 0.624516 -0.006683
v -0.291146 0.624516 0.006683
v -0.293974 0.627344 0.005764
v 0.293974 0.627344 0.005764
v 0.291146 0.624516 0.006683
v -0.291146 0.632372 0.017496
v -0.293974 0.634120 0.015090
v 0.293974 0.634120 0.015090
v 0.291146 0.632372 0.017496
v -0.291146 0.645084 0.021626
v -0.293974 0.645084 0.018652
v 0.293974 0.645084 0.018652
v 0.291146 0.645084 0.021626
v -0.291146 0.657795 0.017496
v -0.293974 0.656048 0.015090
v 0.293974 0.656048 0.015090
v 0.291146 0.657795 0.017496
v -0.291146 0.665651 0.006683
v -0.293974 0.662823 0.005764
v 0.293974 0.662823 0.005764
v 0.291146 0.665651 0.006683
v -0.291146 0.665651 -0.006683
v -0.293974 0.662823 -0.005764
v 0.293974 0.662823 -0.005764
v 0.291146 0.665651 -0.006683
v -0.291146 0.657795 -0.017496
v -0.293974 0.656048 -0.015090
v 0.293974 0.656048 -0.015090
v 0.291146 0.657795 -0.017496
v 0.047276 0.593561 0.064907
v 0.060942 0.593561 0.069348
v 0.069388 0.593561 0.080973
v 0.069388 0.593561 0.095342
v 0.060942 0.593561 0.106967
v 0.047276 0.593561 0.111407
v 0.033610 0.593561 0.106967
v 0.025164 0.593561 0.095342
v 0.025164 0.593561 0.080973
v 0.033610 0.593561 0.069348
v 0.047276 0.669257 -0.065757
v 0.047276 0.669257 0.022965
v 0.060942 0.664817 -0.065757
v 0.060942 0.664817 0.022965
v 0.069388 0.653192 -0.065757
v 0.069388 0.653192 0.022965
v 0.069388 0.638822 -0.065756
v 0.069388 0.638822 0.022965
v 0.060942 0.627198 -0.065756
v 0.060942 0.627198 0.022965
v 0.047276 0.622757 -0.065756
v 0.047276 0.622757 0.022965
v 0.033610 0.627198 -0.065756
v 0.033610 0.627198 0.022965
v 0.025164 0.638822 -0.065756
v 0.025164 0.638822 0.022965
v 0.025164 0.653192 -0.065757
v 0.025164 0.653192 0.022965
v 0.033610 0.664817 -0.065757
v 0.033610 0.664817 0.022965
v 0.047276 0.618214 0.063667
v 0.047276 0.621994 0.062674
v 0.047276 0.622596 0.053719
v 0.033610 0.619565 0.067897
v 0.033610 0.625567 0.065310
v 0.033610 0.627000 0.054285
v 0.025164 0.623102 0.078971
v 0.025164 0.634920 0.072213
v 0.025164 0.638531 0.055767
v 0.025164 0.627474 0.092659
v 0.025164 0.646483 0.080745
v 0.025164 0.652783 0.057599
v 0.033610 0.631011 0.103733
v 0.033610 0.655836 0.087647
v 0.033610 0.664313 0.059081
v 0.047276 0.632362 0.107963
v 0.047276 0.659409 0.090284
v 0.047276 0.668717 0.059648
v 0.060942 0.631011 0.103733
v 0.060942 0.655836 0.087647
v 0.060942 0.664313 0.059081
v 0.069388 0.627474 0.092659
v 0.069388 0.646483 0.080745
v 0.069388 0.652783 0.057599
v 0.069388 0.623102 0.078971
v 0.069388 0.634920 0.072213
v 0.069388 0.638531 0.055767
v 0.060942 0.627000 0.054285
v 0.060942 0.625567 0.065310
v 0.060942 0.619565 0.067897
v 0.047276 0.125268 0.002110
v 0.047276 0.125268 0.035681
v 0.060942 0.120828 0.002110
v 0.060942 0.120828 0.035681
v 0.069388 0.109203 0.002110
v 0.069388 0.109203 0.035681
v 0.069388 0.094834 0.002110
v 0.069388 0.094834 0.035681
v 0.060942 0.083208 0.002110
v 0.060942 0.083208 0.035681
v 0.047276 0.078768 0.002110
v 0.047276 0.078768 0.035681
v 0.033610 0.083208 0.002110
v 0.033610 0.083208 0.035681
v 0.025164 0.094834 0.002110
v 0.025164 0.094834 0.035681
v 0.025164 0.109203 0.002110
v 0.025164 0.109203 0.035681
v 0.033610 0.120828 0.002110
v 0.033610 0.120828 0.035681
v 0.047276 0.213711 0.111377
v 0.047276 0.167211 0.111377
v 0.060942 0.213711 0.106937
v 0.060942 0.167211 0.106937
v 0.069388 0.213711 0.095312
v 0.069388 0.167211 0.095312
v 0.069388 0.213711 0.080942
v 0.069388 0.167211 0.080942
v 0.060942 0.213711 0.069317
v 0.060942 0.167211 0.069317
v 0.047276 0.213711 0.064877
v 0.047276 0.167211 0.064877
v 0.033610 0.213711 0.069317
v 0.033610 0.167211 0.069317
v 0.025164 0.213711 0.080942
v 0.025164 0.167211 0.080942
v 0.025164 0.213711 0.095312
v 0.025164 0.167211 0.095312
v 0.033610 0.213711 0.106937
v 0.033610 0.167211 0.106937
v 0.047276 0.126508 0.060334
v 0.047276 0.127502 0.064113
v 0.047276 0.136456 0.064716
v 0.033610 0.122278 0.061684
v 0.033610 0.124865 0.067686
v 0.033610 0.135890 0.069120
v 0.025164 0.111204 0.065221
v 0.025164 0.117963 0.077040
v 0.025164 0.134408 0.080650
v 0.025164 0.097516 0.069593
v 0.025164 0.109431 0.088602
v 0.025164 0.132576 0.094902
v 0.033610 0.086443 0.073130
v 0.033610 0.102528 0.097956
v 0.033610 0.131094 0.106432
v 0.047276 0.082213 0.074481
v 0.047276 0.099892 0.101529
v 0.047276 0.130528 0.110836
v 0.060942 0.086443 0.073130
v 0.060942 0.102528 0.097956
v 0.060942 0.131094 0.106432
v 0.069388 0.097516 0.069593
v 0.069388 0.109431 0.088602
v 0.069388 0.132576 0.094902
v 0.069388 0.111204 0.065221
v 0.069388 0.117963 0.077040
v 0.069388 0.134408 0.080650
v 0.060942 0.135890 0.069120
v 0.060942 0.124865 0.067686
v 0.060942 0.122278 0.061684
v 0.047276 0.546891 0.111377
v 0.060942 0.546891 0.106936
v 0.069388 0.546891 0.095312
v 0.069388 0.546735 0.080908
v 0.060942 0.546891 0.069317
v 0.047276 0.546891 0.064877
v 0.033610 0.546891 0.069317
v 0.025164 0.546735 0.080908
v 0.025164 0.546891 0.095312
v 0.033610 0.546891 0.106936
v -0.045932 0.593561 0.064907
v -0.032266 0.593561 0.069348
v -0.023820 0.593561 0.080973
v -0.023820 0.593561 0.095342
v -0.032266 0.593561 0.106967
v -0.045932 0.593561 0.111407
v -0.059598 0.593561 0.106967
v -0.068044 0.593561 0.095342
v -0.068044 0.593561 0.080973
v -0.059598 0.593561 0.069348
v -0.045932 0.669257 -0.065757
v -0.045932 0.669257 0.022965
v -0.032266 0.664817 -0.065757
v -0.032266 0.664817 0.022965
v -0.023820 0.653192 -0.065757
v -0.023820 0.653192 0.022965
v -0.023820 0.638822 -0.065756
v -0.023820 0.638822 0.022965
v -0.032266 0.627198 -0.065756
v -0.032266 0.627198 0.022965
v -0.045932 0.622757 -0.065756
v -0.045932 0.622757 0.022965
v -0.059598 0.627198 -0.065756
v -0.059598 0.627198 0.022965
v -0.068044 0.638822 -0.065756
v -0.068044 0.638822 0.022965
v -0.068044 0.653192 -0.065757
v -0.068044 0.653192 0.022965
v -0.059598 0.664817 -0.065757
v -0.059598 0.664817 0.022965
v -0.045932 0.618214 0.063667
v -0.045932 0.621994 0.062674
v -0.045932 0.622596 0.053719
v -0.059598 0.619565 0.067897
v -0.059598 0.625567 0.065310
v -0.059598 0.627000 0.054285
v -0.068044 0.623102 0.078971
v -0.068044 0.634920 0.072213
v -0.068044 0.638531 0.055767
v -0.068044 0.627474 0.092659
v -0.068044 0.646483 0.080745
v -0.068044 0.652783 0.057599
v -0.059598 0.631011 0.103733
v -0.059598 0.655836 0.087647
v -0.059598 0.664313 0.059081
v -0.045932 0.632362 0.107963
v -0.045932 0.659409 0.090284
v -0.045932 0.668717 0.059648
v -0.032266 0.631011 0.103733
v -0.032266 0.655836 0.087647
v -0.032266 0.664313 0.059081
v -0.023820 0.627474 0.092659
v -0.023820 0.646483 0.080745
v -0.023820 0.652783 0.057599
v -0.023820 0.623102 0.078971
v -0.023820 0.634920 0.072213
v -0.023820 0.638531 0.055767
v -0.032266 0.627000 0.054285
v -0.032266 0.625567 0.065310
v -0.032266 0.619565 0.067897
v -0.045932 0.125268 0.002110
v -0.045932 0.125268 0.035681
v -0.032266 0.120828 0.002110
v -0.032266 0.120828 0.035681
v -0.023820 0.109203 0.002110
v -0.023820 0.109203 0.035681
v -0.023820 0.094834 0.002110
v -0.023820 0.094834 0.035681
v -0.032266 0.083208 0.002110
v -0.032266 0.083208 0.035681
v -0.045932 0.078768 0.002110
v -0.045932 0.078768 0.035681
v -0.059598 0.083208 0.002110
v -0.059598 0.083208 0.035681
v -0.068044 0.094834 0.002110
v -0.068044 0.094834 0.035681
v -0.068044 0.109203 0.002110
v -0.068044 0.109203 0.035681
v -0.059598 0.120828 0.002110
v -0.059598 0.120828 0.035681
v -0.045932 0.213711 0.111377
v -0.045932 0.167211 0.111377
v -0.032266 0.213711 0.106937
v -0.032266 0.167211 0.106937
v -0.023820 0.213711 0.095312
v -0.023820 0.167211 0.095312
v -0.023820 0.213711 0.080942
v -0.023820 0.167211 0.080942
v -0.032266 0.213711 0.069317
v -0.032266 0.167211 0.069317
v -0.045932 0.213711 0.064877
v -0.045932 0.167211 0.064877
v -0.059598 0.213711 0.069317
v -0.059598 0.167211 0.069317
v -0.068044 0.213711 0.080942
v -0.068044 0.167211 0.080942
v -0.068044 0.213711 0.095312
v -0.068044 0.167211 0.095312
v -0.059598 0.213711 0.106937
v -0.059598 0.167211 0.106937
v -0.045932 0.126508 0.060334
v -0.045932 0.127502 0.064113
v -0.045932 0.136456 0.064716
v -0.059598 0.122278 0.061684
v -0.059598 0.124865 0.067686
v -0.059598 0.135890 0.069120
v -0.068044 0.111204 0.065221
v -0.068044 0.117963 0.077040
v -0.068044 0.134408 0.080650
v -0.068044 0.097516 0.069593
v -0.068044 0.109431 0.088602
v -0.068044 0.132576 0.094902
v -0.059598 0.086443 0.073130
v -0.059598 0.102528 0.097956
v -0.059598 0.131094 0.106432
v -0.045932 0.082213 0.074481
v -0.045932 0.099892 0.101529
v -0.045932 0.130528 0.110836
v -0.032266 0.086443 0.073130
v -0.032266 0.102528 0.097956
v -0.032266 0.131094 0.106432
v -0.023820 0.097516 0.069593
v -0.023820 0.109431 0.088602
v -0.023820 0.132576 0.094902
v -0.023820 0.111204 0.065221
v -0.023820 0.117963 0.077040
v -0.023820 0.134408 0.080650
v -0.032266 0.135890 0.069120
v -0.032266 0.124865 0.067686
v -0.032266 0.122278 0.061684
v -0.045932 0.546891 0.111377
v -0.032266 0.546891 0.106936
v -0.023820 0.546891 0.095312
v -0.023820 0.546735 0.080908
v -0.032266 0.546891 0.069317
v -0.045932 0.546891 0.064877
v -0.059598 0.546891 0.069317
v -0.068044 0.546735 0.080908
v -0.068044 0.546891 0.095312
v -0.059598 0.546891 0.106936
v -0.145664 0.593561 0.064907
v -0.131998 0.593561 0.069348
v -0.123552 0.593561 0.080973
v -0.123552 0.593561 0.095342
v -0.131998 0.593561 0.106967
v -0.145664 0.593561 0.111407
v -0.159330 0.593561 0.106967
v -0.167776 0.593561 0.095342
v -0.167776 0.593561 0.080973
v -0.159330 0.593561 0.069348
v -0.145664 0.669257 -0.065757
v -0.145664 0.669257 0.022965
v -0.131998 0.664817 -0.065757
v -0.131998 0.664817 0.022965
v -0.123552 0.653192 -0.065757
v -0.123552 0.653192 0.022965
v -0.123552 0.638822 -0.065756
v -0.123552 0.638822 0.022965
v -0.131998 0.627198 -0.065756
v -0.131998 0.627198 0.022965
v -0.145664 0.622757 -0.065756
v -0.145664 0.622757 0.022965
v -0.159330 0.627198 -0.065756
v -0.159330 0.627198 0.022965
v -0.167776 0.638822 -0.065756
v -0.167776 0.638822 0.022965
v -0.167776 0.653192 -0.065757
v -0.167776 0.653192 0.022965
v -0.159330 0.664817 -0.065757
v -0.159330 0.664817 0.022965
v -0.145664 0.618214 0.063667
v -0.145664 0.621994 0.062674
v -0.145664 0.622596 0.053719
v -0.159330 0.619565 0.067897
v -0.159330 0.625567 0.065310
v -0.159330 0.627000 0.054285
v -0.167776 0.623102 0.078971
v -0.167776 0.634920 0.072213
v -0.167776 0.638531 0.055767
v -0.167776 0.627474 0.092659
v -0.167776 0.646483 0.080745
v -0.167776 0.652783 0.057599
v -0.159330 0.631011 0.103733
v -0.159330 0.655836 0.087647
v -0.159330 0.664313 0.059081
v -0.145664 0.632362 0.107963
v -0.145664 0.659409 0.090284
v -0.145664 0.668717 0.059648
v -0.131998 0.631011 0.103733
v -0.131998 0.655836 0.087647
v -0.131998 0.664313 0.059081
v -0.123552 0.627474 0.092659
v -0.123552 0.646483 0.080745
v -0.123552 0.652783 0.057599
v -0.123552 0.623102 0.078971
v -0.123552 0.634920 0.072213
v -0.123552 0.638531 0.055767
v -0.131998 0.627000 0.054285
v -0.131998 0.625567 0.065310
v -0.131998 0.619565 0.067897
v -0.145664 0.125268 0.002110
v -0.145664 0.125268 0.035681
v -0.131998 0.120828 0.002110
v -0.131998 0.120828 0.035681
v -0.123552 0.109203 0.002110
v -0.123552 0.109203 0.035681
v -0.123552 0.094834 0.002110
v -0.123552 0.094834 0.035681
v -0.131998 0.083208 0.002110
v -0.131998 0.083208 0.035681
v -0.145664 0.078768 0.002110
v -0.145664 0.078768 0.035681
v -0.159330 0.083208 0.002110
v -0.159330 0.083208 0.035681
v -0.167776 0.094834 0.002110
v -0.167776 0.094834 0.035681
v -0.167776 0.109203 0.002110
v -0.167776 0.109203 0.035681
v -0.159330 0.120828 0.002110
v -0.159330 0.120828 0.035681
v -0.145664 0.213711 0.111377
v -0.145664 0.167211 0.111377
v -0.131998 0.213711 0.106937
v -0.131998 0.167211 0.106937
v -0.123552 0.213711 0.095312
v -0.123552 0.167211 0.095312
v -0.123552 0.213711 0.080942
v -0.123552 0.167211 0.080942
v -0.131998 0.213711 0.069317
v -0.131998 0.167211 0.069317
v -0.145664 0.213711 0.064877
v -0.145664 0.167211 0.064877
v -0.159330 0.213711 0.069317
v -0.159330 0.167211 0.069317
v -0.167776 0.213711 0.080942
v -0.167776 0.167211 0.080942
v -0.167776 0.213711 0.095312
v -0.167776 0.167211 0.095312
v -0.159330 0.213711 0.106937
v -0.159330 0.167211 0.106937
v -0.145664 0.126508 0.060334
v -0.145664 0.127502 0.064113
v -0.145664 0.136456 0.064716
v -0.159330 0.122278 0.061684
v -0.159330 0.124865 0.067686
v -0.159330 0.135890 0.069120
v -0.167776 0.111204 0.065221
v -0.167776 0.117963 0.077040
v -0.167776 0.134408 0.080650
v -0.167776 0.097516 0.069593
v -0.167776 0.109431 0.088602
v -0.167776 0.132576 0.094902
v -0.159330 0.086443 0.073130
v -0.159330 0.102528 0.097956
v -0.159330 0.131094 0.106432
v -0.145664 0.082213 0.074481
v -0.145664 0.099892 0.101529
v -0.145664 0.130528 0.110836
v -0.131998 0.086443 0.073130
v -0.131998 0.102528 0.097956
v -0.131998 0.131094 0.106432
v -0.123552 0.097516 0.069593
v -0.123552 0.109431 0.088602
v -0.123552 0.132576 0.094902
v -0.123552 0.111204 0.065221
v -0.123552 0.117963 0.077040
v -0.123552 0.134408 0.080650
v -0.131998 0.135890 0.069120
v -0.131998 0.124865 0.067686
v -0.131998 0.122278 0.061684
v -0.145664 0.546891 0.111377
v -0.131998 0.546891 0.106936
v -0.123552 0.546891 0.095312
v -0.123552 0.546735 0.080908
v -0.131998 0.546891 0.069317
v -0.145664 0.546891 0.064877
v -0.159330 0.546891 0.069317
v -0.167776 0.546735 0.080908
v -0.167776 0.546891 0.095312
v -0.159330 0.546891 0.106936
v -0.243532 0.593561 0.064907
v -0.229866 0.593561 0.069348
v -0.221420 0.593561 0.080973
v -0.221420 0.593561 0.095342
v -0.229866 0.593561 0.106967
v -0.243532 0.593561 0.111407
v -0.257198 0.593561 0.106967
v -0.265644 0.593561 0.095342
v -0.265644 0.593561 0.080973
v -0.257198 0.593561 0.069348
v -0.243532 0.669257 -0.065757
v -0.243532 0.669257 0.022965
v -0.229866 0.664817 -0.065757
v -0.229866 0.664817 0.022965
v -0.221420 0.653192 -0.065757
v -0.221420 0.653192 0.022965
v -0.221420 0.638822 -0.065756
v -0.221420 0.638822 0.022965
v -0.229866 0.627198 -0.065756
v -0.229866 0.627198 0.022965
v -0.243532 0.622757 -0.065756
v -0.243532 0.622757 0.022965
v -0.257198 0.627198 -0.065756
v -0.257198 0.627198 0.022965
v -0.265644 0.638822 -0.065756
v -0.265644 0.638822 0.022965
v -0.265644 0.653192 -0.065757
v -0.265644 0.653192 0.022965
v -0.257198 0.664817 -0.065757
v -0.257198 0.664817 0.022965
v -0.243532 0.618214 0.063667
v -0.243532 0.621994 0.062674
v -0.243532 0.622596 0.053719
v -0.257198 0.619565 0.067897
v -0.257198 0.625567 0.065310
v -0.257198 0.627000 0.054285
v -0.265644 0.623102 0.078971
v -0.265644 0.634920 0.072213
v -0.265644 0.638531 0.055767
v -0.265644 0.627474 0.092659
v -0.265644 0.646483 0.080745
v -0.265644 0.652783 0.057599
v -0.257198 0.631011 0.103733
v -0.257198 0.655836 0.087647
v -0.257198 0.664313 0.059081
v -0.243532 0.632362 0.107963
v -0.243532 0.659409 0.090284
v -0.243532 0.668717 0.059648
v -0.229866 0.631011 0.103733
v -0.229866 0.655836 0.087647
v -0.229866 0.664313 0.059081
v -0.221420 0.627474 0.092659
v -0.221420 0.646483 0.080745
v -0.221420 0.652783 0.057599
v -0.221420 0.623102 0.078971
v -0.221420 0.634920 0.072213
v -0.221420 0.638531 0.055767
v -0.229866 0.627000 0.054285
v -0.229866 0.625567 0.065310
v -0.229866 0.619565 0.067897
v -0.243532 0.125268 0.002110
v -0.243532 0.125268 0.035681
v -0.229866 0.120828 0.002110
v -0.229866 0.120828 0.035681
v -0.221420 0.109203 0.002110
v -0.221420 0.109203 0.035681
v -0.221420 0.094834 0.002110
v -0.221420 0.094834 0.035681
v -0.229866 0.083208 0.002110
v -0.229866 0.083208 0.035681
v -0.243532 0.078768 0.002110
v -0.243532 0.078768 0.035681
v -0.257198 0.083208 0.002110
v -0.257198 0.083208 0.035681
v -0.265644 0.094834 0.002110
v -0.265644 0.094834 0.035681
v -0.265644 0.109203 0.002110
v -0.265644 0.109203 0.035681
v -0.257198 0.120828 0.002110
v -0.257198 0.120828 0.035681
v -0.243532 0.213711 0.111377
v -0.243532 0.167211 0.111377
v -0.229866 0.213711 0.106937
v -0.229866 0.167211 0.106937
v -0.221420 0.213711 0.095312
v -0.221420 0.167211 0.095312
v -0.221420 0.213711 0.080942
v -0.221420 0.167211 0.080942
v -0.229866 0.213711 0.069317
v -0.229866 0.167211 0.069317
v -0.243532 0.213711 0.064877
v -0.243532 0.167211 0.064877
v -0.257198 0.213711 0.069317
v -0.257198 0.167211 0.069317
v -0.265644 0.213711 0.080942
v -0.265644 0.167211 0.080942
v -0.265644 0.213711 0.095312
v -0.265644 0.167211 0.095312
v -0.257198 0.213711 0.106937
v -0.257198 0.167211 0.106937
v -0.243532 0.126508 0.060334
v -0.243532 0.127502 0.064113
v -0.243532 0.136456 0.064716
v -0.257198 0.122278 0.061684
v -0.257198 0.124865 0.067686
v -0.257198 0.135890 0.069120
v -0.265644 0.111204 0.065221
v -0.265644 0.117963 0.077040
v -0.265644 0.134408 0.080650
v -0.265644 0.097516 0.069593
v -0.265644 0.109431 0.088602
v -0.265644 0.132576 0.094902
v -0.257198 0.086443 0.073130
v -0.257198 0.102528 0.097956
v -0.257198 0.131094 0.106432
v -0.243532 0.082213 0.074481
v -0.243532 0.099892 0.101529
v -0.243532 0.130528 0.110836
v -0.229866 0.086443 0.073130
v -0.229866 0.102528 0.097956
v -0.229866 0.131094 0.106432
v -0.221420 0.097516 0.069593
v -0.221420 0.109431 0.088602
v -0.221420 0.132576 0.094902
v -0.221420 0.111204 0.065221
v -0.221420 0.117963 0.077040
v -0.221420 0.134408 0.080650
v -0.229866 0.135890 0.069120
v -0.229866 0.124865 0.067686
v -0.229866 0.122278 0.061684
v -0.243532 0.546891 0.111377
v -0.229866 0.546891 0.106936
v -0.221420 0.546891 0.095312
v -0.221420 0.546735 0.080908
v -0.229866 0.546891 0.069317
v -0.243532 0.546891 0.064877
v -0.257198 0.546891 0.069317
v -0.265644 0.546735 0.080908
v -0.265644 0.546891 0.095312
v -0.257198 0.546891 0.106936
v 0.147940 0.593561 0.064907
v 0.161606 0.593561 0.069348
v 0.170052 0.593561 0.080973
v 0.170052 0.593561 0.095342
v 0.161606 0.593561 0.106967
v 0.147940 0.593561 0.111407
v 0.134274 0.593561 0.106967
v 0.125828 0.593561 0.095342
v 0.125828 0.593561 0.080973
v 0.134274 0.593561 0.069348
v 0.147940 0.669257 -0.065757
v 0.147940 0.669257 0.022965
v 0.161606 0.664817 -0.065757
v 0.161606 0.664817 0.022965
v 0.170052 0.653192 -0.065757
v 0.170052 0.653192 0.022965
v 0.170052 0.638822 -0.065756
v 0.170052 0.638822 0.022965
v 0.161606 0.627198 -0.065756
v 0.161606 0.627198 0.022965
v 0.147940 0.622757 -0.065756
v 0.147940 0.622757 0.022965
v 0.134274 0.627198 -0.065756
v 0.134274 0.627198 0.022965
v 0.125828 0.638822 -0.065756
v 0.125828 0.638822 0.022965
v 0.125828 0.653192 -0.065757
v 0.125828 0.653192 0.022965
v 0.134274 0.664817 -0.065757
v 0.134274 0.664817 0.022965
v 0.147940 0.618214 0.063667
v 0.147940 0.621994 0.062674
v 0.147940 0.622596 0.053719
v 0.134274 0.619565 0.067897
v 0.134274 0.625567 0.065310
v 0.134274 0.627000 0.054285
v 0.125828 0.623102 0.078971
v 0.125828 0.634920 0.072213
v 0.125828 0.638531 0.055767
v 0.125828 0.627474 0.092659
v 0.125828 0.646483 0.080745
v 0.125828 0.652783 0.057599
v 0.134274 0.631011 0.103733
v 0.134274 0.655836 0.087647
v 0.134274 0.664313 0.059081
v 0.147940 0.632362 0.107963
v 0.147940 0.659409 0.090284
v 0.147940 0.668717 0.059648
v 0.161606 0.631011 0.103733
v 0.161606 0.655836 0.087647
v 0.161606 0.664313 0.059081
v 0.170052 0.627474 0.092659
v 0.170052 0.646483 0.080745
v 0.170052 0.652783 0.057599
v 0.170052 0.623102 0.078971
v 0.170052 0.634920 0.072213
v 0.170052 0.638531 0.055767
v 0.161606 0.627000 0.054285
v 0.161606 0.625567 0.065310
v 0.161606 0.619565 0.067897
v 0.147940 0.125268 0.002110
v 0.147940 0.125268 0.035681
v 0.161606 0.120828 0.002110
v 0.161606 0.120828 0.035681
v 0.170052 0.109203 0.002110
v 0.170052 0.109203 0.035681
v 0.170052 0.094834 0.002110
v 0.170052 0.094834 0.035681
v 0.161606 0.083208 0.002110
v 0.161606 0.083208 0.035681
v 0.147940 0.078768 0.002110
v 0.147940 0.078768 0.035681
v 0.134274 0.083208 0.002110
v 0.134274 0.083208 0.035681
v 0.125828 0.094834 0.002110
v 0.125828 0.094834 0.035681
v 0.125828 0.109203 0.002110
v 0.125828 0.109203 0.035681
v 0.134274 0.120828 0.002110
v 0.134274 0.120828 0.035681
v 0.147940 0.213711 0.111377
v 0.147940 0.167211 0.111377
v 0.161606 0.213711 0.106937
v 0.161606 0.167211 0.106937
v 0.170052 0.213711 0.095312
v 0.170052 0.167211 0.095312
v 0.170052 0.213711 0.080942
v 0.170052 0.167211 0.080942
v 0.161606 0.213711 0.069317
v 0.161606 0.167211 0.069317
v 0.147940 0.213711 0.064877
v 0.147940 0.167211 0.064877
v 0.134274 0.213711 0.069317
v 0.134274 0.167211 0.069317
v 0.125828 0.213711 0.080942
v 0.125828 0.167211 0.080942
v 0.125828 0.213711 0.095312
v 0.125828 0.167211 0.095312
v 0.134274 0.213711 0.106937
v 0.134274 0.167211 0.106937
v 0.147940 0.126508 0.060334
v 0.147940 0.127502 0.064113
v 0.147940 0.136456 0.064716
v 0.134274 0.122278 0.061684
v 0.134274 0.124865 0.067686
v 0.134274 0.135890 0.069120
v 0.125828 0.111204 0.065221
v 0.125828 0.117963 0.077040
v 0.125828 0.134408 0.080650
v 0.125828 0.097516 0.069593
v 0.125828 0.109431 0.088602
v 0.125828 0.132576 0.094902
v 0.134274 0.086443 0.073130
v 0.134274 0.102528 0.097956
v 0.134274 0.131094 0.106432
v 0.147940 0.082213 0.074481
v 0.147940 0.099892 0.101529
v 0.147940 0.130528 0.110836
v 0.161606 0.086443 0.073130
v 0.161606 0.102528 0.097956
v 0.161606 0.131094 0.106432
v 0.170052 0.097516 0.069593
v 0.170052 0.109431 0.088602
v 0.170052 0.132576 0.094902
v 0.170052 0.111204 0.065221
v 0.170052 0.117963 0.077040
v 0.170052 0.134408 0.080650
v 0.161606 0.135890 0.069120
v 0.161606 0.124865 0.067686
v 0.161606 0.122278 0.061684
v 0.147940 0.546891 0.111377
v 0.161606 0.546891 0.106936
v 0.170052 0.546891 0.095312
v 0.170052 0.546735 0.080908
v 0.161606 0.546891 0.069317
v 0.147940 0.546891 0.064877
v 0.134274 0.546891 0.069317
v 0.125828 0.546735 0.080908
v 0.125828 0.546891 0.095312
v 0.134274 0.546891 0.106936
v 0.244876 0.593561 0.064907
v 0.258542 0.593561 0.069348
v 0.266988 0.593561 0.080973
v 0.266988 0.593561 0.095342
v 0.258542 0.593561 0.106967
v 0.244876 0.593561 0.111407
v 0.231210 0.593561 0.106967
v 0.222764 0.593561 0.095342
v 0.222764 0.593561 0.080973
v 0.231210 0.593561 0.069348
v 0.244876 0.669257 -0.065757
v 0.244876 0.669257 0.022965
v 0.258542 0.664817 -0.065757
v 0.258542 0.664817 0.022965
v 0.266988 0.653192 -0.065757
v 0.266988 0.653192 0.022965
v 0.266988 0.638822 -0.065756
v 0.266988 0.638822 0.022965
v 0.258542 0.627198 -0.065756
v 0.258542 0.627198 0.022965
v 0.244876 0.622757 -0.065756
v 0.244876 0.622757 0.022965
v 0.231210 0.627198 -0.065756
v 0.231210 0.627198 0.022965
v 0.222764 0.638822 -0.065756
v 0.222764 0.638822 0.022965
v 0.222764 0.653192 -0.065757
v 0.222764 0.653192 0.022965
v 0.231210 0.664817 -0.065757
v 0.231210 0.664817 0.022965
v 0.244876 0.618214 0.063667
v 0.244876 0.621994 0.062674
v 0.244876 0.622596 0.053719
v 0.231210 0.619565 0.067897
v 0.231210 0.625567 0.065310
v 0.231210 0.627000 0.054285
v 0.222764 0.623102 0.078971
v 0.222764 0.634920 0.072213
v 0.222764 0.638531 0.055767
v 0.222764 0.627474 0.092659
v 0.222764 0.646483 0.080745
v 0.222764 0.652783 0.057599
v 0.231210 0.631011 0.103733
v 0.231210 0.655836 0.087647
v 0.231210 0.664313 0.059081
v 0.244876 0.632362 0.107963
v 0.244876 0.659409 0.090284
v 0.244876 0.668717 0.059648
v 0.258542 0.631011 0.103733
v 0.258542 0.655836 0.087647
v 0.258542 0.664313 0.059081
v 0.266988 0.627474 0.092659
v 0.266988 0.646483 0.080745
v 0.266988 0.652783 0.057599
v 0.266988 0.623102 0.078971
v 0.266988 0.634920 0.072213
v 0.266988 0.638531 0.055767
v 0.258542 0.627000 0.054285
v 0.258542 0.625567 0.065310
v 0.258542 0.619565 0.067897
v 0.244876 0.125268 0.002110
v 0.244876 0.125268 0.035681
v 0.258542 0.120828 0.002110
v 0.258542 0.120828 0.035681
v 0.266988 0.109203 0.002110
v 0.266988 0.109203 0.035681
v 0.266988 0.094834 0.002110
v 0.266988 0.094834 0.035681
v 0.258542 0.083208 0.002110
v 0.258542 0.083208 0.035681
v 0.244876 0.078768 0.002110
v 0.244876 0.078768 0.035681
v 0.231210 0.083208 0.002110
v 0.231210 0.083208 0.035681
v 0.222764 0.094834 0.002110
v 0.222764 0.094834 0.035681
v 0.222764 0.109203 0.002110
v 0.222764 0.109203 0.035681
v 0.231210 0.120828 0.002110
v 0.231210 0.120828 0.035681
v 0.244876 0.213711 0.111377
v 0.244876 0.167211 0.111377
v 0.258542 0.213711 0.106937
v 0.258542 0.167211 0.106937
v 0.266988 0.213711 0.095312
v 0.266988 0.167211 0.095312
v 0.266988 0.213711 0.080942
v 0.266988 0.167211 0.080942
v 0.258542 0.213711 0.069317
v 0.258542 0.167211 0.069317
v 0.244876 0.213711 0.064877
v 0.244876 0.167211 0.064877
v 0.231210 0.213711 0.069317
v 0.231210 0.167211 0.069317
v 0.222764 0.213711 0.080942
v 0.222764 0.167211 0.080942
v 0.222764 0.213711 0.095312
v 0.222764 0.167211 0.095312
v 0.231210 0.213711 0.106937
v 0.231210 0.167211 0.106937
v 0.244876 0.126508 0.060334
v 0.244876 0.127502 0.064113
v 0.244876 0.136456 0.064716
v 0.231210 0.122278 0.061684
v 0.231210 0.124865 0.067686
v 0.231210 0.135890 0.069120
v 0.222764 0.111204 0.065221
v 0.222764 0.117963 0.077040
v 0.222764 0.134408 0.080650
v 0.222764 0.097516 0.069593
v 0.222764 0.109431 0.088602
v 0.222764 0.132576 0.094902
v 0.231210 0.086443 0.073130
v 0.231210 0.102528 0.097956
v 0.231210 0.131094 0.106432
v 0.244876 0.082213 0.074481
v 0.244876 0.099892 0.101529
v 0.244876 0.130528 0.110836
v 0.258542 0.086443 0.073130
v 0.258542 0.102528 0.097956
v 0.258542 0.131094 0.106432
v 0.266988 0.097516 0.069593
v 0.266988 0.109431 0.088602
v 0.266988 0.132576 0.094902
v 0.266988 0.111204 0.065221
v 0.266988 0.117963 0.077040
v 0.266988 0.134408 0.080650
v 0.258542 0.135890 0.069120
v 0.258542 0.124865 0.067686
v 0.258542 0.122278 0.061684
v 0.244876 0.546891 0.111377
v 0.258542 0.546891 0.106936
v 0.266988 0.546891 0.095312
v 0.266988 0.546735 0.080908
v 0.258542 0.546891 0.069317
v 0.244876 0.546891 0.064877
v 0.231210 0.546891 0.069317
v 0.222764 0.546735 0.080908
v 0.222764 0.546891 0.095312
v 0.231210 0.546891 0.106936
v -0.340627 0.005656 -0.016283
v -0.340627 0.000468 -0.023633
v -0.331056 0.005656 -0.013174
v -0.326736 0.000468 -0.019120
v -0.325141 0.005656 -0.005032
v -0.318151 0.000468 -0.007303
v -0.325141 0.005656 0.005032
v -0.318151 0.000468 0.007303
v -0.331056 0.005656 0.013174
v -0.326736 0.000468 0.019120
v -0.340627 0.005656 0.016283
v -0.340627 0.000468 0.023633
v -0.350199 0.005656 0.013174
v -0.354519 0.000468 0.019120
v -0.356114 0.005656 0.005032
v -0.363104 0.000468 0.007303
v -0.356114 0.005656 -0.005032
v -0.363104 0.000468 -0.007303
v -0.350199 0.005656 -0.013174
v -0.354519 0.000468 -0.019120
v -0.340627 0.005656 -0.023633
v -0.326736 0.005656 -0.019120
v -0.318151 0.005656 -0.007303
v -0.318151 0.005656 0.007303
v -0.326736 0.005656 0.019120
v -0.340627 0.005656 0.023633
v -0.354519 0.005656 0.019120
v -0.363104 0.005656 0.007303
v -0.363104 0.005656 -0.007303
v -0.354519 0.005656 -0.019120
v -0.340627 0.013662 -0.008587
v -0.335580 0.013662 -0.006947
v -0.332461 0.013662 -0.002653
v -0.332461 0.013662 0.002653
v -0.335580 0.013662 0.006947
v -0.340627 0.013662 0.008587
v -0.345675 0.013662 0.006947
v -0.348794 0.013662 0.002653
v -0.348794 0.013662 -0.002653
v -0.345675 0.013662 -0.006947
v -0.340627 0.013662 -0.016283
v -0.331056 0.013662 -0.013174
v -0.325141 0.013662 -0.005032
v -0.325141 0.013662 0.005032
v -0.331056 0.013662 0.013174
v -0.340627 0.013662 0.016283
v -0.350199 0.013662 0.013174
v -0.356114 0.013662 0.005032
v -0.356114 0.013662 -0.005032
v -0.350199 0.013662 -0.013174
v -0.340627 0.069122 -0.008587
v -0.335580 0.069122 -0.006947
v -0.332461 0.069122 -0.002653
v -0.332461 0.069122 0.002653
v -0.335580 0.069122 0.006947
v -0.340627 0.069122 0.008587
v -0.345675 0.069122 0.006947
v -0.348794 0.069122 0.002653
v -0.348794 0.069122 -0.002653
v -0.345675 0.069122 -0.006947
v -0.340627 0.069122 -0.013697
v -0.332577 0.069122 -0.011081
v -0.327601 0.069122 -0.004233
v -0.327601 0.069122 0.004233
v -0.332577 0.069122 0.011081
v -0.340627 0.069122 0.013697
v -0.348678 0.069122 0.011081
v -0.353654 0.069122 0.004233
v -0.353654 0.069122 -0.004233
v -0.348678 0.069122 -0.011081
v -0.340627 0.084158 -0.008471
v -0.335649 0.084158 -0.006853
v -0.332571 0.084158 -0.002618
v -0.332571 0.084158 0.002618
v -0.335649 0.084158 0.006853
v -0.340627 0.084158 0.008471
v -0.345606 0.084158 0.006853
v -0.348684 0.084158 0.002618
v -0.348684 0.084158 -0.002618
v -0.345606 0.084158 -0.006853
v -0.340627 0.084158 -0.013697
v -0.332577 0.084158 -0.011081
v -0.327601 0.084158 -0.004233
v -0.327601 0.084158 0.004233
v -0.332577 0.084158 0.011081
v -0.340627 0.084158 0.013697
v -0.348678 0.084158 0.011081
v -0.353654 0.084158 0.004233
v -0.353654 0.084158 -0.004233
v -0.348678 0.084158 -0.011081
v -0.340627 0.090125 -0.008471
v -0.335649 0.090125 -0.006853
v -0.332571 0.090125 -0.002618
v -0.332571 0.090125 0.002618
v -0.335649 0.090125 0.006853
v -0.340627 0.090125 0.008471
v -0.345606 0.090125 0.006853
v -0.348684 0.090125 0.002618
v -0.348684 0.090125 -0.002618
v -0.345606 0.090125 -0.006853
v -0.340627 0.093109 -0.011828
v -0.333675 0.093109 -0.009569
v -0.329378 0.093109 -0.003655
v -0.329378 0.093109 0.003655
v -0.333675 0.093109 0.009569
v -0.340627 0.093109 0.011828
v -0.347580 0.093109 0.009569
v -0.351876 0.093109 0.003655
v -0.351876 0.093109 -0.003655
v -0.347580 0.093109 -0.009569
v -0.340627 0.098533 -0.014719
v -0.331976 0.098533 -0.011908
v -0.326629 0.098533 -0.004548
v -0.326629 0.098533 0.004548
v -0.331976 0.098533 0.011908
v -0.340627 0.098533 0.014719
v -0.349279 0.098533 0.011908
v -0.354626 0.098533 0.004548
v -0.354626 0.098533 -0.004548
v -0.349279 0.098533 -0.011908
v -0.340627 0.104906 -0.014719
v -0.331976 0.104906 -0.011908
v -0.326629 0.104906 -0.004548
v -0.326629 0.104906 0.004548
v -0.331976 0.104906 0.011908
v -0.340627 0.104906 0.014719
v -0.349279 0.104906 0.011908
v -0.354626 0.104906 0.004548
v -0.354626 0.104906 -0.004548
v -0.349279 0.104906 -0.011908
v -0.340627 0.112230 -0.011808
v -0.333687 0.112230 -0.009553
v -0.329397 0.112230 -0.003649
v -0.329397 0.112230 0.003649
v -0.333687 0.112230 0.009553
v -0.340627 0.112230 0.011808
v -0.347568 0.112230 0.009553
v -0.351858 0.112230 0.003649
v -0.351858 0.112230 -0.003649
v -0.347568 0.112230 -0.009553
v -0.340627 0.116976 -0.005409
v -0.337448 0.116976 -0.004376
v -0.335483 0.116976 -0.001671
v -0.335483 0.116976 0.001671
v -0.337448 0.116976 0.004376
v -0.340627 0.116976 0.005409
v -0.343807 0.116976 0.004376
v -0.345772 0.116976 0.001671
v -0.345772 0.116976 -0.001671
v -0.343807 0.116976 -0.004376
v -0.340627 0.119688 -0.006808
v -0.336625 0.119688 -0.005508
v -0.334152 0.119688 -0.002104
v -0.334152 0.119688 0.002104
v -0.336625 0.119688 0.005508
v -0.340627 0.119688 0.006808
v -0.344629 0.119688 0.005508
v -0.347103 0.119688 0.002104
v -0.347103 0.119688 -0.002104
v -0.344629 0.119688 -0.005508
v -0.340627 0.123214 -0.011872
v -0.333649 0.123214 -0.009604
v -0.329337 0.123214 -0.003669
v -0.329337 0.123214 0.003669
v -0.333649 0.123214 0.009604
v -0.340627 0.123214 0.011872
v -0.347605 0.123214 0.009604
v -0.351918 0.123214 0.003669
v -0.351918 0.123214 -0.003669
v -0.347605 0.123214 -0.009604
v -0.340627 0.133656 -0.011872
v -0.333649 0.133656 -0.009604
v -0.329337 0.133656 -0.003669
v -0.329337 0.133656 0.003669
v -0.333649 0.133656 0.009604
v -0.340627 0.133656 0.011872
v -0.347605 0.133656 0.009604
v -0.351918 0.133656 0.003669
v -0.351918 0.133656 -0.003669
v -0.347605 0.133656 -0.009604
v -0.340627 0.149387 -0.003558
v -0.338536 0.149387 -0.002879
v -0.337243 0.149387 -0.001099
v -0.337243 0.149387 0.001099
v -0.338536 0.149387 0.002879
v -0.340627 0.149387 0.003558
v -0.342719 0.149387 0.002879
v -0.344011 0.149387 0.001099
v -0.344011 0.149387 -0.001099
v -0.342719 0.149387 -0.002879
v -0.340627 0.149387 -0.006311
v -0.336918 0.149387 -0.005106
v -0.334625 0.149387 -0.001950
v -0.334625 0.149387 0.001950
v -0.336918 0.149387 0.005106
v -0.340627 0.149387 0.006311
v -0.344337 0.149387 0.005106
v -0.346629 0.149387 0.001950
v -0.346629 0.149387 -0.001950
v -0.344337 0.149387 -0.005106
vn -0.0000 -0.0000 -1.0000
vn 0.5878 -0.0000 -0.8090
vn 0.9511 -0.0000 -0.3090
vn 0.9511 -0.0000 0.3090
vn 0.5878 -0.0000 0.8090
vn -0.0000 -0.0000 1.0000
vn -0.5878 -0.0000 0.8090
vn -0.9511 -0.0000 0.3090
vn -0.9511 -0.0000 -0.3090
vn -0.0000 -1.0000 -0.0000
vn -0.5878 -0.0000 -0.8090
vn -0.0000 1.0000 -0.0000
vn -0.0000 -0.7475 0.6643
vn -0.0000 -0.6022 0.7984
vn -0.4693 -0.6022 0.6459
vn -0.3905 -0.7475 0.5374
vn 0.7593 -0.6022 -0.2467
vn 0.9251 -0.2319 -0.3006
vn 0.9251 -0.2319 0.3006
vn 0.7593 -0.6022 0.2467
vn 0.6318 -0.7475 -0.2053
vn 0.6318 -0.7475 0.2053
vn -0.3905 -0.7475 -0.5374
vn -0.4693 -0.6022 -0.6459
vn -0.0000 -0.6022 -0.7984
vn -0.0000 -0.7475 -0.6643
vn -0.7593 -0.6022 0.2467
vn -0.6318 -0.7475 0.2053
vn 0.4693 -0.6022 0.6459
vn 0.3905 -0.7475 0.5374
vn 0.4693 -0.6022 -0.6459
vn 0.3905 -0.7475 -0.5374
vn -0.7593 -0.6022 -0.2467
vn -0.6318 -0.7475 -0.2053
vn -0.5718 -0.2319 -0.7870
vn -0.5780 0.1815 -0.7956
vn -0.0000 0.1815 -0.9834
vn -0.0000 -0.2319 -0.9727
vn -0.5718 -0.2319 0.7870
vn -0.9251 -0.2319 0.3006
vn 0.5718 -0.2319 0.7870
vn 0.5718 -0.2319 -0.7870
vn -0.9251 -0.2319 -0.3006
vn -0.0000 -0.2319 0.9727
vn -0.5780 0.1815 0.7956
vn -0.4769 0.5847 0.6563
vn -0.7716 0.5847 0.2507
vn -0.9353 0.1815 0.3039
vn 0.9353 0.1815 0.3039
vn 0.5780 0.1815 0.7956
vn 0.5780 0.1815 -0.7956
vn -0.9353 0.1815 -0.3039
vn -0.0000 0.1815 0.9834
vn 0.9353 0.1815 -0.3039
vn 0.7716 0.5846 0.2507
vn 0.5665 0.8032 0.1841
vn 0.3501 0.8032 0.4819
vn 0.4769 0.5847 0.6563
vn -0.0000 0.5847 -0.8113
vn 0.4769 0.5847 -0.6563
vn -0.7716 0.5847 -0.2507
vn -0.0000 0.5847 0.8113
vn 0.7716 0.5846 -0.2507
vn -0.4769 0.5847 -0.6563
vn -0.0000 -0.4585 -0.8887
vn -0.0000 -0.6835 -0.7299
vn 0.4290 -0.6835 -0.5905
vn 0.5223 -0.4586 -0.7189
vn -0.0000 0.8032 -0.5957
vn 0.3501 0.8032 -0.4819
vn -0.5666 0.8032 0.1841
vn -0.5666 0.8032 -0.1841
vn -0.0000 0.8032 0.5957
vn 0.5665 0.8032 -0.1841
vn -0.3502 0.8032 -0.4819
vn -0.3502 0.8032 0.4819
vn 0.4290 -0.6835 0.5905
vn 0.3359 -0.8206 0.4623
vn -0.0000 -0.8206 0.5715
vn -0.0000 -0.6835 0.7299
vn -0.8452 -0.4586 0.2746
vn -0.6942 -0.6835 0.2256
vn -0.6942 -0.6835 -0.2256
vn -0.8452 -0.4586 -0.2746
vn 0.5223 -0.4586 0.7189
vn -0.0000 -0.4585 0.8887
vn 0.6942 -0.6835 -0.2256
vn 0.8452 -0.4586 -0.2746
vn -0.4290 -0.6835 -0.5905
vn -0.5223 -0.4586 -0.7189
vn -0.4290 -0.6835 0.5905
vn -0.5223 -0.4586 0.7189
vn 0.6942 -0.6835 0.2256
vn 0.8452 -0.4586 0.2746
vn 0.5798 0.1638 -0.7981
vn 0.9382 0.1638 -0.3048
vn 0.3359 -0.8206 -0.4623
vn 0.5435 -0.8206 -0.1766
vn -0.5435 -0.8206 -0.1766
vn -0.3359 -0.8206 -0.4623
vn -0.3359 -0.8206 0.4623
vn 0.5435 -0.8206 0.1766
vn -0.0000 -0.8206 -0.5715
vn -0.5435 -0.8206 0.1766
vn -0.9382 0.1638 -0.3048
vn -0.8967 0.3333 -0.2913
vn -0.5542 0.3333 -0.7628
vn -0.5799 0.1638 -0.7981
vn -0.0000 0.1638 0.9865
vn -0.5799 0.1638 0.7981
vn 0.9382 0.1638 0.3048
vn -0.0000 0.1638 -0.9865
vn -0.9382 0.1638 0.3048
vn 0.5798 0.1638 0.7981
vn -0.0000 0.3333 0.9428
vn -0.5542 0.3333 0.7628
vn 0.8967 0.3333 -0.2913
vn 0.8967 0.3333 0.2913
vn -0.0000 0.3333 -0.9428
vn -0.8967 0.3333 0.2913
vn 0.5542 0.3333 0.7628
vn 0.5542 0.3333 -0.7628
vn -0.0000 -0.9511 0.3090
vn -0.0000 -0.5878 0.8090
vn -0.0000 0.5878 0.8090
vn -0.0000 0.9511 0.3090
vn -0.0000 0.9511 -0.3090
vn -0.0000 0.5878 -0.8090
vn -1.0000 -0.0000 -0.0000
vn 1.0000 -0.0000 -0.0000
vn -0.0000 -0.5878 -0.8090
vn -0.0000 -0.9511 -0.3090
vn -0.7246 -0.0000 -0.6892
vn -0.7246 -0.4051 -0.5575
vn 0.7246 -0.4051 -0.5575
vn 0.7246 -0.0000 -0.6892
vn -0.7246 -0.6554 -0.2130
vn 0.7246 -0.6554 -0.2130
vn -0.7246 -0.6554 0.2130
vn 0.7246 -0.6554 0.2130
vn -0.7246 -0.4051 0.5575
vn 0.7246 -0.4051 0.5575
vn -0.7246 -0.0000 0.6892
vn 0.7246 -0.0000 0.6892
vn -0.7246 0.4051 0.5575
vn 0.7246 0.4051 0.5575
vn -0.7246 0.6554 0.2130
vn 0.7246 0.6554 0.2130
vn -0.7246 0.6554 -0.2130
vn 0.7246 0.6554 -0.2130
vn -0.7246 0.4051 -0.5575
vn 0.7246 0.4051 -0.5575
vn -0.0000 0.0003 -1.0000
vn -0.0000 -0.0264 -0.9997
vn 0.5878 -0.0227 -0.8087
vn 0.5875 0.0003 -0.8092
vn 0.9525 -0.0092 -0.3045
vn 0.9509 0.0001 -0.3095
vn 0.9482 0.0134 0.3173
vn 0.9511 -0.0001 0.3090
vn 0.5818 0.0345 0.8126
vn 0.5878 -0.0003 0.8090
vn -0.0000 0.0430 0.9991
vn -0.0000 -0.0003 1.0000
vn -0.5818 0.0345 0.8126
vn -0.5878 -0.0003 0.8090
vn -0.9482 0.0134 0.3173
vn -0.9511 -0.0001 0.3090
vn -0.9525 -0.0092 -0.3046
vn -0.9509 0.0001 -0.3095
vn 0.9512 -0.3086 -0.0012
vn 0.9506 0.3104 0.0020
vn 0.9425 0.3305 0.0492
vn 0.9553 -0.2943 -0.0286
vn -0.5878 -0.0227 -0.8087
vn -0.5875 0.0003 -0.8092
vn -0.0000 1.0000 0.0072
vn 0.5866 0.8098 0.0056
vn 0.5878 0.8090 -0.0000
vn 0.9511 0.3090 -0.0000
vn 0.9511 -0.3090 -0.0000
vn 0.5875 -0.8092 -0.0026
vn 0.5878 -0.8090 -0.0000
vn -0.0000 -1.0000 -0.0029
vn -0.5875 -0.8092 -0.0026
vn -0.5878 -0.8090 -0.0000
vn -0.9512 -0.3086 -0.0012
vn -0.9511 -0.3090 -0.0000
vn -0.9506 0.3104 0.0020
vn -0.9511 0.3090 -0.0000
vn 0.5846 -0.8094 -0.0566
vn -0.5866 0.8098 0.0056
vn -0.5878 0.8090 -0.0000
vn 0.5719 0.8110 0.1233
vn -0.0000 0.9884 0.1520
vn -0.5719 0.8110 0.1233
vn -0.9425 0.3305 0.0492
vn -0.9553 -0.2943 -0.0286
vn -0.5846 -0.8094 -0.0566
vn -0.0000 -0.9986 -0.0529
vn -0.0000 -0.9948 -0.1014
vn -0.6627 -0.5966 -0.4527
vn -0.0000 -0.3437 -0.9391
vn -0.0000 -0.1967 -0.9805
vn -0.5966 -0.1835 -0.7813
vn -0.9749 -0.1789 -0.1322
vn -0.9626 -0.0742 -0.2607
vn -0.9305 0.2933 0.2194
vn -0.9363 0.1137 0.3324
vn -0.5635 0.6614 0.4950
vn -0.5653 0.2679 0.7802
vn -0.0000 0.8006 0.5992
vn -0.0000 0.3253 0.9456
vn 0.5635 0.6614 0.4950
vn 0.5653 0.2679 0.7802
vn 0.9305 0.2933 0.2194
vn 0.9363 0.1137 0.3324
vn 0.9749 -0.1789 -0.1322
vn 0.9626 -0.0742 -0.2607
vn 0.6627 -0.5966 -0.4527
vn 0.5966 -0.1835 -0.7813
vn -0.0000 0.9996 -0.0267
vn 0.5879 0.8086 -0.0230
vn 0.9525 0.3045 -0.0093
vn 0.9483 -0.3172 0.0135
vn 0.5819 -0.8126 0.0348
vn -0.0000 -0.9991 0.0433
vn -0.5819 -0.8125 0.0348
vn -0.9483 -0.3172 0.0135
vn -0.9525 0.3045 -0.0093
vn 0.9512 0.0012 -0.3086
vn 0.9506 -0.0020 0.3104
vn 0.9425 -0.0492 0.3304
vn 0.9553 0.0286 -0.2943
vn -0.5879 0.8086 -0.0230
vn -0.0000 -0.0072 1.0000
vn 0.5866 -0.0056 0.8098
vn 0.9510 -0.0000 -0.3092
vn 0.5875 0.0026 -0.8092
vn 0.5876 -0.0000 -0.8091
vn -0.0000 0.0029 -1.0000
vn -0.5875 0.0026 -0.8092
vn -0.5876 -0.0000 -0.8091
vn -0.9512 0.0012 -0.3086
vn -0.9510 -0.0000 -0.3092
vn -0.9506 -0.0020 0.3104
vn 0.5846 0.0566 -0.8094
vn -0.5866 -0.0056 0.8098
vn 0.5719 -0.1233 0.8110
vn -0.0000 -0.1519 0.9884
vn -0.5719 -0.1233 0.8110
vn -0.9425 -0.0492 0.3304
vn -0.9553 0.0286 -0.2943
vn -0.5846 0.0566 -0.8094
vn -0.0000 0.0529 -0.9986
vn -0.0000 0.1014 -0.9948
vn -0.6627 0.4527 -0.5966
vn -0.0000 0.9391 -0.3438
vn -0.0000 0.9805 -0.1967
vn -0.5966 0.7813 -0.1835
vn -0.9749 0.1322 -0.1789
vn -0.9626 0.2607 -0.0742
vn -0.9305 -0.2194 0.2933
vn -0.9363 -0.3324 0.1137
vn -0.5635 -0.4950 0.6614
vn -0.5653 -0.7802 0.2679
vn -0.0000 -0.5992 0.8006
vn -0.0000 -0.9456 0.3253
vn 0.5635 -0.4950 0.6614
vn 0.5653 -0.7802 0.2679
vn 0.9305 -0.2194 0.2933
vn 0.9363 -0.3324 0.1137
vn 0.9749 0.1322 -0.1789
vn 0.9626 0.2607 -0.0742
vn 0.6627 0.4527 -0.5966
vn 0.5966 0.7813 -0.1835
vn 0.9425 -0.0492 0.3305
vn 0.5819 -0.8125 0.0348
vn -0.5818 -0.8126 0.0348
vn -0.9425 -0.0492 0.3305
vn 0.9525 -0.0092 -0.3046
vn 0.5818 -0.8126 0.0348
vn 0.7716 0.5847 0.2507
vn 0.5666 0.8032 0.1841
vn 0.3502 0.8032 0.4819
vn 0.7716 0.5847 -0.2507
vn 0.3502 0.8032 -0.4819
vn -0.5665 0.8032 0.1841
vn -0.5665 0.8032 -0.1841
vn 0.5666 0.8032 -0.1841
vn -0.3501 0.8032 -0.4819
vn -0.3501 0.8032 0.4819
vt 0.112102 0.467268
vt 0.106336 0.467268
vt 0.106336 0.463434
vt 0.112102 0.463434
vt 0.100569 0.467268
vt 0.100569 0.463434
vt 0.094802 0.467268
vt 0.094802 0.463434
vt 0.089035 0.467268
vt 0.089036 0.463434
vt 0.083269 0.467268
vt 0.083269 0.463434
vt 0.077502 0.467268
vt 0.077502 0.463434
vt 0.071735 0.467268
vt 0.071735 0.463434
vt 0.065969 0.467268
vt 0.065969 0.463434
vt 0.141155 0.496409
vt 0.130441 0.499890
vt 0.119727 0.496409
vt 0.113105 0.487295
vt 0.113105 0.476029
vt 0.119727 0.466916
vt 0.130441 0.463434
vt 0.141155 0.466916
vt 0.147777 0.476029
vt 0.147777 0.487295
vt 0.060202 0.467268
vt 0.060202 0.463434
vt 0.054435 0.467268
vt 0.054435 0.463434
vt 0.089035 0.472701
vt 0.089035 0.478619
vt 0.083269 0.478619
vt 0.083269 0.472701
vt 0.106336 0.472701
vt 0.112102 0.472701
vt 0.100569 0.472701
vt 0.094802 0.472701
vt 0.077502 0.472701
vt 0.071735 0.472701
vt 0.065969 0.472701
vt 0.060202 0.472701
vt 0.054435 0.472701
vt 0.083269 0.484307
vt 0.083269 0.525299
vt 0.077502 0.525299
vt 0.077502 0.484307
vt 0.106336 0.478619
vt 0.100569 0.478619
vt 0.065969 0.478619
vt 0.060202 0.478619
vt 0.077502 0.478619
vt 0.094802 0.478619
vt 0.054435 0.478619
vt 0.071735 0.478619
vt 0.112102 0.478619
vt 0.106336 0.484307
vt 0.112102 0.484307
vt 0.100569 0.484307
vt 0.094802 0.484307
vt 0.089035 0.484307
vt 0.071735 0.484307
vt 0.065969 0.484307
vt 0.060202 0.484307
vt 0.054435 0.484307
vt 0.083269 0.529076
vt 0.077502 0.529076
vt 0.100569 0.525299
vt 0.094802 0.525299
vt 0.060202 0.525299
vt 0.054435 0.525299
vt 0.071735 0.525299
vt 0.089035 0.525299
vt 0.112102 0.525299
vt 0.106336 0.525299
vt 0.065969 0.525299
vt 0.100569 0.529076
vt 0.100569 0.540190
vt 0.094802 0.540190
vt 0.094802 0.529076
vt 0.060202 0.529076
vt 0.054435 0.529076
vt 0.071735 0.529076
vt 0.089035 0.529076
vt 0.112102 0.529076
vt 0.106336 0.529076
vt 0.065969 0.529076
vt 0.106336 0.544053
vt 0.106336 0.548463
vt 0.100569 0.548463
vt 0.100569 0.544053
vt 0.060202 0.540190
vt 0.054435 0.540190
vt 0.077502 0.540190
vt 0.071735 0.540190
vt 0.089035 0.540190
vt 0.112102 0.540190
vt 0.106336 0.540190
vt 0.065969 0.540190
vt 0.083269 0.540190
vt 0.112102 0.544053
vt 0.094802 0.544053
vt 0.089035 0.544053
vt 0.083269 0.544053
vt 0.077502 0.544053
vt 0.071735 0.544053
vt 0.065969 0.544053
vt 0.060202 0.544053
vt 0.054435 0.544053
vt 0.083269 0.548463
vt 0.083269 0.551783
vt 0.077502 0.551783
vt 0.077502 0.548463
vt 0.065969 0.548463
vt 0.060202 0.548463
vt 0.094802 0.548463
vt 0.054435 0.548463
vt 0.071735 0.548463
vt 0.089035 0.548463
vt 0.112102 0.548463
vt 0.100569 0.551783
vt 0.100569 0.556326
vt 0.094802 0.556326
vt 0.094802 0.551783
vt 0.060202 0.551783
vt 0.054435 0.551783
vt 0.071735 0.551783
vt 0.089035 0.551783
vt 0.112102 0.551783
vt 0.106336 0.551783
vt 0.065969 0.551783
vt 0.060202 0.556326
vt 0.060202 0.561037
vt 0.054435 0.561037
vt 0.054435 0.556326
vt 0.077502 0.556326
vt 0.071735 0.556326
vt 0.089035 0.556326
vt 0.112102 0.556326
vt 0.106336 0.556326
vt 0.065969 0.556326
vt 0.083269 0.556326
vt 0.077502 0.561037
vt 0.077502 0.566862
vt 0.071735 0.566862
vt 0.071735 0.561037
vt 0.094802 0.561037
vt 0.089035 0.561037
vt 0.112102 0.561037
vt 0.106336 0.561037
vt 0.065969 0.561037
vt 0.083269 0.561037
vt 0.100569 0.561037
vt 0.094802 0.566862
vt 0.094802 0.572751
vt 0.089036 0.572751
vt 0.089035 0.566862
vt 0.112102 0.566862
vt 0.106336 0.566862
vt 0.065969 0.566862
vt 0.083269 0.566862
vt 0.100569 0.566862
vt 0.060202 0.566862
vt 0.054435 0.566862
vt 0.292901 0.514712
vt 0.290804 0.514712
vt 0.290804 0.509573
vt 0.292901 0.509573
vt 0.112102 0.572751
vt 0.106336 0.572751
vt 0.071735 0.572751
vt 0.065969 0.572751
vt 0.083269 0.572751
vt 0.100569 0.572751
vt 0.060202 0.572751
vt 0.077502 0.572751
vt 0.054435 0.572751
vt 0.290804 0.494157
vt 0.286565 0.494157
vt 0.286565 0.489019
vt 0.290804 0.489019
vt 0.292901 0.478741
vt 0.290804 0.478741
vt 0.290804 0.473603
vt 0.292901 0.473603
vt 0.292901 0.494157
vt 0.292901 0.489019
vt 0.290804 0.504434
vt 0.292901 0.504434
vt 0.290804 0.468464
vt 0.292901 0.468464
vt 0.290804 0.483880
vt 0.292901 0.483880
vt 0.290804 0.499296
vt 0.292901 0.499296
vt 0.290804 0.463325
vt 0.292901 0.463325
vt 0.286565 0.509573
vt 0.279391 0.509573
vt 0.279391 0.504434
vt 0.286565 0.504434
vt 0.286565 0.473603
vt 0.286565 0.468464
vt 0.286565 0.483880
vt 0.286565 0.499296
vt 0.286565 0.463325
vt 0.286565 0.478741
vt 0.286565 0.514712
vt 0.279391 0.473603
vt 0.267927 0.473603
vt 0.267927 0.468464
vt 0.279391 0.468464
vt 0.279391 0.489019
vt 0.279391 0.483880
vt 0.279391 0.499296
vt 0.279391 0.463325
vt 0.279391 0.478741
vt 0.279391 0.494157
vt 0.279391 0.514712
vt 0.455670 0.555065
vt 0.447211 0.555065
vt 0.447211 0.552438
vt 0.455670 0.552438
vt 0.267927 0.489019
vt 0.267927 0.483880
vt 0.267927 0.504434
vt 0.267927 0.499296
vt 0.267927 0.463325
vt 0.267927 0.478741
vt 0.267927 0.494157
vt 0.267927 0.514712
vt 0.267927 0.509573
vt 0.455670 0.560319
vt 0.459104 0.560319
vt 0.459104 0.562946
vt 0.455670 0.562946
vt 0.455670 0.557692
vt 0.459104 0.557692
vt 0.459104 0.555065
vt 0.459104 0.552438
vt 0.455670 0.549810
vt 0.459104 0.549810
vt 0.455670 0.547183
vt 0.459104 0.547183
vt 0.455670 0.544556
vt 0.459104 0.544556
vt 0.455670 0.541929
vt 0.459104 0.541929
vt 0.455670 0.539302
vt 0.459104 0.539302
vt 0.455670 0.536675
vt 0.459104 0.536675
vt 0.447211 0.562946
vt 0.444396 0.562946
vt 0.444396 0.560319
vt 0.447211 0.560319
vt 0.447211 0.544556
vt 0.447211 0.541929
vt 0.447211 0.549810
vt 0.447211 0.557692
vt 0.447211 0.539302
vt 0.447211 0.547183
vt 0.447211 0.536675
vt 0.444396 0.552438
vt 0.426971 0.552438
vt 0.426971 0.549810
vt 0.444396 0.549810
vt 0.444396 0.544556
vt 0.444396 0.541929
vt 0.444396 0.557692
vt 0.444396 0.539302
vt 0.444396 0.547183
vt 0.444396 0.555065
vt 0.444396 0.536675
vt 0.403791 0.552438
vt 0.403791 0.549810
vt 0.426971 0.560319
vt 0.426971 0.557692
vt 0.426971 0.541929
vt 0.426971 0.539302
vt 0.426971 0.547183
vt 0.426971 0.555065
vt 0.426971 0.536675
vt 0.426971 0.544556
vt 0.426971 0.562946
vt 0.284969 0.526340
vt 0.292901 0.526340
vt 0.292901 0.537969
vt 0.284969 0.537969
vt 0.403791 0.560319
vt 0.403791 0.557692
vt 0.403791 0.541929
vt 0.403791 0.539302
vt 0.403791 0.547183
vt 0.403791 0.555065
vt 0.403791 0.536675
vt 0.403791 0.544556
vt 0.403791 0.562946
vt 0.487046 0.567248
vt 0.485717 0.565457
vt 0.490371 0.558220
vt 0.492631 0.558911
vt 0.284969 0.607741
vt 0.292901 0.607741
vt 0.292901 0.619370
vt 0.284969 0.619370
vt 0.284969 0.572855
vt 0.292901 0.572855
vt 0.292901 0.584484
vt 0.284969 0.584484
vt 0.292901 0.549598
vt 0.284969 0.549598
vt 0.292901 0.630998
vt 0.284969 0.630998
vt 0.292901 0.596112
vt 0.284969 0.596112
vt 0.292901 0.561226
vt 0.284969 0.561226
vt 0.284969 0.514711
vt 0.292901 0.514711
vt 0.485461 0.541258
vt 0.487144 0.537812
vt 0.496444 0.546547
vt 0.492685 0.548091
vt 0.476340 0.540005
vt 0.475835 0.536675
vt 0.468140 0.543884
vt 0.465821 0.541082
vt 0.462566 0.551417
vt 0.459104 0.550416
vt 0.462805 0.560762
vt 0.459413 0.562081
vt 0.468710 0.568117
vt 0.466775 0.571231
vt 0.477940 0.570582
vt 0.478198 0.574256
vt 0.489278 0.570103
vt 0.496444 0.560143
vt 0.272210 0.551379
vt 0.267927 0.551379
vt 0.267927 0.547713
vt 0.272210 0.547713
vt 0.464812 0.560105
vt 0.469933 0.566366
vt 0.476615 0.541853
vt 0.469439 0.545506
vt 0.489662 0.548421
vt 0.477907 0.568422
vt 0.464540 0.552125
vt 0.484535 0.543206
vt 0.418137 0.607962
vt 0.418137 0.598811
vt 0.427003 0.601692
vt 0.421625 0.609095
vt 0.414650 0.609095
vt 0.409271 0.601692
vt 0.412495 0.612061
vt 0.403791 0.609234
vt 0.412495 0.615728
vt 0.403792 0.618556
vt 0.414650 0.618695
vt 0.409271 0.626098
vt 0.418137 0.619828
vt 0.418137 0.628979
vt 0.421625 0.618695
vt 0.427003 0.626098
vt 0.423780 0.615728
vt 0.432483 0.618556
vt 0.423780 0.612061
vt 0.432483 0.609234
vt 0.281340 0.515845
vt 0.283495 0.518811
vt 0.283495 0.522478
vt 0.281340 0.525444
vt 0.277852 0.526577
vt 0.274365 0.525444
vt 0.272210 0.522478
vt 0.272210 0.518811
vt 0.274365 0.515845
vt 0.277852 0.514711
vt 0.272210 0.525712
vt 0.267927 0.525712
vt 0.267927 0.522045
vt 0.272210 0.522045
vt 0.272210 0.536712
vt 0.267927 0.536712
vt 0.267927 0.533045
vt 0.272210 0.533045
vt 0.267927 0.544046
vt 0.272210 0.544046
vt 0.267927 0.518378
vt 0.272210 0.518378
vt 0.267927 0.529379
vt 0.272210 0.529379
vt 0.267927 0.540379
vt 0.272210 0.540379
vt 0.272210 0.514712
vt 0.147777 0.146998
vt 0.162558 0.146998
vt 0.162558 0.161058
vt 0.147777 0.161058
vt 0.147777 0.302268
vt 0.162558 0.302268
vt 0.162558 0.316328
vt 0.147777 0.316328
vt 0.162558 0.069363
vt 0.177339 0.069363
vt 0.177339 0.083423
vt 0.162558 0.083423
vt 0.162558 0.224633
vt 0.177339 0.224633
vt 0.177339 0.238693
vt 0.162558 0.238693
vt 0.162558 0.379903
vt 0.177339 0.379903
vt 0.177339 0.393963
vt 0.162558 0.393963
vt 0.177339 0.146998
vt 0.192120 0.146998
vt 0.192120 0.161058
vt 0.177339 0.161058
vt 0.177339 0.302268
vt 0.192120 0.302268
vt 0.192120 0.316328
vt 0.177339 0.316328
vt 0.192120 0.069363
vt 0.206901 0.069363
vt 0.206901 0.083423
vt 0.192120 0.083423
vt 0.206901 0.302268
vt 0.206901 0.316328
vt 0.221682 0.069363
vt 0.221682 0.083423
vt 0.221682 0.302268
vt 0.221682 0.316328
vt 0.236463 0.069363
vt 0.236463 0.083423
vt 0.221682 0.224633
vt 0.236463 0.224633
vt 0.236463 0.238693
vt 0.221682 0.238693
vt 0.221682 0.379903
vt 0.236463 0.379903
vt 0.236463 0.393963
vt 0.221682 0.393963
vt 0.236463 0.146998
vt 0.251244 0.146998
vt 0.251244 0.161058
vt 0.236463 0.161058
vt 0.236463 0.302268
vt 0.251244 0.302268
vt 0.251244 0.316328
vt 0.236463 0.316328
vt 0.251244 0.166150
vt 0.236463 0.166151
vt 0.280806 0.219540
vt 0.295587 0.219540
vt 0.295587 0.224633
vt 0.280806 0.224633
vt 0.206901 0.088516
vt 0.192120 0.088516
vt 0.192120 0.064270
vt 0.206901 0.064270
vt 0.251244 0.243785
vt 0.236463 0.243785
vt 0.251244 0.238693
vt 0.251244 0.069363
vt 0.266025 0.069363
vt 0.266025 0.083423
vt 0.251244 0.083423
vt 0.251244 0.224633
vt 0.266025 0.224633
vt 0.266025 0.238693
vt 0.251244 0.379903
vt 0.266025 0.379903
vt 0.266025 0.393963
vt 0.251244 0.393963
vt 0.280806 0.069363
vt 0.280806 0.083423
vt 0.266025 0.146998
vt 0.280806 0.146998
vt 0.280806 0.161058
vt 0.266025 0.161058
vt 0.280806 0.238693
vt 0.266025 0.302268
vt 0.280806 0.302268
vt 0.280806 0.316328
vt 0.266025 0.316328
vt 0.280806 0.379903
vt 0.280806 0.393963
vt 0.295587 0.069363
vt 0.295587 0.083423
vt 0.295587 0.146998
vt 0.295587 0.161058
vt 0.295587 0.238693
vt 0.295587 0.302268
vt 0.295587 0.316328
vt 0.295587 0.379903
vt 0.295587 0.393963
vt 0.147777 0.069363
vt 0.147777 0.083423
vt 0.147777 0.224633
vt 0.147777 0.238693
vt 0.147777 0.379903
vt 0.147777 0.393963
vt 0.192120 0.224633
vt 0.192120 0.238693
vt 0.192120 0.379903
vt 0.192120 0.393963
vt 0.206901 0.146998
vt 0.206901 0.161058
vt 0.206901 0.224633
vt 0.206901 0.238693
vt 0.206901 0.379903
vt 0.206901 0.393963
vt 0.221682 0.146998
vt 0.221682 0.161058
vt 0.177339 0.374810
vt 0.192120 0.374810
vt 0.236463 0.141905
vt 0.251244 0.141905
vt 0.295587 0.321420
vt 0.280806 0.321420
vt 0.280806 0.297175
vt 0.295587 0.297175
vt 0.206901 0.166151
vt 0.192120 0.166150
vt 0.295587 0.399055
vt 0.280806 0.399055
vt 0.236463 0.219540
vt 0.251244 0.219540
vt 0.192120 0.141905
vt 0.206901 0.141905
vt 0.280806 0.374810
vt 0.295587 0.374810
vt 0.251244 0.321420
vt 0.236463 0.321420
vt 0.206901 0.243785
vt 0.192120 0.243785
vt 0.162558 0.088516
vt 0.147777 0.088516
vt 0.192120 0.219540
vt 0.206901 0.219540
vt 0.147777 0.064270
vt 0.162558 0.064270
vt 0.236463 0.297175
vt 0.251244 0.297175
vt 0.206901 0.321420
vt 0.192120 0.321420
vt 0.162558 0.166151
vt 0.147777 0.166150
vt 0.251244 0.399055
vt 0.236463 0.399055
vt 0.192120 0.297175
vt 0.206901 0.297175
vt 0.147777 0.141905
vt 0.162558 0.141905
vt 0.236463 0.374810
vt 0.251244 0.374810
vt 0.206901 0.399055
vt 0.192120 0.399055
vt 0.162558 0.243785
vt 0.147777 0.243785
vt 0.206901 0.374810
vt 0.147777 0.219540
vt 0.162558 0.219540
vt 0.221682 0.088516
vt 0.162558 0.321420
vt 0.147777 0.321420
vt 0.221682 0.064270
vt 0.147777 0.297175
vt 0.162558 0.297175
vt 0.266025 0.088516
vt 0.251244 0.088516
vt 0.221682 0.166150
vt 0.162558 0.399055
vt 0.147777 0.399055
vt 0.251244 0.064270
vt 0.266025 0.064270
vt 0.221682 0.141905
vt 0.147777 0.374810
vt 0.162558 0.374810
vt 0.266025 0.166151
vt 0.266025 0.141905
vt 0.221682 0.243785
vt 0.177339 0.088516
vt 0.266025 0.243785
vt 0.221682 0.219540
vt 0.177339 0.064270
vt 0.266025 0.219540
vt 0.266025 0.321420
vt 0.221682 0.321420
vt 0.177339 0.166151
vt 0.266025 0.297175
vt 0.221682 0.297175
vt 0.177339 0.141905
vt 0.266025 0.399055
vt 0.266025 0.374810
vt 0.221682 0.399055
vt 0.177339 0.243785
vt 0.280806 0.088516
vt 0.221682 0.374810
vt 0.251244 0.459475
vt 0.266025 0.459475
vt 0.236463 0.459475
vt 0.236463 0.088516
vt 0.236463 0.064270
vt 0.236463 0.003851
vt 0.251244 0.003851
vt 0.266025 0.003851
vt 0.280806 0.003851
vt 0.280806 0.064270
vt 0.280806 0.141905
vt 0.280806 0.166151
vt 0.280806 0.243785
vt 0.280806 0.459475
vt 0.295587 0.003851
vt 0.295587 0.064270
vt 0.295587 0.088516
vt 0.295587 0.141905
vt 0.295587 0.166150
vt 0.295587 0.243785
vt 0.295587 0.459475
vt 0.147777 0.003851
vt 0.162558 0.003851
vt 0.147777 0.459475
vt 0.162558 0.459475
vt 0.177339 0.003851
vt 0.177339 0.219540
vt 0.177339 0.297175
vt 0.177339 0.321420
vt 0.177339 0.399055
vt 0.177339 0.459475
vt 0.192120 0.003851
vt 0.192120 0.459475
vt 0.206901 0.003851
vt 0.206901 0.459475
vt 0.221682 0.003851
vt 0.221682 0.459475
vt 0.266025 0.463325
vt 0.251244 0.463325
vt 0.251244 -0.000000
vt 0.266025 -0.000000
vt 0.280806 0.463325
vt 0.280806 -0.000000
vt 0.295587 0.463325
vt 0.295587 -0.000000
vt 0.162558 0.463325
vt 0.147777 0.463325
vt 0.147777 -0.000000
vt 0.162558 -0.000000
vt 0.177339 0.463325
vt 0.177339 -0.000000
vt 0.192120 0.463325
vt 0.192120 -0.000000
vt 0.206901 0.463325
vt 0.206901 -0.000000
vt 0.221682 0.463325
vt 0.221682 -0.000000
vt 0.236463 0.463325
vt 0.236463 -0.000000
vt 0.397943 0.545897
vt 0.403791 0.545897
vt 0.403791 0.551364
vt 0.397943 0.551364
vt 0.325416 0.589886
vt 0.320444 0.589886
vt 0.320444 0.583454
vt 0.325416 0.583454
vt 0.330388 0.577106
vt 0.325416 0.577106
vt 0.325416 0.568860
vt 0.330388 0.568860
vt 0.362849 0.556761
vt 0.368698 0.556761
vt 0.368698 0.563769
vt 0.362849 0.563769
vt 0.310501 0.589886
vt 0.305530 0.589886
vt 0.305530 0.583454
vt 0.310501 0.583454
vt 0.374547 0.545897
vt 0.380396 0.545897
vt 0.380396 0.551364
vt 0.374547 0.551364
vt 0.340331 0.589886
vt 0.335359 0.589886
vt 0.335359 0.583454
vt 0.340331 0.583454
vt 0.357000 0.545897
vt 0.362849 0.545897
vt 0.362849 0.551364
vt 0.357000 0.551364
vt 0.315473 0.589886
vt 0.315473 0.583454
vt 0.392094 0.545897
vt 0.392094 0.551364
vt 0.300558 0.589886
vt 0.300558 0.583454
vt 0.368698 0.545897
vt 0.368698 0.551364
vt 0.330388 0.589886
vt 0.330388 0.583454
vt 0.351151 0.545897
vt 0.351151 0.551364
vt 0.386245 0.545897
vt 0.386245 0.551364
vt 0.295587 0.589886
vt 0.295587 0.583454
vt 0.345302 0.545897
vt 0.345302 0.551364
vt 0.345302 0.589886
vt 0.345302 0.583454
vt 0.310501 0.596898
vt 0.305530 0.596898
vt 0.305530 0.593134
vt 0.310501 0.593134
vt 0.357000 0.539937
vt 0.362849 0.539937
vt 0.362849 0.543136
vt 0.357000 0.543136
vt 0.300558 0.596898
vt 0.300558 0.593134
vt 0.351151 0.539937
vt 0.351151 0.543136
vt 0.295587 0.596898
vt 0.295587 0.593134
vt 0.345302 0.539937
vt 0.345302 0.543136
vt 0.345302 0.596898
vt 0.340331 0.596898
vt 0.340331 0.593134
vt 0.345302 0.593134
vt 0.397943 0.539937
vt 0.403791 0.539937
vt 0.403791 0.543136
vt 0.397942 0.543136
vt 0.335359 0.596898
vt 0.335359 0.593134
vt 0.392094 0.539937
vt 0.392094 0.543136
vt 0.330388 0.596898
vt 0.330388 0.593134
vt 0.386245 0.539937
vt 0.386245 0.543136
vt 0.325416 0.596898
vt 0.325416 0.593134
vt 0.380396 0.539937
vt 0.380396 0.543136
vt 0.320444 0.596898
vt 0.320444 0.593134
vt 0.374547 0.539937
vt 0.374547 0.543136
vt 0.315473 0.596898
vt 0.315473 0.593134
vt 0.368698 0.539937
vt 0.368698 0.543136
vt 0.315473 0.600736
vt 0.310501 0.600736
vt 0.305530 0.600736
vt 0.300558 0.600736
vt 0.351151 0.536675
vt 0.357000 0.536675
vt 0.362849 0.536675
vt 0.368698 0.536675
vt 0.295587 0.600736
vt 0.345302 0.536675
vt 0.345302 0.600736
vt 0.340331 0.600736
vt 0.397943 0.536675
vt 0.335359 0.600736
vt 0.392094 0.536675
vt 0.330388 0.600736
vt 0.386245 0.536675
vt 0.325416 0.600736
vt 0.380396 0.536675
vt 0.320444 0.600736
vt 0.374547 0.536675
vt 0.305530 0.577106
vt 0.310501 0.577106
vt 0.357000 0.556761
vt 0.300558 0.577106
vt 0.351151 0.556761
vt 0.295587 0.577106
vt 0.345302 0.556761
vt 0.340331 0.577106
vt 0.345302 0.577106
vt 0.403791 0.556761
vt 0.397943 0.556761
vt 0.335359 0.577106
vt 0.392094 0.556761
vt 0.386245 0.556761
vt 0.380396 0.556761
vt 0.320444 0.577106
vt 0.374547 0.556761
vt 0.315473 0.577106
vt 0.374547 0.563769
vt 0.374547 0.568906
vt 0.368698 0.568906
vt 0.305530 0.568860
vt 0.300558 0.568860
vt 0.300558 0.562816
vt 0.305530 0.562816
vt 0.351151 0.563769
vt 0.345302 0.563769
vt 0.386245 0.563769
vt 0.380396 0.563769
vt 0.340331 0.568860
vt 0.345302 0.568860
vt 0.320444 0.568860
vt 0.403791 0.563769
vt 0.397943 0.563769
vt 0.310501 0.568860
vt 0.335359 0.568860
vt 0.357000 0.563769
vt 0.315473 0.568860
vt 0.392094 0.563769
vt 0.295587 0.568860
vt 0.397942 0.568906
vt 0.403791 0.568906
vt 0.403791 0.577317
vt 0.397943 0.577317
vt 0.325416 0.562816
vt 0.320444 0.562816
vt 0.320444 0.552922
vt 0.325416 0.552922
vt 0.330388 0.562816
vt 0.335359 0.562816
vt 0.357000 0.568906
vt 0.351151 0.568906
vt 0.310501 0.562816
vt 0.315473 0.562816
vt 0.392094 0.568906
vt 0.386245 0.568906
vt 0.295587 0.562816
vt 0.362849 0.568906
vt 0.345302 0.568906
vt 0.380396 0.568906
vt 0.340331 0.562816
vt 0.345302 0.562816
vt 0.305530 0.545837
vt 0.300558 0.545837
vt 0.300558 0.536675
vt 0.305530 0.536675
vt 0.392094 0.583339
vt 0.397942 0.583339
vt 0.397943 0.591126
vt 0.392094 0.591126
vt 0.305530 0.552922
vt 0.310501 0.552922
vt 0.380396 0.577317
vt 0.374547 0.577317
vt 0.335359 0.552922
vt 0.340331 0.552922
vt 0.362849 0.577317
vt 0.357000 0.577317
vt 0.315473 0.552922
vt 0.392094 0.577317
vt 0.300558 0.552922
vt 0.368698 0.577317
vt 0.330388 0.552922
vt 0.351151 0.577317
vt 0.386245 0.577317
vt 0.295587 0.552922
vt 0.345302 0.577317
vt 0.345302 0.552922
vt 0.310501 0.545837
vt 0.362849 0.583339
vt 0.357000 0.583339
vt 0.351151 0.583339
vt 0.295587 0.545837
vt 0.345302 0.583339
vt 0.340331 0.545837
vt 0.345302 0.545837
vt 0.403791 0.583339
vt 0.335359 0.545837
vt 0.330388 0.545837
vt 0.386245 0.583339
vt 0.325416 0.545837
vt 0.380396 0.583339
vt 0.320444 0.545837
vt 0.374547 0.583339
vt 0.315473 0.545837
vt 0.368698 0.583339
vt 0.283495 0.533700
vt 0.281518 0.536420
vt 0.278320 0.537459
vt 0.275122 0.536420
vt 0.273145 0.533700
vt 0.273145 0.530337
vt 0.275122 0.527617
vt 0.278320 0.526577
vt 0.281518 0.527617
vt 0.283495 0.530337
vt 0.281518 0.547302
vt 0.278320 0.548342
vt 0.275122 0.547302
vt 0.273145 0.544582
vt 0.273145 0.541219
vt 0.275122 0.538499
vt 0.281518 0.538499
vt 0.283495 0.541219
vt 0.283495 0.544582
vt 0.374547 0.591126
vt 0.368698 0.591126
vt 0.330388 0.536675
vt 0.335359 0.536675
vt 0.357000 0.591126
vt 0.351151 0.591126
vt 0.310501 0.536675
vt 0.315473 0.536675
vt 0.386245 0.591126
vt 0.295587 0.536675
vt 0.362849 0.591126
vt 0.325416 0.536675
vt 0.345302 0.591126
vt 0.380396 0.591126
vt 0.340331 0.536675
vt 0.320444 0.536675
vt 0.403791 0.591126
vt 0.000000 0.147032
vt 0.014778 0.147032
vt 0.014778 0.161096
vt 0.000000 0.161096
vt 0.000000 0.302339
vt 0.014778 0.302339
vt 0.014778 0.316402
vt 0.000000 0.316402
vt 0.014778 0.069379
vt 0.029555 0.069379
vt 0.029555 0.083442
vt 0.014778 0.083442
vt 0.014778 0.224685
vt 0.029555 0.224685
vt 0.029555 0.238749
vt 0.014778 0.238749
vt 0.014778 0.379992
vt 0.029555 0.379992
vt 0.029555 0.394055
vt 0.014778 0.394055
vt 0.029555 0.147032
vt 0.044333 0.147032
vt 0.044333 0.161096
vt 0.029555 0.161096
vt 0.029555 0.302339
vt 0.044333 0.302339
vt 0.044333 0.316402
vt 0.029555 0.316402
vt 0.044333 0.069379
vt 0.059111 0.069379
vt 0.059111 0.083442
vt 0.044333 0.083442
vt 0.059111 0.302339
vt 0.059111 0.316402
vt 0.073888 0.069379
vt 0.073888 0.083442
vt 0.073888 0.302339
vt 0.073888 0.316402
vt 0.088666 0.069379
vt 0.088666 0.083442
vt 0.073888 0.224685
vt 0.088666 0.224685
vt 0.088666 0.238749
vt 0.073888 0.238749
vt 0.073888 0.379992
vt 0.088666 0.379992
vt 0.088666 0.394055
vt 0.073888 0.394055
vt 0.088666 0.147032
vt 0.103444 0.147032
vt 0.103444 0.161096
vt 0.088666 0.161096
vt 0.088666 0.302339
vt 0.103444 0.302339
vt 0.103444 0.316402
vt 0.088666 0.316402
vt 0.103444 0.166190
vt 0.088666 0.166190
vt 0.132999 0.219592
vt 0.147777 0.219592
vt 0.147777 0.224685
vt 0.132999 0.224685
vt 0.059111 0.088536
vt 0.044333 0.088536
vt 0.044333 0.064285
vt 0.059111 0.064285
vt 0.103444 0.243843
vt 0.088666 0.243843
vt 0.103444 0.238749
vt 0.103444 0.069379
vt 0.118221 0.069379
vt 0.118221 0.083442
vt 0.103444 0.083442
vt 0.103444 0.224685
vt 0.118221 0.224685
vt 0.118221 0.238749
vt 0.103444 0.379992
vt 0.118221 0.379992
vt 0.118221 0.394055
vt 0.103444 0.394055
vt 0.132999 0.069379
vt 0.132999 0.083442
vt 0.118221 0.147032
vt 0.132999 0.147032
vt 0.132999 0.161096
vt 0.118221 0.161096
vt 0.132999 0.238749
vt 0.118221 0.302339
vt 0.132999 0.302339
vt 0.132999 0.316402
vt 0.118221 0.316402
vt 0.132999 0.379992
vt 0.132999 0.394055
vt 0.147777 0.069379
vt 0.147777 0.083442
vt 0.147777 0.147032
vt 0.147777 0.161096
vt 0.147777 0.238749
vt 0.147777 0.302339
vt 0.147777 0.316402
vt 0.147777 0.379992
vt 0.147777 0.394055
vt 0.000000 0.069379
vt 0.000000 0.083442
vt 0.000000 0.224685
vt 0.000000 0.238749
vt 0.000000 0.379992
vt 0.000000 0.394055
vt 0.044333 0.224685
vt 0.044333 0.238749
vt 0.044333 0.379992
vt 0.044333 0.394055
vt 0.059111 0.147032
vt 0.059111 0.161096
vt 0.059111 0.224685
vt 0.059111 0.238749
vt 0.059111 0.379992
vt 0.059111 0.394055
vt 0.073888 0.147032
vt 0.073888 0.161096
vt 0.029555 0.374898
vt 0.044333 0.374898
vt 0.088666 0.141938
vt 0.103444 0.141938
vt 0.147777 0.321496
vt 0.132999 0.321496
vt 0.132999 0.297245
vt 0.147777 0.297245
vt 0.059111 0.166190
vt 0.044333 0.166190
vt 0.147777 0.399149
vt 0.132999 0.399149
vt 0.088666 0.219592
vt 0.103444 0.219592
vt 0.044333 0.141938
vt 0.059111 0.141938
vt 0.132999 0.374898
vt 0.147777 0.374898
vt 0.103444 0.321496
vt 0.088666 0.321496
vt 0.059111 0.243843
vt 0.044333 0.243843
vt 0.014778 0.088536
vt 0.000000 0.088536
vt 0.044333 0.219592
vt 0.059111 0.219592
vt 0.000000 0.064285
vt 0.014778 0.064285
vt 0.088666 0.297245
vt 0.103444 0.297245
vt 0.059111 0.321496
vt 0.044333 0.321496
vt 0.014778 0.166190
vt 0.000000 0.166190
vt 0.103444 0.399149
vt 0.088666 0.399149
vt 0.044333 0.297245
vt 0.059111 0.297245
vt 0.000000 0.141938
vt 0.014778 0.141938
vt 0.088666 0.374898
vt 0.103444 0.374898
vt 0.059111 0.399149
vt 0.044333 0.399149
vt 0.014778 0.243843
vt 0.000000 0.243843
vt 0.059111 0.374898
vt 0.000000 0.219592
vt 0.014778 0.219592
vt 0.073888 0.088536
vt 0.014778 0.321496
vt 0.000000 0.321496
vt 0.073888 0.064285
vt 0.000000 0.297245
vt 0.014778 0.297245
vt 0.118221 0.088536
vt 0.103444 0.088536
vt 0.073888 0.166190
vt 0.014778 0.399149
vt 0.000000 0.399149
vt 0.103444 0.064285
vt 0.118221 0.064285
vt 0.073888 0.141938
vt 0.000000 0.374898
vt 0.014778 0.374898
vt 0.118221 0.166190
vt 0.118221 0.141938
vt 0.073888 0.243843
vt 0.029555 0.088536
vt 0.118221 0.243843
vt 0.073888 0.219592
vt 0.029555 0.064285
vt 0.118221 0.219592
vt 0.118221 0.321496
vt 0.073888 0.321496
vt 0.029555 0.166190
vt 0.118221 0.297245
vt 0.073888 0.297245
vt 0.029555 0.141938
vt 0.118221 0.399149
vt 0.118221 0.374898
vt 0.073888 0.399149
vt 0.029555 0.243843
vt 0.132999 0.088536
vt 0.073888 0.374898
vt 0.103444 0.459583
vt 0.118221 0.459583
vt 0.088666 0.459583
vt 0.088666 0.088536
vt 0.088666 0.064285
vt 0.088666 0.003851
vt 0.103444 0.003851
vt 0.118221 0.003851
vt 0.132999 0.003851
vt 0.132999 0.064285
vt 0.132999 0.141938
vt 0.132999 0.166190
vt 0.132999 0.243843
vt 0.132999 0.459583
vt 0.147777 0.064285
vt 0.147777 0.088536
vt 0.147777 0.141938
vt 0.147777 0.166190
vt 0.147777 0.243843
vt 0.147777 0.459583
vt 0.000000 0.003851
vt 0.014778 0.003851
vt 0.000000 0.459583
vt 0.014778 0.459583
vt 0.029555 0.003851
vt 0.029555 0.219592
vt 0.029555 0.297245
vt 0.029555 0.321496
vt 0.029555 0.399149
vt 0.029555 0.459583
vt 0.044333 0.003851
vt 0.044333 0.459583
vt 0.059111 0.003851
vt 0.059111 0.459583
vt 0.073888 0.003851
vt 0.073888 0.459583
vt 0.118221 0.463434
vt 0.103444 0.463434
vt 0.103444 -0.000000
vt 0.118221 -0.000000
vt 0.132999 0.463434
vt 0.132999 -0.000000
vt 0.147777 0.463434
vt 0.014778 0.463434
vt 0.000000 0.463434
vt 0.000000 -0.000000
vt 0.014778 -0.000000
vt 0.029555 0.463434
vt 0.029555 -0.000000
vt 0.044333 0.463434
vt 0.044333 -0.000000
vt 0.059111 0.463434
vt 0.059111 -0.000000
vt 0.073888 0.463434
vt 0.073888 -0.000000
vt 0.088666 0.463434
vt 0.088666 -0.000000
vt 0.138417 0.581009
vt 0.147748 0.581009
vt 0.147748 0.585905
vt 0.138417 0.585905
vt 0.515092 0.579152
vt 0.505760 0.579152
vt 0.505760 0.574256
vt 0.515092 0.574256
vt 0.390496 0.591126
vt 0.397347 0.593352
vt 0.401581 0.599180
vt 0.401581 0.606383
vt 0.397347 0.612211
vt 0.390496 0.614436
vt 0.383645 0.612211
vt 0.379412 0.606383
vt 0.379412 0.599180
vt 0.383646 0.593352
vt 0.140590 0.588131
vt 0.144823 0.593958
vt 0.144823 0.601162
vt 0.140589 0.606989
vt 0.133739 0.609215
vt 0.126888 0.606989
vt 0.122654 0.601162
vt 0.122654 0.593958
vt 0.126888 0.588131
vt 0.133739 0.585905
vt 0.487098 0.579152
vt 0.477767 0.579152
vt 0.477767 0.574256
vt 0.487098 0.574256
vt 0.101092 0.581009
vt 0.110423 0.581009
vt 0.110423 0.585905
vt 0.101092 0.585905
vt 0.543085 0.579152
vt 0.533754 0.579152
vt 0.533754 0.574256
vt 0.543085 0.574256
vt 0.073098 0.581009
vt 0.082429 0.581009
vt 0.082429 0.585905
vt 0.073098 0.585905
vt 0.496429 0.579152
vt 0.496429 0.574256
vt 0.129085 0.581009
vt 0.129085 0.585905
vt 0.468435 0.579152
vt 0.468435 0.574256
vt 0.091760 0.581009
vt 0.091760 0.585905
vt 0.524423 0.579152
vt 0.524423 0.574256
vt 0.063767 0.581009
vt 0.063767 0.585905
vt 0.119754 0.581009
vt 0.119754 0.585905
vt 0.459104 0.579152
vt 0.459104 0.574256
vt 0.054435 0.581009
vt 0.054435 0.585905
vt 0.552417 0.579152
vt 0.552417 0.574256
vt 0.487098 0.584489
vt 0.477767 0.584489
vt 0.477767 0.581624
vt 0.487098 0.581624
vt 0.073098 0.575672
vt 0.082429 0.575672
vt 0.082429 0.578537
vt 0.073098 0.578537
vt 0.468435 0.584489
vt 0.468435 0.581624
vt 0.063767 0.575672
vt 0.063767 0.578537
vt 0.459104 0.584489
vt 0.459104 0.581624
vt 0.054435 0.575672
vt 0.054435 0.578537
vt 0.552417 0.584489
vt 0.543085 0.584489
vt 0.543085 0.581624
vt 0.552417 0.581624
vt 0.138417 0.575672
vt 0.147748 0.575672
vt 0.147748 0.578537
vt 0.138417 0.578537
vt 0.533754 0.584489
vt 0.533754 0.581624
vt 0.129085 0.575672
vt 0.129085 0.578537
vt 0.524423 0.584489
vt 0.524423 0.581624
vt 0.119754 0.575672
vt 0.119754 0.578537
vt 0.515092 0.584489
vt 0.515092 0.581624
vt 0.110423 0.575672
vt 0.110423 0.578537
vt 0.505760 0.584489
vt 0.505760 0.581624
vt 0.101092 0.575672
vt 0.101092 0.578537
vt 0.496429 0.584489
vt 0.496429 0.581624
vt 0.091760 0.575672
vt 0.091760 0.578537
vt 0.496429 0.587411
vt 0.487098 0.587411
vt 0.477767 0.587411
vt 0.468435 0.587411
vt 0.063767 0.572751
vt 0.073098 0.572751
vt 0.082429 0.572751
vt 0.091760 0.572751
vt 0.459104 0.587411
vt 0.552417 0.587411
vt 0.543085 0.587411
vt 0.138417 0.572751
vt 0.147748 0.572751
vt 0.533754 0.587411
vt 0.129085 0.572751
vt 0.524423 0.587411
vt 0.119754 0.572751
vt 0.515092 0.587411
vt 0.110423 0.572751
vt 0.505760 0.587411
vt 0.101092 0.572751
vt 0.415738 0.366846
vt 0.415738 0.399967
vt 0.403723 0.399967
vt 0.403723 0.366846
vt 0.391709 0.399967
vt 0.391709 0.366846
vt 0.379692 0.399967
vt 0.379692 0.366846
vt 0.367677 0.399967
vt 0.367677 0.366846
vt 0.355662 0.399967
vt 0.355662 0.366846
vt 0.343647 0.399967
vt 0.343647 0.366846
vt 0.331632 0.399967
vt 0.331632 0.366846
vt 0.319615 0.399967
vt 0.319615 0.366846
vt 0.391709 0.473753
vt 0.379692 0.473753
vt 0.379692 0.449838
vt 0.391709 0.449838
vt 0.307602 0.399967
vt 0.307602 0.366846
vt 0.295587 0.399967
vt 0.295587 0.366846
vt 0.355662 0.536675
vt 0.355662 0.473753
vt 0.367677 0.473753
vt 0.367677 0.536675
vt 0.379692 0.536675
vt 0.391709 0.536675
vt 0.403723 0.473753
vt 0.403723 0.536675
vt 0.415738 0.473753
vt 0.415738 0.536675
vt 0.295587 0.473753
vt 0.307602 0.473753
vt 0.307602 0.536675
vt 0.319615 0.473753
vt 0.319615 0.536675
vt 0.331632 0.473753
vt 0.331632 0.536675
vt 0.403723 0.449838
vt 0.343647 0.473753
vt 0.343647 0.536675
vt 0.542403 0.569115
vt 0.535888 0.560149
vt 0.535888 0.549066
vt 0.542403 0.540100
vt 0.552943 0.536675
vt 0.563483 0.540100
vt 0.569998 0.549066
vt 0.569998 0.560149
vt 0.563483 0.569115
vt 0.552943 0.572540
vt 0.367677 0.449838
vt 0.355662 0.449838
vt 0.343647 0.449838
vt 0.331632 0.449838
vt 0.319615 0.449838
vt 0.307602 0.449838
vt 0.295587 0.449838
vt 0.415738 0.449838
vt 0.295587 0.435336
vt 0.307602 0.435336
vt 0.295587 0.422531
vt 0.307602 0.422531
vt 0.319615 0.435336
vt 0.319615 0.422531
vt 0.331632 0.435336
vt 0.331632 0.422531
vt 0.343647 0.435336
vt 0.343647 0.422531
vt 0.355662 0.435336
vt 0.355662 0.422531
vt 0.367677 0.435336
vt 0.367677 0.422531
vt 0.379692 0.435336
vt 0.379692 0.422531
vt 0.391709 0.435336
vt 0.391709 0.422531
vt 0.403723 0.435336
vt 0.403723 0.422531
vt 0.415738 0.435336
vt 0.415738 0.422531
vt 0.415738 -0.000000
vt 0.415738 0.023809
vt 0.403723 0.023809
vt 0.403723 -0.000000
vt 0.391709 0.023809
vt 0.391709 -0.000000
vt 0.379692 0.023809
vt 0.379692 -0.000000
vt 0.367677 0.023809
vt 0.367677 -0.000000
vt 0.355662 0.023809
vt 0.355662 -0.000000
vt 0.343647 0.023809
vt 0.343647 -0.000000
vt 0.331632 0.023809
vt 0.331632 -0.000000
vt 0.319615 0.023809
vt 0.319615 -0.000000
vt 0.391709 0.097594
vt 0.379692 0.097594
vt 0.379692 0.073679
vt 0.391709 0.073679
vt 0.307602 0.023809
vt 0.307602 -0.000000
vt 0.295587 0.023809
vt 0.518834 0.572540
vt 0.508293 0.569115
vt 0.501779 0.560149
vt 0.501779 0.549066
vt 0.508293 0.540100
vt 0.518834 0.536675
vt 0.529374 0.540100
vt 0.529374 0.569115
vt 0.355662 0.130573
vt 0.355662 0.097594
vt 0.367677 0.097594
vt 0.367677 0.130573
vt 0.379692 0.130573
vt 0.391709 0.130573
vt 0.403723 0.097594
vt 0.403723 0.130573
vt 0.415738 0.097594
vt 0.415738 0.130573
vt 0.295587 0.130573
vt 0.295587 0.097594
vt 0.307602 0.097594
vt 0.307602 0.130573
vt 0.319615 0.097594
vt 0.319615 0.130573
vt 0.331632 0.097594
vt 0.331632 0.130573
vt 0.403723 0.073679
vt 0.343647 0.097594
vt 0.343647 0.130573
vt 0.367677 0.073679
vt 0.355662 0.073679
vt 0.343647 0.073679
vt 0.331632 0.073679
vt 0.319615 0.073679
vt 0.307602 0.073679
vt 0.295587 0.073679
vt 0.415738 0.073679
vt 0.295587 0.059178
vt 0.307602 0.059178
vt 0.295587 0.046373
vt 0.307602 0.046373
vt 0.319615 0.059178
vt 0.319615 0.046373
vt 0.331632 0.059178
vt 0.331632 0.046373
vt 0.343647 0.059178
vt 0.343647 0.046373
vt 0.355662 0.059178
vt 0.355662 0.046373
vt 0.367677 0.059178
vt 0.367677 0.046373
vt 0.379692 0.059178
vt 0.379692 0.046373
vt 0.391709 0.059178
vt 0.391709 0.046373
vt 0.403723 0.059178
vt 0.403723 0.046373
vt 0.415738 0.059178
vt 0.415738 0.046373
vt 0.267927 0.830171
vt 0.267927 0.863292
vt 0.255913 0.863292
vt 0.255913 0.830171
vt 0.243899 0.863292
vt 0.243899 0.830171
vt 0.231882 0.863292
vt 0.231882 0.830171
vt 0.219867 0.863292
vt 0.219867 0.830171
vt 0.207852 0.863292
vt 0.207852 0.830171
vt 0.195837 0.863292
vt 0.195837 0.830171
vt 0.183822 0.863292
vt 0.183822 0.830171
vt 0.171805 0.863292
vt 0.171805 0.830171
vt 0.243899 0.937078
vt 0.231882 0.937078
vt 0.231882 0.913163
vt 0.243899 0.913163
vt 0.159792 0.863292
vt 0.159792 0.830171
vt 0.147777 0.863292
vt 0.147777 0.830171
vt 0.207852 1.000000
vt 0.207852 0.937078
vt 0.219867 0.937078
vt 0.219867 1.000000
vt 0.231882 1.000000
vt 0.243899 1.000000
vt 0.255913 0.937078
vt 0.255912 1.000000
vt 0.267927 0.937078
vt 0.267927 1.000000
vt 0.147777 1.000000
vt 0.147777 0.937078
vt 0.159792 0.937078
vt 0.159792 1.000000
vt 0.171805 0.937078
vt 0.171805 1.000000
vt 0.183822 0.937078
vt 0.183822 1.000000
vt 0.255913 0.913163
vt 0.195837 0.937078
vt 0.195837 1.000000
vt 0.410306 0.595386
vt 0.403791 0.586420
vt 0.403791 0.575337
vt 0.410306 0.566371
vt 0.420846 0.562946
vt 0.431387 0.566371
vt 0.437901 0.575337
vt 0.437901 0.586420
vt 0.431387 0.595386
vt 0.420846 0.598811
vt 0.219867 0.913163
vt 0.207852 0.913163
vt 0.195837 0.913163
vt 0.183822 0.913163
vt 0.171805 0.913163
vt 0.159792 0.913163
vt 0.147777 0.913163
vt 0.267927 0.913163
vt 0.147777 0.898662
vt 0.159792 0.898662
vt 0.147777 0.885857
vt 0.159792 0.885857
vt 0.171805 0.898662
vt 0.171805 0.885857
vt 0.183822 0.898662
vt 0.183822 0.885857
vt 0.195837 0.898662
vt 0.195837 0.885857
vt 0.207852 0.898662
vt 0.207852 0.885857
vt 0.219867 0.898662
vt 0.219867 0.885857
vt 0.231882 0.898662
vt 0.231882 0.885857
vt 0.243899 0.898662
vt 0.243899 0.885857
vt 0.255913 0.898662
vt 0.255913 0.885857
vt 0.267927 0.898662
vt 0.267927 0.885857
vt 0.267927 0.487134
vt 0.255913 0.487134
vt 0.255912 0.463325
vt 0.243899 0.487134
vt 0.243899 0.463325
vt 0.231882 0.487134
vt 0.231882 0.463325
vt 0.219867 0.487134
vt 0.219867 0.463325
vt 0.207852 0.487134
vt 0.207852 0.463325
vt 0.195837 0.487134
vt 0.195837 0.463325
vt 0.183822 0.487134
vt 0.183822 0.463325
vt 0.171805 0.487134
vt 0.171805 0.463325
vt 0.243899 0.560920
vt 0.231882 0.560920
vt 0.231882 0.537005
vt 0.243899 0.537005
vt 0.159792 0.487134
vt 0.159792 0.463325
vt 0.147777 0.487134
vt 0.587052 0.572540
vt 0.576512 0.569115
vt 0.576512 0.540100
vt 0.587053 0.536675
vt 0.597593 0.540100
vt 0.604107 0.549066
vt 0.604107 0.560149
vt 0.597593 0.569115
vt 0.207852 0.593898
vt 0.207852 0.560920
vt 0.219867 0.560920
vt 0.219867 0.593898
vt 0.231882 0.593898
vt 0.243899 0.593898
vt 0.255913 0.560920
vt 0.255913 0.593898
vt 0.267927 0.560920
vt 0.267927 0.593898
vt 0.147777 0.593898
vt 0.147777 0.560920
vt 0.159792 0.560920
vt 0.159792 0.593898
vt 0.171805 0.560920
vt 0.171805 0.593898
vt 0.183822 0.560920
vt 0.183822 0.593898
vt 0.255913 0.537005
vt 0.195837 0.560920
vt 0.195837 0.593898
vt 0.219867 0.537005
vt 0.207852 0.537005
vt 0.195837 0.537005
vt 0.183822 0.537005
vt 0.171805 0.537005
vt 0.159792 0.537005
vt 0.147777 0.537005
vt 0.267927 0.537005
vt 0.147777 0.522503
vt 0.159792 0.522503
vt 0.147777 0.509699
vt 0.159792 0.509699
vt 0.171805 0.522503
vt 0.171805 0.509699
vt 0.183822 0.522503
vt 0.183822 0.509699
vt 0.195837 0.522503
vt 0.195837 0.509699
vt 0.207852 0.522503
vt 0.207852 0.509699
vt 0.219867 0.522503
vt 0.219867 0.509699
vt 0.231882 0.522503
vt 0.231882 0.509699
vt 0.243899 0.522503
vt 0.243899 0.509699
vt 0.255913 0.522503
vt 0.255913 0.509699
vt 0.267927 0.522503
vt 0.267927 0.509699
vt 0.776190 0.366846
vt 0.776190 0.399967
vt 0.764175 0.399967
vt 0.764175 0.366846
vt 0.752162 0.399967
vt 0.752162 0.366846
vt 0.740145 0.399967
vt 0.740145 0.366846
vt 0.728130 0.399967
vt 0.728130 0.366846
vt 0.716115 0.399967
vt 0.716115 0.366846
vt 0.704100 0.399967
vt 0.704100 0.366846
vt 0.692085 0.399967
vt 0.692085 0.366846
vt 0.680068 0.399967
vt 0.680068 0.366846
vt 0.752162 0.473753
vt 0.740145 0.473753
vt 0.740145 0.449838
vt 0.752162 0.449838
vt 0.668054 0.399967
vt 0.668054 0.366846
vt 0.656039 0.399967
vt 0.656039 0.366846
vt 0.716115 0.536675
vt 0.716115 0.473753
vt 0.728130 0.473753
vt 0.728130 0.536675
vt 0.740145 0.536675
vt 0.752162 0.536675
vt 0.764175 0.473753
vt 0.764175 0.536675
vt 0.776190 0.473753
vt 0.776190 0.536675
vt 0.656039 0.536675
vt 0.656039 0.473753
vt 0.668054 0.473753
vt 0.668054 0.536675
vt 0.680068 0.473753
vt 0.680068 0.536675
vt 0.692085 0.473753
vt 0.692085 0.536675
vt 0.764175 0.449838
vt 0.704100 0.473753
vt 0.704100 0.536675
vt 0.576512 0.604980
vt 0.569998 0.596013
vt 0.569998 0.584931
vt 0.576512 0.575964
vt 0.587053 0.572540
vt 0.597593 0.575964
vt 0.604107 0.584931
vt 0.604107 0.596013
vt 0.597593 0.604980
vt 0.587053 0.608404
vt 0.728130 0.449838
vt 0.716115 0.449838
vt 0.704100 0.449838
vt 0.692085 0.449838
vt 0.680068 0.449838
vt 0.668054 0.449838
vt 0.656039 0.449838
vt 0.776190 0.449838
vt 0.656039 0.435336
vt 0.668054 0.435336
vt 0.656039 0.422531
vt 0.668054 0.422531
vt 0.680068 0.435336
vt 0.680068 0.422531
vt 0.692085 0.435336
vt 0.692085 0.422531
vt 0.704100 0.435336
vt 0.704100 0.422531
vt 0.716115 0.435336
vt 0.716115 0.422531
vt 0.728130 0.435336
vt 0.728130 0.422531
vt 0.740145 0.435336
vt 0.740145 0.422531
vt 0.752162 0.435336
vt 0.752162 0.422531
vt 0.764175 0.435336
vt 0.764175 0.422531
vt 0.776190 0.435336
vt 0.776190 0.422531
vt 0.776190 -0.000000
vt 0.776190 0.023809
vt 0.764175 0.023809
vt 0.764175 -0.000000
vt 0.752162 0.023809
vt 0.752162 -0.000000
vt 0.740145 0.023809
vt 0.740145 -0.000000
vt 0.728130 0.023809
vt 0.728130 -0.000000
vt 0.716115 0.023809
vt 0.716115 -0.000000
vt 0.704100 0.023809
vt 0.704100 -0.000000
vt 0.692085 0.023809
vt 0.692085 -0.000000
vt 0.680068 0.023809
vt 0.680068 -0.000000
vt 0.752162 0.097594
vt 0.740145 0.097594
vt 0.740145 0.073679
vt 0.752162 0.073679
vt 0.668054 0.023809
vt 0.668054 -0.000000
vt 0.656039 0.023809
vt 0.656039 -0.000000
vt 0.071490 0.621770
vt 0.060950 0.618345
vt 0.054435 0.609379
vt 0.054435 0.598296
vt 0.060950 0.589330
vt 0.071490 0.585905
vt 0.082031 0.589330
vt 0.088545 0.598296
vt 0.088545 0.609379
vt 0.082031 0.618345
vt 0.716115 0.130573
vt 0.716115 0.097594
vt 0.728130 0.097594
vt 0.728130 0.130573
vt 0.740145 0.130573
vt 0.752162 0.130573
vt 0.764175 0.097594
vt 0.764175 0.130573
vt 0.776190 0.097594
vt 0.776190 0.130573
vt 0.656039 0.130573
vt 0.656039 0.097594
vt 0.668054 0.097594
vt 0.668054 0.130573
vt 0.680068 0.097594
vt 0.680068 0.130573
vt 0.692085 0.097594
vt 0.692085 0.130573
vt 0.764175 0.073679
vt 0.704100 0.097594
vt 0.704100 0.130573
vt 0.728130 0.073679
vt 0.716115 0.073679
vt 0.704100 0.073679
vt 0.692085 0.073679
vt 0.680068 0.073679
vt 0.668054 0.073679
vt 0.656039 0.073679
vt 0.776190 0.073679
vt 0.656039 0.059178
vt 0.668054 0.059178
vt 0.656039 0.046373
vt 0.668054 0.046373
vt 0.680068 0.059178
vt 0.680068 0.046373
vt 0.692085 0.059178
vt 0.692085 0.046373
vt 0.704100 0.059178
vt 0.704100 0.046373
vt 0.716115 0.059178
vt 0.716115 0.046373
vt 0.728130 0.059178
vt 0.728130 0.046373
vt 0.740145 0.059178
vt 0.740145 0.046373
vt 0.752162 0.059178
vt 0.752162 0.046373
vt 0.764175 0.059178
vt 0.764175 0.046373
vt 0.776190 0.059178
vt 0.776190 0.046373
vt 0.896341 0.366846
vt 0.896341 0.399967
vt 0.884326 0.399967
vt 0.884326 0.366846
vt 0.872313 0.399967
vt 0.872313 0.366846
vt 0.860295 0.399967
vt 0.860295 0.366846
vt 0.848280 0.399967
vt 0.848280 0.366846
vt 0.836266 0.399967
vt 0.836266 0.366846
vt 0.824251 0.399967
vt 0.824251 0.366846
vt 0.812236 0.399967
vt 0.812236 0.366846
vt 0.800218 0.399967
vt 0.800218 0.366846
vt 0.872313 0.473753
vt 0.860295 0.473753
vt 0.860295 0.449838
vt 0.872313 0.449838
vt 0.788205 0.399967
vt 0.788205 0.366846
vt 0.836266 0.536675
vt 0.836266 0.473753
vt 0.848280 0.473753
vt 0.848280 0.536675
vt 0.860295 0.536675
vt 0.872313 0.536675
vt 0.884326 0.473753
vt 0.884326 0.536675
vt 0.896341 0.473753
vt 0.896341 0.536675
vt 0.788205 0.473753
vt 0.788205 0.536675
vt 0.800218 0.473753
vt 0.800218 0.536675
vt 0.812236 0.473753
vt 0.812236 0.536675
vt 0.884326 0.449838
vt 0.824251 0.473753
vt 0.824251 0.536675
vt 0.465619 0.619851
vt 0.459104 0.610884
vt 0.459104 0.599802
vt 0.465619 0.590835
vt 0.476159 0.587411
vt 0.486699 0.590835
vt 0.493214 0.599802
vt 0.493214 0.610884
vt 0.486699 0.619851
vt 0.476159 0.623275
vt 0.848280 0.449838
vt 0.836266 0.449838
vt 0.824251 0.449838
vt 0.812236 0.449838
vt 0.800218 0.449838
vt 0.788205 0.449838
vt 0.896341 0.449838
vt 0.788205 0.435336
vt 0.788205 0.422531
vt 0.800218 0.435336
vt 0.800218 0.422531
vt 0.812236 0.435336
vt 0.812236 0.422531
vt 0.824251 0.435336
vt 0.824251 0.422531
vt 0.836266 0.435336
vt 0.836266 0.422531
vt 0.848280 0.435336
vt 0.848280 0.422531
vt 0.860295 0.435336
vt 0.860295 0.422531
vt 0.872313 0.435336
vt 0.872313 0.422531
vt 0.884326 0.435336
vt 0.884326 0.422531
vt 0.896341 0.435336
vt 0.896341 0.422531
vt 0.896341 -0.000000
vt 0.896341 0.023809
vt 0.884326 0.023809
vt 0.884326 -0.000000
vt 0.872313 0.023809
vt 0.872313 -0.000000
vt 0.860295 0.023809
vt 0.860295 -0.000000
vt 0.848280 0.023809
vt 0.848280 -0.000000
vt 0.836266 0.023809
vt 0.836266 -0.000000
vt 0.824251 0.023809
vt 0.824251 -0.000000
vt 0.812236 0.023809
vt 0.812236 -0.000000
vt 0.800218 0.023809
vt 0.800218 -0.000000
vt 0.872313 0.097594
vt 0.860295 0.097594
vt 0.860295 0.073679
vt 0.872313 0.073679
vt 0.788205 0.023809
vt 0.788205 -0.000000
vt 0.510268 0.623275
vt 0.499728 0.619851
vt 0.499728 0.590835
vt 0.510268 0.587411
vt 0.520809 0.590835
vt 0.527323 0.599802
vt 0.527323 0.610884
vt 0.520809 0.619851
vt 0.836266 0.130573
vt 0.836266 0.097594
vt 0.848280 0.097594
vt 0.848280 0.130573
vt 0.860295 0.130573
vt 0.872313 0.130573
vt 0.884326 0.097594
vt 0.884326 0.130573
vt 0.896341 0.097594
vt 0.896341 0.130573
vt 0.788205 0.097594
vt 0.788205 0.130573
vt 0.800218 0.097594
vt 0.800218 0.130573
vt 0.812236 0.097594
vt 0.812236 0.130573
vt 0.884326 0.073679
vt 0.824251 0.097594
vt 0.824251 0.130573
vt 0.848280 0.073679
vt 0.836266 0.073679
vt 0.824251 0.073679
vt 0.812236 0.073679
vt 0.800218 0.073679
vt 0.788205 0.073679
vt 0.896341 0.073679
vt 0.788205 0.059178
vt 0.788205 0.046373
vt 0.800218 0.059178
vt 0.800218 0.046373
vt 0.812236 0.059178
vt 0.812236 0.046373
vt 0.824251 0.059178
vt 0.824251 0.046373
vt 0.836266 0.059178
vt 0.836266 0.046373
vt 0.848280 0.059178
vt 0.848280 0.046373
vt 0.860295 0.059178
vt 0.860295 0.046373
vt 0.872313 0.059178
vt 0.872313 0.046373
vt 0.884326 0.059178
vt 0.884326 0.046373
vt 0.896341 0.059178
vt 0.896341 0.046373
vt 0.535888 0.366846
vt 0.535888 0.399967
vt 0.523873 0.399967
vt 0.523873 0.366846
vt 0.511860 0.399967
vt 0.511860 0.366846
vt 0.499843 0.399967
vt 0.499843 0.366846
vt 0.487828 0.399967
vt 0.487828 0.366846
vt 0.475813 0.399967
vt 0.475813 0.366846
vt 0.463798 0.399967
vt 0.463798 0.366846
vt 0.451783 0.399967
vt 0.451783 0.366846
vt 0.439766 0.399967
vt 0.439766 0.366846
vt 0.511860 0.473753
vt 0.499843 0.473753
vt 0.499843 0.449838
vt 0.511860 0.449838
vt 0.427753 0.399967
vt 0.427753 0.366846
vt 0.475813 0.536675
vt 0.475813 0.473753
vt 0.487828 0.473753
vt 0.487828 0.536675
vt 0.499843 0.536675
vt 0.511860 0.536675
vt 0.523873 0.473753
vt 0.523873 0.536675
vt 0.535888 0.473753
vt 0.535888 0.536675
vt 0.427753 0.473753
vt 0.427753 0.536675
vt 0.439766 0.473753
vt 0.439766 0.536675
vt 0.451783 0.473753
vt 0.451783 0.536675
vt 0.523873 0.449838
vt 0.463798 0.473753
vt 0.463798 0.536675
vt 0.119620 0.568786
vt 0.113105 0.559819
vt 0.113105 0.548737
vt 0.119620 0.539770
vt 0.130160 0.536346
vt 0.140700 0.539770
vt 0.147215 0.548737
vt 0.147215 0.559819
vt 0.140700 0.568785
vt 0.130160 0.572210
vt 0.487828 0.449838
vt 0.475813 0.449838
vt 0.463798 0.449838
vt 0.451783 0.449838
vt 0.439766 0.449838
vt 0.427753 0.449838
vt 0.535888 0.449838
vt 0.427753 0.435336
vt 0.427753 0.422531
vt 0.439766 0.435336
vt 0.439766 0.422531
vt 0.451783 0.435336
vt 0.451783 0.422531
vt 0.463798 0.435336
vt 0.463798 0.422531
vt 0.475813 0.435336
vt 0.475813 0.422531
vt 0.487828 0.435336
vt 0.487828 0.422531
vt 0.499843 0.435336
vt 0.499843 0.422531
vt 0.511860 0.435336
vt 0.511860 0.422531
vt 0.523873 0.435336
vt 0.523873 0.422531
vt 0.535888 0.435336
vt 0.535888 0.422531
vt 0.535888 -0.000000
vt 0.535888 0.023809
vt 0.523873 0.023809
vt 0.523873 -0.000000
vt 0.511860 0.023809
vt 0.511860 -0.000000
vt 0.499843 0.023809
vt 0.499843 -0.000000
vt 0.487828 0.023809
vt 0.487828 -0.000000
vt 0.475813 0.023809
vt 0.475813 -0.000000
vt 0.463798 0.023809
vt 0.463798 -0.000000
vt 0.451783 0.023809
vt 0.451783 -0.000000
vt 0.439766 0.023809
vt 0.439766 -0.000000
vt 0.511860 0.097594
vt 0.499843 0.097594
vt 0.499843 0.073679
vt 0.511860 0.073679
vt 0.427753 0.023809
vt 0.427753 -0.000000
vt 0.105600 0.621770
vt 0.095059 0.618345
vt 0.095059 0.589330
vt 0.105600 0.585905
vt 0.116140 0.589330
vt 0.122654 0.598296
vt 0.122654 0.609379
vt 0.116140 0.618345
vt 0.475813 0.130573
vt 0.475813 0.097594
vt 0.487828 0.097594
vt 0.487828 0.130573
vt 0.499843 0.130573
vt 0.511860 0.130573
vt 0.523873 0.097594
vt 0.523873 0.130573
vt 0.535888 0.097594
vt 0.535888 0.130573
vt 0.427753 0.097594
vt 0.427753 0.130573
vt 0.439766 0.097594
vt 0.439766 0.130573
vt 0.451783 0.097594
vt 0.451783 0.130573
vt 0.523873 0.073679
vt 0.463798 0.097594
vt 0.463798 0.130573
vt 0.487828 0.073679
vt 0.475813 0.073679
vt 0.463798 0.073679
vt 0.451783 0.073679
vt 0.439766 0.073679
vt 0.427753 0.073679
vt 0.535888 0.073679
vt 0.427753 0.059178
vt 0.427753 0.046373
vt 0.439766 0.059178
vt 0.439766 0.046373
vt 0.451783 0.059178
vt 0.451783 0.046373
vt 0.463798 0.059178
vt 0.463798 0.046373
vt 0.475813 0.059178
vt 0.475813 0.046373
vt 0.487828 0.059178
vt 0.487828 0.046373
vt 0.499843 0.059178
vt 0.499843 0.046373
vt 0.511860 0.059178
vt 0.511860 0.046373
vt 0.523873 0.059178
vt 0.523873 0.046373
vt 0.535888 0.059178
vt 0.535888 0.046373
vt 0.644024 0.399967
vt 0.644024 0.366846
vt 0.632011 0.399967
vt 0.632011 0.366846
vt 0.619994 0.399967
vt 0.619994 0.366846
vt 0.607979 0.399967
vt 0.607979 0.366846
vt 0.595964 0.399967
vt 0.595964 0.366846
vt 0.583949 0.399967
vt 0.583949 0.366846
vt 0.571934 0.399967
vt 0.571934 0.366846
vt 0.559917 0.399967
vt 0.559917 0.366846
vt 0.632011 0.473753
vt 0.619994 0.473753
vt 0.619994 0.449838
vt 0.632011 0.449838
vt 0.547903 0.399967
vt 0.547903 0.366846
vt 0.595964 0.536675
vt 0.595964 0.473753
vt 0.607979 0.473753
vt 0.607979 0.536675
vt 0.619994 0.536675
vt 0.632011 0.536675
vt 0.644024 0.473753
vt 0.644024 0.536675
vt 0.547903 0.473753
vt 0.547903 0.536675
vt 0.559917 0.473753
vt 0.559917 0.536675
vt 0.571934 0.473753
vt 0.571934 0.536675
vt 0.644024 0.449838
vt 0.583949 0.473753
vt 0.583949 0.536675
vt 0.533837 0.619851
vt 0.533837 0.590835
vt 0.544378 0.587411
vt 0.554918 0.590835
vt 0.561432 0.599802
vt 0.561432 0.610884
vt 0.554918 0.619851
vt 0.544378 0.623275
vt 0.607979 0.449838
vt 0.595964 0.449838
vt 0.583949 0.449838
vt 0.571934 0.449838
vt 0.559917 0.449838
vt 0.547903 0.449838
vt 0.547903 0.435336
vt 0.547903 0.422531
vt 0.559917 0.435336
vt 0.559917 0.422531
vt 0.571934 0.435336
vt 0.571934 0.422531
vt 0.583949 0.435336
vt 0.583949 0.422531
vt 0.595964 0.435336
vt 0.595964 0.422531
vt 0.607979 0.435336
vt 0.607979 0.422531
vt 0.619994 0.435336
vt 0.619994 0.422531
vt 0.632011 0.435336
vt 0.632011 0.422531
vt 0.644024 0.435336
vt 0.644024 0.422531
vt 0.644024 0.023809
vt 0.644024 0.000000
vt 0.632011 0.023809
vt 0.632011 0.000000
vt 0.619994 0.023809
vt 0.619994 0.000000
vt 0.607979 0.023809
vt 0.607979 0.000000
vt 0.595964 0.023809
vt 0.595964 0.000000
vt 0.583949 0.023809
vt 0.583949 0.000000
vt 0.571934 0.023809
vt 0.571934 0.000000
vt 0.559917 0.023809
vt 0.559917 0.000000
vt 0.632011 0.097594
vt 0.619994 0.097594
vt 0.619994 0.073679
vt 0.632011 0.073679
vt 0.547903 0.023809
vt 0.547903 0.000000
vt 0.362357 0.626991
vt 0.351816 0.623566
vt 0.345302 0.614600
vt 0.345302 0.603517
vt 0.351816 0.594551
vt 0.362357 0.591126
vt 0.372897 0.594551
vt 0.379412 0.603517
vt 0.379412 0.614600
vt 0.372897 0.623566
vt 0.595964 0.130573
vt 0.595964 0.097594
vt 0.607979 0.097594
vt 0.607979 0.130573
vt 0.619994 0.130573
vt 0.632011 0.130573
vt 0.644024 0.097594
vt 0.644024 0.130573
vt 0.547903 0.097594
vt 0.547903 0.130573
vt 0.559917 0.097594
vt 0.559917 0.130573
vt 0.571934 0.097594
vt 0.571934 0.130573
vt 0.644024 0.073679
vt 0.583949 0.097594
vt 0.583949 0.130573
vt 0.607979 0.073679
vt 0.595964 0.073679
vt 0.583949 0.073679
vt 0.571934 0.073679
vt 0.559917 0.073679
vt 0.547903 0.073679
vt 0.547903 0.059178
vt 0.547903 0.046373
vt 0.559917 0.059178
vt 0.559917 0.046373
vt 0.571934 0.059178
vt 0.571934 0.046373
vt 0.583949 0.059178
vt 0.583949 0.046373
vt 0.595964 0.059178
vt 0.595964 0.046373
vt 0.607979 0.059178
vt 0.607979 0.046373
vt 0.619994 0.059178
vt 0.619994 0.046373
vt 0.632011 0.059178
vt 0.632011 0.046373
vt 0.644024 0.059178
vt 0.644024 0.046373
vt 0.054435 0.467358
vt 0.048992 0.467358
vt 0.048992 0.463434
vt 0.043548 0.467358
vt 0.043548 0.463434
vt 0.038105 0.467358
vt 0.038105 0.463434
vt 0.032661 0.467358
vt 0.032661 0.463434
vt 0.027218 0.467358
vt 0.027218 0.463434
vt 0.021774 0.467358
vt 0.021774 0.463434
vt 0.016331 0.467358
vt 0.016331 0.463434
vt 0.010887 0.467358
vt 0.010887 0.463434
vt 0.119727 0.532864
vt 0.113105 0.523750
vt 0.113105 0.512485
vt 0.119727 0.503371
vt 0.141155 0.503371
vt 0.147777 0.512485
vt 0.147777 0.523750
vt 0.141155 0.532864
vt 0.130441 0.536346
vt 0.005444 0.467358
vt 0.005444 0.463434
vt -0.000000 0.467358
vt 0.032661 0.472918
vt 0.032661 0.478975
vt 0.027218 0.478975
vt 0.027218 0.472918
vt 0.048992 0.472918
vt 0.054435 0.472918
vt 0.043548 0.472918
vt 0.038105 0.472918
vt 0.021774 0.472918
vt 0.016331 0.472918
vt 0.010887 0.472918
vt 0.005444 0.472918
vt -0.000000 0.472918
vt 0.027218 0.484797
vt 0.027218 0.526751
vt 0.021774 0.526751
vt 0.021774 0.484797
vt 0.048992 0.478975
vt 0.043548 0.478975
vt 0.010887 0.478975
vt 0.005444 0.478975
vt 0.021774 0.478975
vt 0.038105 0.478975
vt -0.000000 0.478975
vt 0.016331 0.478975
vt 0.054435 0.478975
vt 0.048992 0.484797
vt 0.054435 0.484797
vt 0.043548 0.484797
vt 0.038105 0.484797
vt 0.032661 0.484797
vt 0.016331 0.484797
vt 0.010887 0.484797
vt 0.005444 0.484797
vt -0.000000 0.484797
vt 0.027218 0.530617
vt 0.021774 0.530617
vt 0.043548 0.526751
vt 0.038105 0.526751
vt 0.005444 0.526751
vt -0.000000 0.526751
vt 0.016331 0.526751
vt 0.032661 0.526751
vt 0.054435 0.526751
vt 0.048992 0.526751
vt 0.010887 0.526751
vt 0.043548 0.530617
vt 0.043548 0.541992
vt 0.038105 0.541992
vt 0.038105 0.530617
vt 0.005444 0.530617
vt -0.000000 0.530617
vt 0.016331 0.530617
vt 0.032661 0.530617
vt 0.054435 0.530617
vt 0.048992 0.530617
vt 0.010887 0.530617
vt 0.048992 0.545946
vt 0.048992 0.550459
vt 0.043548 0.550459
vt 0.043548 0.545946
vt 0.005444 0.541992
vt -0.000000 0.541992
vt 0.021774 0.541992
vt 0.016331 0.541992
vt 0.032661 0.541992
vt 0.054435 0.541992
vt 0.048992 0.541992
vt 0.010887 0.541992
vt 0.027218 0.541992
vt 0.054435 0.545946
vt 0.038105 0.545946
vt 0.032661 0.545946
vt 0.027218 0.545946
vt 0.021774 0.545946
vt 0.016331 0.545946
vt 0.010887 0.545946
vt 0.005444 0.545946
vt -0.000000 0.545946
vt 0.027218 0.550459
vt 0.027218 0.553857
vt 0.021774 0.553857
vt 0.021774 0.550459
vt 0.010887 0.550459
vt 0.005444 0.550459
vt 0.038105 0.550459
vt -0.000000 0.550459
vt 0.016331 0.550459
vt 0.032661 0.550459
vt 0.054435 0.550459
vt 0.043548 0.553857
vt 0.043548 0.558507
vt 0.038105 0.558507
vt 0.038105 0.553857
vt 0.005444 0.553857
vt -0.000000 0.553857
vt 0.016331 0.553857
vt 0.032661 0.553857
vt 0.054435 0.553857
vt 0.048992 0.553857
vt 0.010887 0.553857
vt 0.005444 0.558507
vt 0.005444 0.563328
vt -0.000000 0.563328
vt -0.000000 0.558507
vt 0.021774 0.558507
vt 0.016331 0.558507
vt 0.032661 0.558507
vt 0.054435 0.558507
vt 0.048992 0.558507
vt 0.010887 0.558507
vt 0.027218 0.558507
vt 0.021774 0.563328
vt 0.021774 0.569290
vt 0.016331 0.569290
vt 0.016331 0.563328
vt 0.038105 0.563328
vt 0.032661 0.563328
vt 0.054435 0.563328
vt 0.048992 0.563328
vt 0.010887 0.563328
vt 0.027218 0.563328
vt 0.043548 0.563328
vt 0.038105 0.569290
vt 0.038105 0.575317
vt 0.032661 0.575317
vt 0.032661 0.569290
vt 0.054435 0.569290
vt 0.048992 0.569290
vt 0.010887 0.569290
vt 0.027218 0.569290
vt 0.043548 0.569290
vt 0.005444 0.569290
vt -0.000000 0.569290
vt 0.054435 0.575317
vt 0.054435 0.577626
vt 0.048992 0.577626
vt 0.048992 0.575317
vt 0.016331 0.575317
vt 0.010887 0.575317
vt 0.027218 0.575317
vt 0.043548 0.575317
vt 0.005444 0.575317
vt 0.021774 0.575317
vt -0.000000 0.575317
vt 0.032661 0.577626
vt 0.032661 0.582293
vt 0.027218 0.582293
vt 0.027218 0.577626
vt 0.016331 0.577626
vt 0.010887 0.577626
vt 0.043548 0.577626
vt 0.005444 0.577626
vt 0.021774 0.577626
vt 0.038105 0.577626
vt -0.000000 0.577626
vt 0.048992 0.582293
vt 0.048992 0.590192
vt 0.043548 0.590192
vt 0.043548 0.582293
vt 0.010887 0.582293
vt 0.005444 0.582293
vt 0.021774 0.582293
vt 0.038105 0.582293
vt -0.000000 0.582293
vt 0.016331 0.582293
vt 0.054435 0.582293
vt 0.010887 0.590192
vt 0.010887 0.602814
vt 0.005444 0.602814
vt 0.005444 0.590192
vt 0.027218 0.590192
vt 0.021774 0.590192
vt 0.038105 0.590192
vt -0.000000 0.590192
vt 0.016331 0.590192
vt 0.032661 0.590192
vt 0.054435 0.590192
vt 0.027218 0.602814
vt 0.021774 0.602814
vt 0.043548 0.602814
vt 0.038105 0.602814
vt -0.000000 0.602814
vt 0.016331 0.602814
vt 0.032661 0.602814
vt 0.054435 0.602814
vt 0.048992 0.602814
vt 0.277775 0.550465
vt 0.277775 0.548342
vt 0.280636 0.549271
vt 0.279388 0.550989
vt 0.276162 0.550989
vt 0.274914 0.549271
vt 0.275165 0.552361
vt 0.273145 0.551705
vt 0.275165 0.554057
vt 0.273145 0.554713
vt 0.276162 0.555429
vt 0.274914 0.557147
vt 0.277775 0.555953
vt 0.277775 0.558077
vt 0.279388 0.555429
vt 0.280636 0.557147
vt 0.280385 0.554057
vt 0.282404 0.554713
vt 0.280385 0.552361
vt 0.282404 0.551705
s 1
f 21/1/1 22/2/2 4/3/2 2/4/1
f 22/2/2 23/5/3 6/6/3 4/3/2
f 23/5/3 24/7/4 8/8/4 6/6/3
f 24/7/4 25/9/5 10/10/5 8/8/4
f 25/9/5 26/11/6 12/12/6 10/10/5
f 26/11/6 27/13/7 14/14/7 12/12/6
f 27/13/7 28/15/8 16/16/8 14/14/7
f 28/15/8 29/17/9 18/18/9 16/16/8
f 4/19/10 6/20/10 8/21/10 10/22/10 12/23/10 14/24/10 16/25/10 18/26/10 20/27/10 2/28/10
f 29/17/9 30/29/11 20/30/11 18/18/9
f 30/29/11 21/31/1 2/32/1 20/30/11
f 9/33/5 45/34/5 46/35/6 11/36/6
f 3/37/12 22/2/12 21/1/12 1/38/12
f 5/39/12 23/5/12 22/2/12 3/37/12
f 7/40/12 24/7/12 23/5/12 5/39/12
f 9/33/12 25/9/12 24/7/12 7/40/12
f 11/36/12 26/11/12 25/9/12 9/33/12
f 13/41/12 27/13/12 26/11/12 11/36/12
f 15/42/12 28/15/12 27/13/12 13/41/12
f 17/43/12 29/17/12 28/15/12 15/42/12
f 19/44/12 30/29/12 29/17/12 17/43/12
f 1/45/12 21/31/12 30/29/12 19/44/12
f 36/46/6 56/47/6 57/48/7 37/49/7
f 3/37/2 42/50/2 43/51/3 5/39/3
f 17/43/9 49/52/9 50/53/11 19/44/11
f 11/36/6 46/35/6 47/54/7 13/41/7
f 5/39/3 43/51/3 44/55/4 7/40/4
f 19/44/11 50/53/11 41/56/1 1/45/1
f 13/41/7 47/54/7 48/57/8 15/42/8
f 7/40/4 44/55/4 45/34/5 9/33/5
f 1/38/1 41/58/1 42/50/2 3/37/2
f 15/42/8 48/57/8 49/52/9 17/43/9
f 32/59/12 42/50/12 41/58/12 31/60/12
f 33/61/12 43/51/12 42/50/12 32/59/12
f 34/62/12 44/55/12 43/51/12 33/61/12
f 35/63/12 45/34/12 44/55/12 34/62/12
f 36/46/12 46/35/12 45/34/12 35/63/12
f 37/49/12 47/54/12 46/35/12 36/46/12
f 38/64/12 48/57/12 47/54/12 37/49/12
f 39/65/12 49/52/12 48/57/12 38/64/12
f 40/66/12 50/53/12 49/52/12 39/65/12
f 31/67/12 41/56/12 50/53/12 40/66/12
f 56/47/10 66/68/10 67/69/10 57/48/10
f 33/61/3 53/70/3 54/71/4 34/62/4
f 40/66/11 60/72/11 51/73/1 31/67/1
f 37/49/7 57/48/7 58/74/8 38/64/8
f 34/62/4 54/71/4 55/75/5 35/63/5
f 31/60/1 51/76/1 52/77/2 32/59/2
f 38/64/8 58/74/8 59/78/9 39/65/9
f 35/63/5 55/75/5 56/47/6 36/46/6
f 32/59/2 52/77/2 53/70/3 33/61/3
f 39/65/9 59/78/9 60/72/11 40/66/11
f 63/79/3 83/80/3 84/81/4 64/82/4
f 53/70/10 63/79/10 64/82/10 54/71/10
f 60/72/10 70/83/10 61/84/10 51/73/10
f 57/48/10 67/69/10 68/85/10 58/74/10
f 54/71/10 64/82/10 65/86/10 55/75/10
f 51/76/10 61/87/10 62/88/10 52/77/10
f 58/74/10 68/85/10 69/89/10 59/78/10
f 55/75/10 65/86/10 66/68/10 56/47/10
f 52/77/10 62/88/10 63/79/10 53/70/10
f 59/78/10 69/89/10 70/83/10 60/72/10
f 72/90/2 92/91/2 93/92/3 73/93/3
f 70/83/11 90/94/11 81/95/1 61/84/1
f 67/69/7 87/96/7 88/97/8 68/85/8
f 64/82/4 84/81/4 85/98/5 65/86/5
f 61/87/1 81/99/1 82/100/2 62/88/2
f 68/85/8 88/97/8 89/101/9 69/89/9
f 65/86/5 85/98/5 86/102/6 66/68/6
f 62/88/2 82/100/2 83/80/3 63/79/3
f 69/89/9 89/101/9 90/94/11 70/83/11
f 66/68/6 86/102/6 87/96/7 67/69/7
f 72/90/12 82/100/12 81/99/12 71/103/12
f 73/93/12 83/80/12 82/100/12 72/90/12
f 74/104/12 84/81/12 83/80/12 73/93/12
f 75/105/12 85/98/12 84/81/12 74/104/12
f 76/106/12 86/102/12 85/98/12 75/105/12
f 77/107/12 87/96/12 86/102/12 76/106/12
f 78/108/12 88/97/12 87/96/12 77/107/12
f 79/109/12 89/101/12 88/97/12 78/108/12
f 80/110/12 90/94/12 89/101/12 79/109/12
f 71/111/12 81/95/12 90/94/12 80/110/12
f 96/112/13 106/113/14 107/114/15 97/115/16
f 79/109/9 99/116/9 100/117/11 80/110/11
f 76/106/6 96/112/6 97/115/7 77/107/7
f 73/93/3 93/92/3 94/118/4 74/104/4
f 80/110/11 100/117/11 91/119/1 71/111/1
f 77/107/7 97/115/7 98/120/8 78/108/8
f 74/104/4 94/118/4 95/121/5 75/105/5
f 71/103/1 91/122/1 92/91/2 72/90/2
f 78/108/8 98/120/8 99/116/9 79/109/9
f 75/105/5 95/121/5 96/112/6 76/106/6
f 103/123/17 113/124/18 114/125/19 104/126/20
f 93/92/21 103/123/17 104/126/20 94/118/22
f 100/117/23 110/127/24 101/128/25 91/119/26
f 97/115/16 107/114/15 108/129/27 98/120/28
f 94/118/22 104/126/20 105/130/29 95/121/30
f 91/122/26 101/131/25 102/132/31 92/91/32
f 98/120/28 108/129/27 109/133/33 99/116/34
f 95/121/30 105/130/29 106/113/14 96/112/13
f 92/91/32 102/132/31 103/123/17 93/92/21
f 99/116/34 109/133/33 110/127/24 100/117/23
f 120/134/35 130/135/36 121/136/37 111/137/38
f 110/127/24 120/134/35 111/137/38 101/128/25
f 107/114/15 117/138/39 118/139/40 108/129/27
f 104/126/20 114/125/19 115/140/41 105/130/29
f 101/131/25 111/141/38 112/142/42 102/132/31
f 108/129/27 118/139/40 119/143/43 109/133/33
f 105/130/29 115/140/41 116/144/44 106/113/14
f 102/132/31 112/142/42 113/124/18 103/123/17
f 109/133/33 119/143/43 120/134/35 110/127/24
f 106/113/14 116/144/44 117/138/39 107/114/15
f 127/145/45 137/146/46 138/147/47 128/148/48
f 117/138/39 127/145/45 128/148/48 118/139/40
f 114/125/19 124/149/49 125/150/50 115/140/41
f 111/141/38 121/151/37 122/152/51 112/142/42
f 118/139/40 128/148/48 129/153/52 119/143/43
f 115/140/41 125/150/50 126/154/53 116/144/44
f 112/142/42 122/152/51 123/155/54 113/124/18
f 119/143/43 129/153/52 130/135/36 120/134/35
f 116/144/44 126/154/53 127/145/45 117/138/39
f 113/124/18 123/155/54 124/149/49 114/125/19
f 134/156/55 144/157/56 145/158/57 135/159/58
f 124/149/49 134/156/55 135/159/58 125/150/50
f 121/151/37 131/160/59 132/161/60 122/152/51
f 128/148/48 138/147/47 139/162/61 129/153/52
f 125/150/50 135/159/58 136/163/62 126/154/53
f 122/152/51 132/161/60 133/164/63 123/155/54
f 129/153/52 139/162/61 140/165/64 130/135/36
f 126/154/53 136/163/62 137/146/46 127/145/45
f 123/155/54 133/164/63 134/156/55 124/149/49
f 130/135/36 140/165/64 131/166/59 121/136/37
f 141/167/65 151/168/66 152/169/67 142/170/68
f 131/160/59 141/171/69 142/172/70 132/161/60
f 138/147/47 148/173/71 149/174/72 139/162/61
f 135/159/58 145/158/57 146/175/73 136/163/62
f 132/161/60 142/172/70 143/176/74 133/164/63
f 139/162/61 149/174/72 150/177/75 140/165/64
f 136/163/62 146/175/73 147/178/76 137/146/46
f 133/164/63 143/176/74 144/157/56 134/156/55
f 140/165/64 150/177/75 141/179/69 131/166/59
f 137/146/46 147/178/76 148/173/71 138/147/47
f 155/180/77 165/181/78 166/182/79 156/183/80
f 148/184/81 158/185/82 159/186/83 149/187/84
f 145/188/85 155/180/77 156/183/80 146/189/86
f 142/170/68 152/169/67 153/190/87 143/191/88
f 149/187/84 159/186/83 160/192/89 150/193/90
f 146/189/86 156/183/80 157/194/91 147/195/92
f 143/191/88 153/190/87 154/196/93 144/197/94
f 150/193/90 160/192/89 151/198/66 141/199/65
f 147/195/92 157/194/91 158/185/82 148/184/81
f 144/197/94 154/196/93 155/180/77 145/188/85
f 162/200/2 172/201/95 173/202/96 163/203/3
f 152/169/67 162/200/97 163/203/98 153/190/87
f 159/186/83 169/204/99 170/205/100 160/192/89
f 156/183/80 166/182/79 167/206/101 157/194/91
f 153/190/87 163/203/98 164/207/102 154/196/93
f 160/192/89 170/205/100 161/208/103 151/198/66
f 157/194/91 167/206/101 168/209/104 158/185/82
f 154/196/93 164/207/102 165/181/78 155/180/77
f 151/168/66 161/210/103 162/200/97 152/169/67
f 158/185/82 168/209/104 169/204/99 159/186/83
f 179/211/105 199/212/106 200/213/107 180/214/108
f 169/204/9 179/211/105 180/214/108 170/205/11
f 166/182/6 176/215/109 177/216/110 167/206/7
f 163/203/3 173/202/96 174/217/111 164/207/4
f 170/205/11 180/214/108 171/218/112 161/208/1
f 167/206/7 177/216/110 178/219/113 168/209/8
f 164/207/4 174/217/111 175/220/114 165/181/5
f 161/210/1 171/221/112 172/201/95 162/200/2
f 168/209/8 178/219/113 179/211/105 169/204/9
f 165/181/5 175/220/114 176/215/109 166/182/6
f 184/222/4 204/223/4 205/224/5 185/225/5
f 176/215/109 196/226/115 197/227/116 177/216/110
f 173/202/96 193/228/117 194/229/118 174/217/111
f 180/214/108 200/213/107 191/230/119 171/218/112
f 177/216/110 197/227/116 198/231/120 178/219/113
f 174/217/111 194/229/118 195/232/121 175/220/114
f 171/221/112 191/233/119 192/234/122 172/201/95
f 178/219/113 198/231/120 199/212/106 179/211/105
f 175/220/114 195/232/121 196/226/115 176/215/109
f 172/201/95 192/234/122 193/228/117 173/202/96
f 182/235/12 192/236/12 191/237/12 181/238/12
f 183/239/12 193/240/12 192/236/12 182/235/12
f 184/222/12 194/241/12 193/240/12 183/239/12
f 185/225/12 195/242/12 194/241/12 184/222/12
f 186/243/12 196/244/12 195/242/12 185/225/12
f 187/245/12 197/246/12 196/244/12 186/243/12
f 188/247/12 198/248/12 197/246/12 187/245/12
f 189/249/12 199/250/12 198/248/12 188/247/12
f 190/251/12 200/252/12 199/250/12 189/249/12
f 181/253/12 191/254/12 200/252/12 190/251/12
f 201/255/10 211/256/10 212/257/10 202/258/10
f 181/238/1 201/255/1 202/258/2 182/235/2
f 188/247/8 208/259/8 209/260/9 189/249/9
f 185/225/5 205/224/5 206/261/6 186/243/6
f 182/235/2 202/258/2 203/262/3 183/239/3
f 189/249/9 209/260/9 210/263/11 190/251/11
f 186/243/6 206/261/6 207/264/7 187/245/7
f 183/239/3 203/262/3 204/223/4 184/222/4
f 190/251/11 210/263/11 201/265/1 181/253/1
f 187/245/7 207/264/7 208/259/8 188/247/8
f 215/266/5 225/267/5 226/268/6 216/269/6
f 208/259/10 218/270/10 219/271/10 209/260/10
f 205/224/10 215/266/10 216/269/10 206/261/10
f 202/258/10 212/257/10 213/272/10 203/262/10
f 209/260/10 219/271/10 220/273/10 210/263/10
f 206/261/10 216/269/10 217/274/10 207/264/10
f 203/262/10 213/272/10 214/275/10 204/223/10
f 210/263/10 220/273/10 211/276/10 201/265/10
f 207/264/10 217/274/10 218/270/10 208/259/10
f 204/223/10 214/275/10 215/266/10 205/224/10
f 225/267/10 235/277/10 236/278/10 226/268/10
f 212/257/2 222/279/2 223/280/3 213/272/3
f 219/271/9 229/281/9 230/282/11 220/273/11
f 216/269/6 226/268/6 227/283/7 217/274/7
f 213/272/3 223/280/3 224/284/4 214/275/4
f 220/273/11 230/282/11 221/285/1 211/276/1
f 217/274/7 227/283/7 228/286/8 218/270/8
f 214/275/4 224/284/4 225/267/5 215/266/5
f 211/256/1 221/287/1 222/279/2 212/257/2
f 218/270/8 228/286/8 229/281/9 219/271/9
f 232/288/2 252/289/2 253/290/3 233/291/3
f 222/279/10 232/292/10 233/293/10 223/280/10
f 229/281/10 239/294/10 240/295/10 230/282/10
f 226/268/10 236/278/10 237/296/10 227/283/10
f 223/280/10 233/293/10 234/297/10 224/284/10
f 230/282/10 240/295/10 231/298/10 221/285/10
f 227/283/10 237/296/10 238/299/10 228/286/10
f 224/284/10 234/297/10 235/277/10 225/267/10
f 221/287/10 231/300/10 232/292/10 222/279/10
f 228/286/10 238/299/10 239/294/10 229/281/10
f 249/301/4 279/302/4 280/303/5 250/304/5
f 239/305/9 259/306/9 260/307/11 240/308/11
f 236/309/6 256/310/6 257/311/7 237/312/7
f 233/291/3 253/290/3 254/313/4 234/314/4
f 240/308/11 260/307/11 251/315/1 231/316/1
f 237/312/7 257/311/7 258/317/8 238/318/8
f 234/314/4 254/313/4 255/319/5 235/320/5
f 231/321/1 251/322/1 252/289/2 232/288/2
f 238/318/8 258/317/8 259/306/9 239/305/9
f 235/320/5 255/319/5 256/310/6 236/309/6
f 242/323/12 252/324/12 251/325/12 241/326/12
f 243/327/12 253/328/12 252/324/12 242/323/12
f 244/329/12 254/330/12 253/328/12 243/327/12
f 245/331/12 255/332/12 254/330/12 244/329/12
f 246/333/12 256/334/12 255/332/12 245/331/12
f 247/335/12 257/336/12 256/334/12 246/333/12
f 248/337/12 258/338/12 257/336/12 247/335/12
f 249/301/12 259/339/12 258/338/12 248/337/12
f 250/304/12 260/340/12 259/339/12 249/301/12
f 241/326/12 251/325/12 260/340/12 250/304/12
f 261/341/1 281/342/1 282/343/2 262/344/2
f 246/333/1 276/345/1 277/346/2 247/335/2
f 243/327/8 273/347/8 274/348/9 244/329/9
f 250/304/5 280/303/5 271/349/6 241/326/6
f 247/335/2 277/346/2 278/350/3 248/337/3
f 244/329/9 274/348/9 275/351/11 245/331/11
f 241/326/6 271/349/6 272/352/7 242/323/7
f 248/337/3 278/350/3 279/302/4 249/301/4
f 245/331/11 275/351/11 276/345/1 246/333/1
f 242/323/7 272/352/7 273/347/8 243/327/8
f 262/353/12 272/354/12 271/355/12 261/356/12
f 263/357/12 273/358/12 272/354/12 262/353/12
f 264/359/12 274/360/12 273/358/12 263/357/12
f 265/361/12 275/362/12 274/360/12 264/359/12
f 266/363/12 276/364/12 275/362/12 265/361/12
f 267/365/12 277/366/12 276/364/12 266/363/12
f 268/367/12 278/368/12 277/366/12 267/365/12
f 269/369/12 279/370/12 278/368/12 268/367/12
f 270/371/12 280/372/12 279/370/12 269/369/12
f 261/356/12 271/355/12 280/372/12 270/371/12
f 281/373/12 290/374/12 289/375/12 288/376/12 287/377/12 286/378/12 285/379/12 284/380/12 283/381/12 282/382/12
f 268/383/8 288/384/8 289/385/9 269/386/9
f 265/387/5 285/388/5 286/389/6 266/390/6
f 262/344/2 282/343/2 283/391/3 263/392/3
f 269/386/9 289/385/9 290/393/11 270/394/11
f 266/390/6 286/389/6 287/395/7 267/396/7
f 263/392/3 283/391/3 284/397/4 264/398/4
f 270/394/11 290/393/11 281/233/1 261/399/1
f 267/396/7 287/395/7 288/384/8 268/383/8
f 264/398/4 284/397/4 285/388/5 265/387/5
f 488/400/123 478/401/124 477/402/124 487/403/123
f 484/404/123 474/405/124 473/406/124 483/407/123
f 480/408/124 470/409/6 469/410/6 479/411/124
f 476/412/124 466/413/6 465/414/6 475/415/124
f 472/416/124 462/417/6 461/418/6 471/419/124
f 468/420/6 313/421/125 314/422/125 467/423/6
f 464/424/6 317/425/125 318/426/125 463/427/6
f 311/428/125 321/429/126 322/430/126 312/431/125
f 317/425/125 327/432/126 328/433/126 318/426/125
f 321/429/126 331/434/127 332/435/127 322/430/126
f 327/432/126 337/436/127 338/437/127 328/433/126
f 331/434/127 343/438/128 344/439/128 332/435/127
f 335/440/127 351/441/128 352/442/128 336/443/127
f 339/444/127 359/445/128 360/446/128 340/447/127
f 347/448/128 346/449/1 345/450/1 348/451/128
f 355/452/128 354/453/1 353/454/1 356/455/128
f 368/456/129 453/457/129 348/451/129 345/450/129
f 386/458/130 396/459/130 486/460/130 496/461/130
f 431/462/129 421/463/129 312/431/129 322/430/129
f 422/464/130 432/465/130 321/429/130 311/428/130
f 366/466/129 455/467/129 352/442/129 349/468/129
f 342/469/1 510/470/131 509/471/131 341/472/1
f 350/473/1 506/474/131 505/475/131 349/468/1
f 358/476/1 502/477/131 501/478/131 357/479/1
f 510/470/131 500/480/132 499/481/132 509/471/131
f 508/482/131 498/483/132 497/484/132 507/485/131
f 506/474/131 496/461/132 495/486/132 505/475/131
f 504/487/131 494/488/132 493/489/132 503/490/131
f 502/477/131 492/491/132 491/492/132 501/478/131
f 500/480/132 490/493/123 489/494/123 499/481/132
f 498/483/132 488/495/123 487/496/123 497/484/132
f 496/461/132 486/460/123 485/497/123 495/486/132
f 494/488/132 484/498/123 483/499/123 493/489/132
f 492/491/132 482/500/123 481/501/123 491/492/132
f 490/502/123 480/408/124 479/411/124 489/503/123
f 486/504/123 476/412/124 475/415/124 485/505/123
f 482/506/123 472/416/124 471/419/124 481/507/123
f 478/401/124 468/420/6 467/423/6 477/402/124
f 474/405/124 464/424/6 463/427/6 473/406/124
f 470/409/6 311/428/125 312/431/125 469/410/6
f 466/413/6 315/508/125 316/509/125 465/414/6
f 462/417/6 319/510/125 320/511/125 461/418/6
f 313/421/125 323/512/126 324/513/126 314/422/125
f 315/508/125 325/514/126 326/515/126 316/509/125
f 319/510/125 329/516/126 330/517/126 320/511/125
f 323/512/126 333/518/127 334/519/127 324/513/126
f 325/514/126 335/440/127 336/443/127 326/515/126
f 329/516/126 339/444/127 340/447/127 330/517/126
f 333/518/127 347/448/128 348/451/128 334/519/127
f 337/436/127 355/452/128 356/455/128 338/437/127
f 343/438/128 342/469/1 341/472/1 344/439/128
f 351/441/128 350/473/1 349/468/1 352/442/128
f 359/445/128 358/476/1 357/479/1 360/446/128
f 420/520/130 430/521/130 319/510/130 462/417/130
f 454/522/130 367/523/130 346/449/130 347/448/130
f 397/524/129 387/525/129 493/489/129 483/499/129
f 388/526/130 398/527/130 484/498/130 494/488/130
f 433/528/129 423/529/129 314/422/129 324/513/129
f 346/449/1 508/482/131 507/485/131 345/450/1
f 354/453/1 504/487/131 503/490/131 353/454/1
f 399/530/129 389/531/129 491/492/129 481/501/129
f 456/532/130 365/533/130 350/473/130 351/441/130
f 424/534/130 434/535/130 323/512/130 313/421/130
f 390/536/130 400/537/130 482/500/130 492/491/130
f 364/538/129 457/539/129 356/455/129 353/454/129
f 435/540/129 425/541/129 316/509/129 326/515/129
f 401/542/129 391/543/129 489/503/129 479/411/129
f 426/544/130 436/545/130 325/514/130 315/508/130
f 392/546/130 402/547/130 480/408/130 490/502/130
f 458/548/130 363/549/130 354/453/130 355/452/130
f 437/550/129 427/551/129 318/426/129 328/433/129
f 403/552/129 393/553/129 487/403/129 477/402/129
f 362/554/129 459/555/129 360/446/129 357/479/129
f 428/556/130 438/557/130 327/432/130 317/425/130
f 394/558/130 404/559/130 478/401/130 488/400/130
f 460/560/130 361/561/130 358/476/130 359/445/130
f 439/562/129 429/563/129 320/511/129 330/517/129
f 405/564/129 395/565/129 485/505/129 475/415/129
f 430/521/130 440/566/130 329/516/130 319/510/130
f 396/567/130 406/568/130 476/412/130 486/504/130
f 441/569/129 431/462/129 322/430/129 332/435/129
f 407/570/129 397/571/129 483/407/129 473/406/129
f 432/465/130 442/572/130 331/434/130 321/429/130
f 398/573/130 408/574/130 474/405/130 484/404/130
f 371/575/129 370/576/129 341/472/129 509/471/129
f 443/577/129 433/528/129 324/513/129 334/519/129
f 409/578/129 399/579/129 481/507/129 471/419/129
f 369/580/130 372/581/130 510/470/130 342/469/130
f 434/535/130 444/582/130 333/518/130 323/512/130
f 400/583/130 410/584/130 472/416/130 482/506/130
f 373/585/129 368/456/129 345/450/129 507/485/129
f 367/523/130 374/586/130 508/482/130 346/449/130
f 445/587/129 435/540/129 326/515/129 336/443/129
f 411/588/129 401/542/129 479/411/129 469/410/129
f 375/589/129 366/466/129 349/468/129 505/475/129
f 436/545/130 446/590/130 335/440/130 325/514/130
f 402/547/130 412/591/130 470/409/130 480/408/130
f 365/533/130 376/592/130 506/474/130 350/473/130
f 377/593/129 364/538/129 353/454/129 503/490/129
f 447/594/129 437/550/129 328/433/129 338/437/129
f 413/595/129 403/552/129 477/402/129 467/423/129
f 363/549/130 378/596/130 504/487/130 354/453/130
f 438/557/130 448/597/130 337/436/130 327/432/130
f 404/559/130 414/598/130 468/420/130 478/401/130
f 379/599/129 362/554/129 357/479/129 501/478/129
f 361/561/130 380/600/130 502/477/130 358/476/130
f 449/601/129 439/562/129 330/517/129 340/447/129
f 415/602/129 405/564/129 475/415/129 465/414/129
f 381/603/129 371/575/129 509/471/129 499/481/129
f 440/566/130 450/604/130 339/444/130 329/516/130
f 511/605/1 362/554/1 379/599/131 512/606/131
f 529/607/128 459/555/128 362/554/1 511/605/1
f 361/561/1 364/538/1 377/593/131 380/600/131
f 460/560/128 457/539/128 364/538/1 361/561/1
f 363/549/1 366/466/1 375/589/131 378/596/131
f 458/548/128 455/467/128 366/466/1 363/549/1
f 365/533/1 368/456/1 373/585/131 376/592/131
f 456/532/128 453/457/128 368/456/1 365/533/1
f 367/523/1 370/576/1 371/575/131 374/586/131
f 454/522/128 451/608/128 370/576/1 367/523/1
f 452/609/128 530/610/128 514/611/1 369/580/1
f 369/580/1 514/611/1 513/612/131 372/581/131
f 372/581/131 513/612/131 516/613/132 382/614/132
f 374/586/131 371/575/131 381/603/132 384/615/132
f 376/592/131 373/585/131 383/616/132 386/458/132
f 378/596/131 375/589/131 385/617/132 388/526/132
f 380/600/131 377/593/131 387/525/132 390/536/132
f 512/606/131 379/599/131 389/531/132 515/618/132
f 382/614/132 516/613/132 518/619/123 392/620/123
f 384/615/132 381/603/132 391/621/123 394/622/123
f 386/458/132 383/616/132 393/623/123 396/459/123
f 388/526/132 385/617/132 395/624/123 398/527/123
f 390/536/132 387/525/132 397/524/123 400/537/123
f 515/618/132 389/531/132 399/530/123 517/625/123
f 392/546/123 518/626/123 520/627/124 402/547/124
f 394/558/123 391/543/123 401/542/124 404/559/124
f 396/567/123 393/553/123 403/552/124 406/568/124
f 398/573/123 395/565/123 405/564/124 408/574/124
f 400/583/123 397/571/123 407/570/124 410/584/124
f 517/628/123 399/579/123 409/578/124 519/629/124
f 402/547/124 520/627/124 522/630/6 412/591/6
f 404/559/124 401/542/124 411/588/6 414/598/6
f 406/568/124 403/552/124 413/595/6 416/631/6
f 408/574/124 405/564/124 415/602/6 418/632/6
f 410/584/124 407/570/124 417/633/6 420/520/6
f 519/629/124 409/578/124 419/634/6 521/635/6
f 412/591/6 522/630/6 524/636/125 422/464/125
f 414/598/6 411/588/6 421/463/125 424/534/125
f 416/631/6 413/595/6 423/529/125 426/544/125
f 418/632/6 415/602/6 425/541/125 428/556/125
f 420/520/6 417/633/6 427/551/125 430/521/125
f 521/635/6 419/634/6 429/563/125 523/637/125
f 422/464/125 524/636/125 526/638/126 432/465/126
f 424/534/125 421/463/125 431/462/126 434/535/126
f 426/544/125 423/529/125 433/528/126 436/545/126
f 428/556/125 425/541/125 435/540/126 438/557/126
f 430/521/125 427/551/125 437/550/126 440/566/126
f 523/637/125 429/563/125 439/562/126 525/639/126
f 432/465/126 526/638/126 528/640/127 442/572/127
f 434/535/126 431/462/126 441/569/127 444/582/127
f 436/545/126 433/528/126 443/577/127 446/590/127
f 438/557/126 435/540/126 445/587/127 448/597/127
f 440/566/126 437/550/126 447/594/127 450/604/127
f 525/639/126 439/562/126 449/601/127 527/641/127
f 442/572/127 528/640/127 530/610/128 452/609/128
f 444/582/127 441/569/127 451/608/128 454/522/128
f 446/590/127 443/577/127 453/457/128 456/532/128
f 448/597/127 445/587/127 455/467/128 458/548/128
f 450/604/127 447/594/127 457/539/128 460/560/128
f 527/641/127 449/601/127 459/555/128 529/607/128
f 395/624/129 385/617/129 495/486/129 485/497/129
f 429/563/129 419/634/129 461/418/129 320/511/129
f 452/609/130 369/580/130 342/469/130 343/438/130
f 384/615/130 394/622/130 488/495/130 498/483/130
f 418/632/130 428/556/130 317/425/130 464/424/130
f 393/623/129 383/616/129 497/484/129 487/496/129
f 427/551/129 417/633/129 463/427/129 318/426/129
f 370/576/129 451/608/129 344/439/129 341/472/129
f 382/614/130 392/620/130 490/493/130 500/480/130
f 416/631/130 426/544/130 315/508/130 466/413/130
f 450/604/130 460/560/130 359/445/130 339/444/130
f 391/621/129 381/603/129 499/481/129 489/494/129
f 425/541/129 415/602/129 465/414/129 316/509/129
f 459/555/129 449/601/129 340/447/129 360/446/129
f 380/600/130 390/536/130 492/491/130 502/477/130
f 414/598/130 424/534/130 313/421/130 468/420/130
f 448/597/130 458/548/130 355/452/130 337/436/130
f 389/531/129 379/599/129 501/478/129 491/492/129
f 423/529/129 413/595/129 467/423/129 314/422/129
f 457/539/129 447/594/129 338/437/129 356/455/129
f 378/596/130 388/526/130 494/488/130 504/487/130
f 412/591/130 422/464/130 311/428/130 470/409/130
f 446/590/130 456/532/130 351/441/130 335/440/130
f 387/525/129 377/593/129 503/490/129 493/489/129
f 421/463/129 411/588/129 469/410/129 312/431/129
f 455/467/129 445/587/129 336/443/129 352/442/129
f 376/592/130 386/458/130 496/461/130 506/474/130
f 410/584/130 420/520/130 462/417/130 472/416/130
f 444/582/130 454/522/130 347/448/130 333/518/130
f 385/617/129 375/589/129 505/475/129 495/486/129
f 419/634/129 409/578/129 471/419/129 461/418/129
f 453/457/129 443/577/129 334/519/129 348/451/129
f 374/586/130 384/615/130 498/483/130 508/482/130
f 408/574/130 418/632/130 464/424/130 474/405/130
f 442/572/130 452/609/130 343/438/130 331/434/130
f 383/616/129 373/585/129 507/485/129 497/484/129
f 417/633/129 407/570/129 473/406/129 463/427/129
f 451/608/129 441/569/129 332/435/129 344/439/129
f 372/581/130 382/614/130 500/480/130 510/470/130
f 406/568/130 416/631/130 466/413/130 476/412/130
f 293/642/129 291/643/129 511/605/129 512/606/129
f 292/644/130 294/645/130 513/612/130 514/611/130
f 295/646/129 293/642/129 512/606/129 515/618/129
f 294/645/130 296/647/130 516/613/130 513/612/130
f 297/648/129 295/646/129 515/618/129 517/625/129
f 296/647/130 298/649/130 518/619/130 516/613/130
f 299/650/129 297/651/129 517/628/129 519/629/129
f 298/652/130 300/653/130 520/627/130 518/626/130
f 301/654/129 299/650/129 519/629/129 521/635/129
f 300/653/130 302/655/130 522/630/130 520/627/130
f 303/656/129 301/654/129 521/635/129 523/637/129
f 302/655/130 304/657/130 524/636/130 522/630/130
f 305/658/129 303/656/129 523/637/129 525/639/129
f 304/657/130 306/659/130 526/638/130 524/636/130
f 307/660/129 305/658/129 525/639/129 527/641/129
f 306/659/130 308/661/130 528/640/130 526/638/130
f 309/662/129 307/660/129 527/641/129 529/607/129
f 308/661/130 310/663/130 530/610/130 528/640/130
f 291/643/129 309/662/129 529/607/129 511/605/129
f 310/663/130 292/644/130 514/611/130 530/610/130
f 540/664/124 538/665/123 618/666/123 620/667/124
f 545/668/126 547/669/127 627/670/127 625/671/126
f 563/672/125 565/673/126 645/674/126 643/675/125
f 554/676/1 570/677/128 650/678/128 634/679/1
f 531/680/1 532/681/131 612/682/131 611/683/1
f 548/684/127 546/685/126 626/686/126 628/687/127
f 539/688/124 541/689/6 621/690/6 619/691/124
f 533/692/131 534/693/1 614/694/1 613/695/131
f 547/669/127 549/696/128 629/697/128 627/670/127
f 542/698/6 540/664/124 620/667/124 622/699/6
f 532/681/131 535/700/132 615/701/132 612/682/131
f 550/702/128 548/684/127 628/687/127 630/703/128
f 541/689/6 543/704/125 623/705/125 621/690/6
f 536/706/132 533/692/131 613/695/131 616/707/132
f 549/696/128 531/680/1 611/683/1 629/697/128
f 544/708/125 542/698/6 622/699/6 624/709/125
f 535/700/132 537/710/123 617/711/123 615/701/132
f 534/693/1 550/702/128 630/703/128 614/694/1
f 543/704/125 545/668/126 625/671/126 623/705/125
f 538/712/123 536/706/132 616/707/132 618/713/123
f 546/685/126 544/708/125 624/709/125 626/686/126
f 537/714/123 539/688/124 619/691/124 617/715/123
f 572/716/133 573/717/134 574/718/134 571/719/133
f 576/720/135 577/721/136 578/722/136 575/723/135
f 573/717/134 579/724/137 580/725/137 574/718/134
f 582/726/138 576/720/135 575/723/135 581/727/138
f 579/724/137 583/728/139 584/729/139 580/725/137
f 586/730/140 582/726/138 581/727/138 585/731/140
f 583/732/139 587/733/141 588/734/141 584/735/139
f 590/736/142 586/737/140 585/738/140 589/739/142
f 587/733/141 591/740/143 592/741/143 588/734/141
f 594/742/144 590/736/142 589/739/142 593/743/144
f 591/740/143 595/744/145 596/745/145 592/741/143
f 598/746/146 594/742/144 593/743/144 597/747/146
f 595/744/145 599/748/147 600/749/147 596/745/145
f 602/750/148 598/746/146 597/747/146 601/751/148
f 599/748/147 603/752/149 604/753/149 600/749/147
f 606/754/150 602/750/148 601/751/148 605/755/150
f 603/752/149 607/756/151 608/757/151 604/753/149
f 610/758/152 606/754/150 605/755/150 609/759/152
f 607/756/151 572/716/133 571/719/133 608/757/151
f 577/721/136 610/758/152 609/759/152 578/722/136
f 532/681/129 531/680/129 571/719/129 574/718/129
f 309/760/128 291/761/1 572/716/1 607/756/128
f 291/761/1 293/762/131 573/717/131 572/716/1
f 531/680/129 549/696/129 608/757/129 571/719/129
f 535/700/129 532/681/129 574/718/129 580/725/129
f 293/762/131 295/763/132 579/724/132 573/717/131
f 534/693/130 533/692/130 575/723/130 578/722/130
f 296/764/132 294/765/131 576/720/131 582/726/132
f 294/765/131 292/766/1 577/721/1 576/720/131
f 533/692/130 536/706/130 581/727/130 575/723/130
f 550/702/130 534/693/130 578/722/130 609/759/130
f 292/766/1 310/767/128 610/758/128 577/721/1
f 537/710/129 535/700/129 580/725/129 584/729/129
f 295/763/132 297/768/123 583/728/123 579/724/132
f 298/769/123 296/764/132 582/726/132 586/730/123
f 536/706/130 538/712/130 585/731/130 581/727/130
f 539/688/129 537/714/129 584/735/129 588/734/129
f 297/770/123 299/771/124 587/733/124 583/732/123
f 300/772/124 298/298/123 586/737/123 590/736/124
f 538/665/130 540/664/130 589/739/130 585/738/130
f 541/689/129 539/688/129 588/734/129 592/741/129
f 299/771/124 301/773/6 591/740/6 587/733/124
f 302/774/6 300/772/124 590/736/124 594/742/6
f 540/664/130 542/698/130 593/743/130 589/739/130
f 543/704/129 541/689/129 592/741/129 596/745/129
f 301/773/6 303/775/125 595/744/125 591/740/6
f 304/776/125 302/774/6 594/742/6 598/746/125
f 542/698/130 544/708/130 597/747/130 593/743/130
f 545/668/129 543/704/129 596/745/129 600/749/129
f 303/775/125 305/777/126 599/748/126 595/744/125
f 306/778/126 304/776/125 598/746/125 602/750/126
f 544/708/130 546/685/130 601/751/130 597/747/130
f 547/669/129 545/668/129 600/749/129 604/753/129
f 305/777/126 307/779/127 603/752/127 599/748/126
f 308/780/127 306/778/126 602/750/126 606/754/127
f 546/685/130 548/684/130 605/755/130 601/751/130
f 549/696/129 547/669/129 604/753/129 608/757/129
f 307/779/127 309/760/128 607/756/128 603/752/127
f 310/767/128 308/780/127 606/754/127 610/758/128
f 548/684/130 550/702/130 609/759/130 605/755/130
f 552/781/129 551/782/129 611/683/129 612/682/129
f 554/676/130 553/783/130 613/695/130 614/694/130
f 555/784/129 552/781/129 612/682/129 615/701/129
f 553/783/130 556/785/130 616/707/130 613/695/130
f 557/786/129 555/784/129 615/701/129 617/711/129
f 556/785/130 558/787/130 618/713/130 616/707/130
f 559/788/129 557/789/129 617/715/129 619/691/129
f 558/790/130 560/791/130 620/667/130 618/666/130
f 561/792/129 559/788/129 619/691/129 621/690/129
f 560/791/130 562/793/130 622/699/130 620/667/130
f 563/672/129 561/792/129 621/690/129 623/705/129
f 562/793/130 564/794/130 624/709/130 622/699/130
f 565/673/129 563/672/129 623/705/129 625/671/129
f 564/794/130 566/795/130 626/686/130 624/709/130
f 567/796/129 565/673/129 625/671/129 627/670/129
f 566/795/130 568/797/130 628/687/130 626/686/130
f 569/798/129 567/796/129 627/670/129 629/697/129
f 568/797/130 570/677/130 630/703/130 628/687/130
f 551/782/129 569/798/129 629/697/129 611/683/129
f 570/677/130 554/676/130 614/694/130 630/703/130
f 650/678/129 648/799/129 668/800/129 670/801/129
f 632/802/130 635/803/130 655/804/130 652/805/130
f 558/787/123 556/785/132 636/806/132 638/807/123
f 566/795/126 564/794/125 644/808/125 646/809/126
f 557/789/123 559/788/124 639/810/124 637/811/123
f 565/673/126 567/796/127 647/812/127 645/674/126
f 560/791/124 558/790/123 638/813/123 640/814/124
f 551/782/1 552/781/131 632/802/131 631/815/1
f 568/797/127 566/795/126 646/809/126 648/799/127
f 559/788/124 561/792/6 641/816/6 639/810/124
f 553/783/131 554/676/1 634/679/1 633/817/131
f 567/796/127 569/798/128 649/818/128 647/812/127
f 562/793/6 560/791/124 640/814/124 642/819/6
f 552/781/131 555/784/132 635/803/132 632/802/131
f 570/677/128 568/797/127 648/799/127 650/678/128
f 561/792/6 563/672/125 643/675/125 641/816/6
f 556/785/132 553/783/131 633/817/131 636/806/132
f 569/798/128 551/782/1 631/815/1 649/818/128
f 564/794/125 562/793/6 642/819/6 644/808/125
f 555/784/132 557/786/123 637/820/123 635/803/132
f 660/821/124 658/822/123 698/823/123 700/824/124
f 665/825/126 667/826/127 707/827/127 705/828/126
f 641/816/130 643/675/130 663/829/130 661/830/130
f 636/806/129 633/817/129 653/831/129 656/832/129
f 649/818/130 631/815/130 651/833/130 669/834/130
f 644/808/129 642/819/129 662/835/129 664/836/129
f 635/803/130 637/820/130 657/837/130 655/804/130
f 634/679/129 650/678/129 670/801/129 654/838/129
f 643/675/130 645/674/130 665/825/130 663/829/130
f 638/807/129 636/806/129 656/832/129 658/839/129
f 646/809/129 644/808/129 664/836/129 666/840/129
f 637/811/130 639/810/130 659/841/130 657/842/130
f 645/674/130 647/812/130 667/826/130 665/825/130
f 640/814/129 638/813/129 658/822/129 660/821/129
f 631/815/130 632/802/130 652/805/130 651/833/130
f 648/799/129 646/809/129 666/840/129 668/800/129
f 639/810/130 641/816/130 661/830/130 659/841/130
f 633/817/129 634/679/129 654/838/129 653/831/129
f 647/812/130 649/818/130 669/834/130 667/826/130
f 642/819/129 640/814/129 660/821/129 662/835/129
f 672/843/131 675/844/132 715/845/132 712/846/131
f 682/847/6 680/848/124 720/849/124 722/850/6
f 651/833/1 652/805/131 692/851/131 691/852/1
f 668/800/127 666/840/126 706/853/126 708/854/127
f 659/841/124 661/830/6 701/855/6 699/856/124
f 653/831/131 654/838/1 694/857/1 693/858/131
f 667/826/127 669/834/128 709/859/128 707/827/127
f 662/835/6 660/821/124 700/824/124 702/860/6
f 652/805/131 655/804/132 695/861/132 692/851/131
f 670/801/128 668/800/127 708/854/127 710/862/128
f 661/830/6 663/829/125 703/863/125 701/855/6
f 656/832/132 653/831/131 693/858/131 696/864/132
f 669/834/128 651/833/1 691/852/1 709/859/128
f 664/836/125 662/835/6 702/860/6 704/865/125
f 655/804/132 657/837/123 697/866/123 695/861/132
f 654/838/1 670/801/128 710/862/128 694/857/1
f 663/829/125 665/825/126 705/828/126 703/863/125
f 658/839/123 656/832/132 696/864/132 698/867/123
f 666/840/126 664/836/125 704/865/125 706/853/126
f 657/842/123 659/841/124 699/856/124 697/868/123
f 672/843/129 671/869/129 691/852/129 692/851/129
f 674/870/130 673/871/130 693/858/130 694/857/130
f 675/844/129 672/843/129 692/851/129 695/861/129
f 673/871/130 676/872/130 696/864/130 693/858/130
f 677/873/129 675/844/129 695/861/129 697/866/129
f 676/872/130 678/874/130 698/867/130 696/864/130
f 679/875/129 677/876/129 697/868/129 699/856/129
f 678/877/130 680/848/130 700/824/130 698/823/130
f 681/878/129 679/875/129 699/856/129 701/855/129
f 680/848/130 682/847/130 702/860/130 700/824/130
f 683/879/129 681/878/129 701/855/129 703/863/129
f 682/847/130 684/880/130 704/865/130 702/860/130
f 685/881/129 683/879/129 703/863/129 705/828/129
f 684/880/130 686/882/130 706/853/130 704/865/130
f 687/883/129 685/881/129 705/828/129 707/827/129
f 686/882/130 688/884/130 708/854/130 706/853/130
f 689/885/129 687/883/129 707/827/129 709/859/129
f 688/884/130 690/886/130 710/862/130 708/854/130
f 671/869/129 689/885/129 709/859/129 691/852/129
f 690/886/130 674/870/130 694/857/130 710/862/130
f 713/887/130 714/888/130 730/889/130 728/890/130 726/891/130 724/892/130 722/893/130 720/894/130 718/895/130 716/896/130
f 711/897/129 712/898/129 715/899/129 717/900/129 719/901/129 721/902/129 723/889/129 725/903/129 727/904/129 729/905/129
f 690/886/128 688/884/127 728/906/127 730/907/128
f 681/878/6 683/879/125 723/908/125 721/909/6
f 676/872/132 673/871/131 713/910/131 716/911/132
f 689/885/128 671/869/1 711/912/1 729/913/128
f 684/880/125 682/847/6 722/850/6 724/914/125
f 675/844/132 677/873/123 717/915/123 715/845/132
f 674/870/1 690/886/128 730/907/128 714/916/1
f 683/879/125 685/881/126 725/917/126 723/908/125
f 678/874/123 676/872/132 716/911/132 718/918/123
f 686/882/126 684/880/125 724/914/125 726/919/126
f 677/876/123 679/875/124 719/920/124 717/769/123
f 685/881/126 687/883/127 727/921/127 725/917/126
f 680/848/124 678/877/123 718/922/123 720/849/124
f 671/869/1 672/843/131 712/846/131 711/912/1
f 688/884/127 686/882/126 726/919/126 728/906/127
f 679/875/124 681/878/6 721/909/6 719/920/124
f 673/871/131 674/870/1 714/916/1 713/910/131
f 687/883/127 689/885/128 729/913/128 727/921/127
f 928/923/123 918/924/124 917/925/124 927/926/123
f 924/927/123 914/928/124 913/929/124 923/930/123
f 920/931/124 910/932/6 909/933/6 919/934/124
f 916/935/124 906/936/6 905/937/6 915/938/124
f 912/939/124 902/940/6 901/941/6 911/942/124
f 908/943/6 753/944/125 754/945/125 907/946/6
f 904/947/6 757/948/125 758/949/125 903/950/6
f 751/951/125 761/952/126 762/953/126 752/954/125
f 757/948/125 767/955/126 768/956/126 758/949/125
f 761/952/126 771/957/127 772/958/127 762/953/126
f 767/955/126 777/959/127 778/960/127 768/956/126
f 771/957/127 783/961/128 784/962/128 772/958/127
f 775/963/127 791/964/128 792/965/128 776/966/127
f 779/967/127 799/968/128 800/969/128 780/970/127
f 787/971/128 786/972/1 785/973/1 788/974/128
f 795/975/128 794/976/1 793/977/1 796/978/128
f 808/979/129 893/980/129 788/974/129 785/973/129
f 826/981/130 836/982/130 926/983/130 936/984/130
f 871/985/129 861/986/129 752/954/129 762/953/129
f 862/987/130 872/988/130 761/952/130 751/951/130
f 806/989/129 895/990/129 792/965/129 789/991/129
f 782/992/1 950/993/131 949/994/131 781/995/1
f 790/996/1 946/997/131 945/998/131 789/991/1
f 798/999/1 942/1000/131 941/1001/131 797/1002/1
f 950/993/131 940/1003/132 939/1004/132 949/994/131
f 948/1005/131 938/1006/132 937/1007/132 947/1008/131
f 946/997/131 936/984/132 935/1009/132 945/998/131
f 944/1010/131 934/1011/132 933/1012/132 943/1013/131
f 942/1000/131 932/1014/132 931/1015/132 941/1001/131
f 940/1003/132 930/1016/123 929/1017/123 939/1004/132
f 938/1006/132 928/1018/123 927/1019/123 937/1007/132
f 936/984/132 926/983/123 925/1020/123 935/1009/132
f 934/1011/132 924/1021/123 923/1022/123 933/1012/132
f 932/1014/132 922/1023/123 921/1024/123 931/1015/132
f 930/1025/123 920/931/124 919/934/124 929/1026/123
f 926/1027/123 916/935/124 915/938/124 925/1028/123
f 922/1029/123 912/939/124 911/942/124 921/1030/123
f 918/924/124 908/943/6 907/946/6 917/925/124
f 914/928/124 904/947/6 903/950/6 913/929/124
f 910/932/6 751/951/125 752/954/125 909/933/6
f 906/936/6 755/1031/125 756/1032/125 905/937/6
f 902/940/6 759/1033/125 760/1034/125 901/941/6
f 753/944/125 763/1035/126 764/1036/126 754/945/125
f 755/1031/125 765/1037/126 766/1038/126 756/1032/125
f 759/1033/125 769/1039/126 770/1040/126 760/1034/125
f 763/1035/126 773/1041/127 774/1042/127 764/1036/126
f 765/1037/126 775/963/127 776/966/127 766/1038/126
f 769/1039/126 779/967/127 780/970/127 770/1040/126
f 773/1041/127 787/971/128 788/974/128 774/1042/127
f 777/959/127 795/975/128 796/978/128 778/960/127
f 783/961/128 782/992/1 781/995/1 784/962/128
f 791/964/128 790/996/1 789/991/1 792/965/128
f 799/968/128 798/999/1 797/1002/1 800/969/128
f 860/1043/130 870/1044/130 759/1033/130 902/940/130
f 894/1045/130 807/1046/130 786/972/130 787/971/130
f 837/1047/129 827/1048/129 933/1012/129 923/1022/129
f 828/1049/130 838/1050/130 924/1021/130 934/1011/130
f 873/1051/129 863/1052/129 754/945/129 764/1036/129
f 786/972/1 948/1005/131 947/1008/131 785/973/1
f 794/976/1 944/1010/131 943/1013/131 793/977/1
f 839/1053/129 829/1054/129 931/1015/129 921/1024/129
f 896/1055/130 805/1056/130 790/996/130 791/964/130
f 864/1057/130 874/1058/130 763/1035/130 753/944/130
f 830/1059/130 840/1060/130 922/1023/130 932/1014/130
f 804/1061/129 897/1062/129 796/978/129 793/977/129
f 875/1063/129 865/1064/129 756/1032/129 766/1038/129
f 841/1065/129 831/1066/129 929/1026/129 919/934/129
f 866/1067/130 876/1068/130 765/1037/130 755/1031/130
f 832/1069/130 842/1070/130 920/931/130 930/1025/130
f 898/1071/130 803/1072/130 794/976/130 795/975/130
f 877/1073/129 867/1074/129 758/949/129 768/956/129
f 843/1075/129 833/1076/129 927/926/129 917/925/129
f 802/1077/129 899/1078/129 800/969/129 797/1002/129
f 868/1079/130 878/1080/130 767/955/130 757/948/130
f 834/1081/130 844/1082/130 918/924/130 928/923/130
f 900/1083/130 801/1084/130 798/999/130 799/968/130
f 879/1085/129 869/1086/129 760/1034/129 770/1040/129
f 845/1087/129 835/1088/129 925/1028/129 915/938/129
f 870/1044/130 880/1089/130 769/1039/130 759/1033/130
f 836/1090/130 846/1091/130 916/935/130 926/1027/130
f 881/1092/129 871/985/129 762/953/129 772/958/129
f 847/1093/129 837/1094/129 923/930/129 913/929/129
f 872/988/130 882/1095/130 771/957/130 761/952/130
f 838/1096/130 848/1097/130 914/928/130 924/927/130
f 811/1098/129 810/1099/129 781/995/129 949/994/129
f 883/1100/129 873/1051/129 764/1036/129 774/1042/129
f 849/1101/129 839/1102/129 921/1030/129 911/942/129
f 809/1103/130 812/1104/130 950/993/130 782/992/130
f 874/1058/130 884/1105/130 773/1041/130 763/1035/130
f 840/1106/130 850/1107/130 912/939/130 922/1029/130
f 813/1108/129 808/979/129 785/973/129 947/1008/129
f 807/1046/130 814/1109/130 948/1005/130 786/972/130
f 885/1110/129 875/1063/129 766/1038/129 776/966/129
f 851/1111/129 841/1065/129 919/934/129 909/933/129
f 815/1112/129 806/989/129 789/991/129 945/998/129
f 876/1068/130 886/1113/130 775/963/130 765/1037/130
f 842/1070/130 852/1114/130 910/932/130 920/931/130
f 805/1056/130 816/1115/130 946/997/130 790/996/130
f 817/1116/129 804/1061/129 793/977/129 943/1013/129
f 887/1117/129 877/1073/129 768/956/129 778/960/129
f 853/1118/129 843/1075/129 917/925/129 907/946/129
f 803/1072/130 818/1119/130 944/1010/130 794/976/130
f 878/1080/130 888/1120/130 777/959/130 767/955/130
f 844/1082/130 854/1121/130 908/943/130 918/924/130
f 819/1122/129 802/1077/129 797/1002/129 941/1001/129
f 801/1084/130 820/1123/130 942/1000/130 798/999/130
f 889/1124/129 879/1085/129 770/1040/129 780/970/129
f 855/1125/129 845/1087/129 915/938/129 905/937/129
f 821/1126/129 811/1098/129 949/994/129 939/1004/129
f 880/1089/130 890/1127/130 779/967/130 769/1039/130
f 951/1128/1 802/1077/1 819/1122/131 952/1129/131
f 969/1130/128 899/1078/128 802/1077/1 951/1128/1
f 801/1084/1 804/1061/1 817/1116/131 820/1123/131
f 900/1083/128 897/1062/128 804/1061/1 801/1084/1
f 803/1072/1 806/989/1 815/1112/131 818/1119/131
f 898/1071/128 895/990/128 806/989/1 803/1072/1
f 805/1056/1 808/979/1 813/1108/131 816/1115/131
f 896/1055/128 893/980/128 808/979/1 805/1056/1
f 807/1046/1 810/1099/1 811/1098/131 814/1109/131
f 894/1045/128 891/1131/128 810/1099/1 807/1046/1
f 892/1132/128 970/1133/128 954/1134/1 809/1103/1
f 809/1103/1 954/1134/1 953/1135/131 812/1104/131
f 812/1104/131 953/1135/131 956/1136/132 822/1137/132
f 814/1109/131 811/1098/131 821/1126/132 824/1138/132
f 816/1115/131 813/1108/131 823/1139/132 826/981/132
f 818/1119/131 815/1112/131 825/1140/132 828/1049/132
f 820/1123/131 817/1116/131 827/1048/132 830/1059/132
f 952/1129/131 819/1122/131 829/1054/132 955/1141/132
f 822/1137/132 956/1136/132 958/626/123 832/1142/123
f 824/1138/132 821/1126/132 831/1143/123 834/1144/123
f 826/981/132 823/1139/132 833/1145/123 836/982/123
f 828/1049/132 825/1140/132 835/1146/123 838/1050/123
f 830/1059/132 827/1048/132 837/1047/123 840/1060/123
f 955/1141/132 829/1054/132 839/1053/123 957/1147/123
f 832/1069/123 958/1148/123 960/1149/124 842/1070/124
f 834/1081/123 831/1066/123 841/1065/124 844/1082/124
f 836/1090/123 833/1076/123 843/1075/124 846/1091/124
f 838/1096/123 835/1088/123 845/1087/124 848/1097/124
f 840/1106/123 837/1094/123 847/1093/124 850/1107/124
f 957/1150/123 839/1102/123 849/1101/124 959/1151/124
f 842/1070/124 960/1149/124 962/1152/6 852/1114/6
f 844/1082/124 841/1065/124 851/1111/6 854/1121/6
f 846/1091/124 843/1075/124 853/1118/6 856/1153/6
f 848/1097/124 845/1087/124 855/1125/6 858/1154/6
f 850/1107/124 847/1093/124 857/1155/6 860/1043/6
f 959/1151/124 849/1101/124 859/1156/6 961/1157/6
f 852/1114/6 962/1152/6 964/1158/125 862/987/125
f 854/1121/6 851/1111/6 861/986/125 864/1057/125
f 856/1153/6 853/1118/6 863/1052/125 866/1067/125
f 858/1154/6 855/1125/6 865/1064/125 868/1079/125
f 860/1043/6 857/1155/6 867/1074/125 870/1044/125
f 961/1157/6 859/1156/6 869/1086/125 963/1159/125
f 862/987/125 964/1158/125 966/1160/126 872/988/126
f 864/1057/125 861/986/125 871/985/126 874/1058/126
f 866/1067/125 863/1052/125 873/1051/126 876/1068/126
f 868/1079/125 865/1064/125 875/1063/126 878/1080/126
f 870/1044/125 867/1074/125 877/1073/126 880/1089/126
f 963/1159/125 869/1086/125 879/1085/126 965/1161/126
f 872/988/126 966/1160/126 968/1162/127 882/1095/127
f 874/1058/126 871/985/126 881/1092/127 884/1105/127
f 876/1068/126 873/1051/126 883/1100/127 886/1113/127
f 878/1080/126 875/1063/126 885/1110/127 888/1120/127
f 880/1089/126 877/1073/126 887/1117/127 890/1127/127
f 965/1161/126 879/1085/126 889/1124/127 967/1163/127
f 882/1095/127 968/1162/127 970/1133/128 892/1132/128
f 884/1105/127 881/1092/127 891/1131/128 894/1045/128
f 886/1113/127 883/1100/127 893/980/128 896/1055/128
f 888/1120/127 885/1110/127 895/990/128 898/1071/128
f 890/1127/127 887/1117/127 897/1062/128 900/1083/128
f 967/1163/127 889/1124/127 899/1078/128 969/1130/128
f 835/1146/129 825/1140/129 935/1009/129 925/1020/129
f 869/1086/129 859/1156/129 901/941/129 760/1034/129
f 892/1132/130 809/1103/130 782/992/130 783/961/130
f 824/1138/130 834/1144/130 928/1018/130 938/1006/130
f 858/1154/130 868/1079/130 757/948/130 904/947/130
f 833/1145/129 823/1139/129 937/1007/129 927/1019/129
f 867/1074/129 857/1155/129 903/950/129 758/949/129
f 810/1099/129 891/1131/129 784/962/129 781/995/129
f 822/1137/130 832/1142/130 930/1016/130 940/1003/130
f 856/1153/130 866/1067/130 755/1031/130 906/936/130
f 890/1127/130 900/1083/130 799/968/130 779/967/130
f 831/1143/129 821/1126/129 939/1004/129 929/1017/129
f 865/1064/129 855/1125/129 905/937/129 756/1032/129
f 899/1078/129 889/1124/129 780/970/129 800/969/129
f 820/1123/130 830/1059/130 932/1014/130 942/1000/130
f 854/1121/130 864/1057/130 753/944/130 908/943/130
f 888/1120/130 898/1071/130 795/975/130 777/959/130
f 829/1054/129 819/1122/129 941/1001/129 931/1015/129
f 863/1052/129 853/1118/129 907/946/129 754/945/129
f 897/1062/129 887/1117/129 778/960/129 796/978/129
f 818/1119/130 828/1049/130 934/1011/130 944/1010/130
f 852/1114/130 862/987/130 751/951/130 910/932/130
f 886/1113/130 896/1055/130 791/964/130 775/963/130
f 827/1048/129 817/1116/129 943/1013/129 933/1012/129
f 861/986/129 851/1111/129 909/933/129 752/954/129
f 895/990/129 885/1110/129 776/966/129 792/965/129
f 816/1115/130 826/981/130 936/984/130 946/997/130
f 850/1107/130 860/1043/130 902/940/130 912/939/130
f 884/1105/130 894/1045/130 787/971/130 773/1041/130
f 825/1140/129 815/1112/129 945/998/129 935/1009/129
f 859/1156/129 849/1101/129 911/942/129 901/941/129
f 893/980/129 883/1100/129 774/1042/129 788/974/129
f 814/1109/130 824/1138/130 938/1006/130 948/1005/130
f 848/1097/130 858/1154/130 904/947/130 914/928/130
f 882/1095/130 892/1132/130 783/961/130 771/957/130
f 823/1139/129 813/1108/129 947/1008/129 937/1007/129
f 857/1155/129 847/1093/129 913/929/129 903/950/129
f 891/1131/129 881/1092/129 772/958/129 784/962/129
f 812/1104/130 822/1137/130 940/1003/130 950/993/130
f 846/1091/130 856/1153/130 906/936/130 916/935/130
f 733/1164/129 731/1165/129 951/1128/129 952/1129/129
f 732/1166/130 734/1167/130 953/1135/130 954/1134/130
f 735/1168/129 733/1164/129 952/1129/129 955/1141/129
f 734/1167/130 736/1169/130 956/1136/130 953/1135/130
f 737/1170/129 735/1168/129 955/1141/129 957/1147/129
f 736/1169/130 738/652/130 958/626/130 956/1136/130
f 739/1171/129 737/1172/129 957/1150/129 959/1151/129
f 738/1173/130 740/1174/130 960/1149/130 958/1148/130
f 741/1175/129 739/1171/129 959/1151/129 961/1157/129
f 740/1174/130 742/1176/130 962/1152/130 960/1149/130
f 743/1177/129 741/1175/129 961/1157/129 963/1159/129
f 742/1176/130 744/1178/130 964/1158/130 962/1152/130
f 745/1179/129 743/1177/129 963/1159/129 965/1161/129
f 744/1178/130 746/1180/130 966/1160/130 964/1158/130
f 747/1181/129 745/1179/129 965/1161/129 967/1163/129
f 746/1180/130 748/1182/130 968/1162/130 966/1160/130
f 749/1183/129 747/1181/129 967/1163/129 969/1130/129
f 748/1182/130 750/1184/130 970/1133/130 968/1162/130
f 731/1165/129 749/1183/129 969/1130/129 951/1128/129
f 750/1184/130 732/1166/130 954/1134/130 970/1133/130
f 980/1185/124 978/1186/123 998/1187/123 1000/1188/124
f 985/1189/126 987/1190/127 1007/1191/127 1005/1192/126
f 993/1193/130 994/1194/130 1010/1195/130 1008/1196/130 1006/1197/130 1004/1198/130 1002/1199/130 1000/1200/130 998/1201/130 996/1202/130
f 991/1203/129 992/1204/129 995/1205/129 997/1206/129 999/1207/129 1001/1208/129 1003/1209/129 1005/1210/129 1007/1211/129 1009/1212/129
f 971/1213/1 972/1214/131 992/1215/131 991/1216/1
f 988/1217/127 986/1218/126 1006/1219/126 1008/1220/127
f 979/1221/124 981/1222/6 1001/1223/6 999/1224/124
f 973/1225/131 974/1226/1 994/1227/1 993/1228/131
f 987/1190/127 989/1229/128 1009/1230/128 1007/1191/127
f 982/1231/6 980/1185/124 1000/1188/124 1002/1232/6
f 972/1214/131 975/1233/132 995/1234/132 992/1215/131
f 990/1235/128 988/1217/127 1008/1220/127 1010/1236/128
f 981/1222/6 983/1237/125 1003/1238/125 1001/1223/6
f 976/1239/132 973/1225/131 993/1228/131 996/1240/132
f 989/1229/128 971/1213/1 991/1216/1 1009/1230/128
f 984/1241/125 982/1231/6 1002/1232/6 1004/1242/125
f 975/1233/132 977/1243/123 997/1244/123 995/1234/132
f 974/1226/1 990/1235/128 1010/1236/128 994/1227/1
f 983/1237/125 985/1189/126 1005/1192/126 1003/1238/125
f 978/1245/123 976/1239/132 996/1240/132 998/1246/123
f 986/1218/126 984/1241/125 1004/1242/125 1006/1219/126
f 977/1247/123 979/1221/124 999/1224/124 997/1248/123
f 1012/1249/133 1013/1250/134 1014/1251/134 1011/1252/133
f 1016/1253/135 1017/1254/136 1018/1255/136 1015/1256/135
f 1013/1250/134 1019/1257/137 1020/1258/137 1014/1251/134
f 1022/1259/138 1016/1253/135 1015/1256/135 1021/1260/138
f 1019/1257/137 1023/1261/139 1024/1262/139 1020/1258/137
f 1026/1263/140 1022/1259/138 1021/1260/138 1025/1264/140
f 1023/1265/139 1027/1266/141 1028/1267/141 1024/1268/139
f 1030/1269/142 1026/1270/140 1025/1271/140 1029/1272/142
f 1027/1266/141 1031/1273/143 1032/1274/143 1028/1267/141
f 1034/1275/144 1030/1269/142 1029/1272/142 1033/1276/144
f 1031/1273/143 1035/1277/145 1036/1278/145 1032/1274/143
f 1038/1279/146 1034/1275/144 1033/1276/144 1037/1280/146
f 1035/1277/145 1039/1281/147 1040/1282/147 1036/1278/145
f 1042/1283/148 1038/1279/146 1037/1280/146 1041/1284/148
f 1039/1281/147 1043/1285/149 1044/1286/149 1040/1282/147
f 1046/1287/150 1042/1283/148 1041/1284/148 1045/1288/150
f 1043/1285/149 1047/1289/151 1048/1290/151 1044/1286/149
f 1050/1291/152 1046/1287/150 1045/1288/150 1049/1292/152
f 1047/1289/151 1012/1249/133 1011/1252/133 1048/1290/151
f 1017/1254/136 1050/1291/152 1049/1292/152 1018/1255/136
f 972/1214/129 971/1213/129 1011/1252/129 1014/1251/129
f 749/1293/128 731/1294/1 1012/1249/1 1047/1289/128
f 731/1294/1 733/1295/131 1013/1250/131 1012/1249/1
f 971/1213/129 989/1229/129 1048/1290/129 1011/1252/129
f 975/1233/129 972/1214/129 1014/1251/129 1020/1258/129
f 733/1295/131 735/1296/132 1019/1257/132 1013/1250/131
f 974/1226/130 973/1225/130 1015/1256/130 1018/1255/130
f 736/1297/132 734/1298/131 1016/1253/131 1022/1259/132
f 734/1298/131 732/1299/1 1017/1254/1 1016/1253/131
f 973/1225/130 976/1239/130 1021/1260/130 1015/1256/130
f 990/1235/130 974/1226/130 1018/1255/130 1049/1292/130
f 732/1299/1 750/1300/128 1050/1291/128 1017/1254/1
f 977/1243/129 975/1233/129 1020/1258/129 1024/1262/129
f 735/1296/132 737/1301/123 1023/1261/123 1019/1257/132
f 738/179/123 736/1297/132 1022/1259/132 1026/1263/123
f 976/1239/130 978/1245/130 1025/1264/130 1021/1260/130
f 979/1221/129 977/1247/129 1024/1268/129 1028/1267/129
f 737/1302/123 739/1303/124 1027/1266/124 1023/1265/123
f 740/1304/124 738/1305/123 1026/1270/123 1030/1269/124
f 978/1186/130 980/1185/130 1029/1272/130 1025/1271/130
f 981/1222/129 979/1221/129 1028/1267/129 1032/1274/129
f 739/1303/124 741/1306/6 1031/1273/6 1027/1266/124
f 742/1307/6 740/1304/124 1030/1269/124 1034/1275/6
f 980/1185/130 982/1231/130 1033/1276/130 1029/1272/130
f 983/1237/129 981/1222/129 1032/1274/129 1036/1278/129
f 741/1306/6 743/1308/125 1035/1277/125 1031/1273/6
f 744/1309/125 742/1307/6 1034/1275/6 1038/1279/125
f 982/1231/130 984/1241/130 1037/1280/130 1033/1276/130
f 985/1189/129 983/1237/129 1036/1278/129 1040/1282/129
f 743/1308/125 745/1310/126 1039/1281/126 1035/1277/125
f 746/1311/126 744/1309/125 1038/1279/125 1042/1283/126
f 984/1241/130 986/1218/130 1041/1284/130 1037/1280/130
f 987/1190/129 985/1189/129 1040/1282/129 1044/1286/129
f 745/1310/126 747/1312/127 1043/1285/127 1039/1281/126
f 748/1313/127 746/1311/126 1042/1283/126 1046/1287/127
f 986/1218/130 988/1217/130 1045/1288/130 1041/1284/130
f 989/1229/129 987/1190/129 1044/1286/129 1048/1290/129
f 747/1312/127 749/1293/128 1047/1289/128 1043/1285/127
f 750/1300/128 748/1313/127 1046/1287/127 1050/1291/128
f 988/1217/130 990/1235/130 1049/1292/130 1045/1288/130
f 1186/1314/153 1051/1315/154 1052/1316/155 1185/1317/156
f 1185/1317/156 1052/1316/155 1053/1318/157 1184/1319/158
f 1184/1319/158 1053/1318/157 1054/1320/159 1183/1321/160
f 1183/1321/160 1054/1320/159 1055/1322/161 1182/1323/162
f 1182/1323/162 1055/1322/161 1056/1324/163 1181/1325/164
f 1181/1325/164 1056/1324/163 1057/1326/165 1190/1327/166
f 1190/1327/166 1057/1326/165 1058/1328/167 1189/1329/168
f 1189/1329/168 1058/1328/167 1059/1330/169 1188/1331/170
f 1068/1332/171 1066/1333/172 1104/1334/173 1107/1335/174
f 1188/1331/170 1059/1330/169 1060/1336/175 1187/1337/176
f 1187/1337/176 1060/1336/175 1051/1338/154 1186/1339/153
f 1061/1340/12 1062/1341/177 1064/1342/178 1063/1343/179
f 1063/1343/179 1064/1342/178 1066/1333/172 1065/1344/180
f 1065/1344/180 1066/1333/172 1068/1332/171 1067/1345/181
f 1067/1345/181 1068/1332/171 1070/1346/182 1069/1347/183
f 1069/1347/183 1070/1346/182 1072/1348/184 1071/1349/10
f 1071/915/10 1072/1350/184 1074/1351/185 1073/1352/186
f 1073/1352/186 1074/1351/185 1076/1353/187 1075/1354/188
f 1075/1354/188 1076/1353/187 1078/1355/189 1077/1356/190
f 1070/1346/182 1068/1332/171 1107/1335/174 1108/1357/191
f 1077/1356/190 1078/1355/189 1080/1358/192 1079/1359/193
f 1079/1359/193 1080/1358/192 1062/1341/177 1061/1340/12
f 1061/1360/1 1063/1361/1 1065/1362/1 1067/1363/1 1069/1364/1 1071/1365/1 1073/1366/1 1075/1367/1 1077/1368/1 1079/1369/1
f 1066/1333/172 1064/1342/178 1101/1370/194 1104/1334/173
f 1064/1342/178 1062/1341/177 1098/1371/195 1101/1370/194
f 1062/1341/177 1080/1358/192 1095/1372/196 1098/1371/195
f 1080/1358/192 1078/1355/189 1092/1373/197 1095/1372/196
f 1078/1355/189 1076/1353/187 1089/1374/198 1092/1373/197
f 1076/1353/187 1074/1351/185 1086/1375/199 1089/1374/198
f 1074/1351/185 1072/1350/184 1083/1376/200 1086/1375/199
f 1072/1348/184 1070/1346/182 1108/1357/191 1083/1377/200
f 1086/1375/199 1083/1376/200 1082/1378/201 1085/1379/202
f 1085/1379/202 1082/1378/203 1081/1380/204 1084/1381/205
f 1084/1381/205 1081/1380/204 1051/1338/154 1060/1336/175
f 1089/1374/198 1086/1375/199 1085/1379/202 1088/1382/206
f 1088/1382/206 1085/1379/202 1084/1381/205 1087/1383/207
f 1087/1383/207 1084/1381/205 1060/1336/175 1059/1330/169
f 1092/1373/197 1089/1374/198 1088/1382/206 1091/1384/208
f 1091/1384/208 1088/1382/206 1087/1383/207 1090/1385/209
f 1090/1385/209 1087/1383/207 1059/1330/169 1058/1328/167
f 1095/1372/196 1092/1373/197 1091/1384/208 1094/1386/210
f 1094/1386/210 1091/1384/208 1090/1385/209 1093/1387/211
f 1093/1387/211 1090/1385/209 1058/1328/167 1057/1326/165
f 1098/1371/195 1095/1372/196 1094/1386/210 1097/1388/212
f 1097/1388/212 1094/1386/210 1093/1387/211 1096/1389/213
f 1096/1389/213 1093/1387/211 1057/1326/165 1056/1324/163
f 1101/1370/194 1098/1371/195 1097/1388/212 1100/1390/214
f 1100/1390/214 1097/1388/212 1096/1389/213 1099/1391/215
f 1099/1391/215 1096/1389/213 1056/1324/163 1055/1322/161
f 1104/1334/173 1101/1370/194 1100/1390/214 1103/1392/216
f 1103/1392/216 1100/1390/214 1099/1391/215 1102/1393/217
f 1102/1393/217 1099/1391/215 1055/1322/161 1054/1320/159
f 1107/1335/174 1104/1334/173 1103/1392/216 1106/1394/218
f 1106/1394/218 1103/1392/216 1102/1393/217 1105/1395/219
f 1105/1395/219 1102/1393/217 1054/1320/159 1053/1318/157
f 1108/1357/191 1107/1335/174 1106/1394/218 1109/1396/220
f 1109/1396/220 1106/1394/218 1105/1395/219 1110/1397/221
f 1110/1397/221 1105/1395/219 1053/1318/157 1052/1316/155
f 1083/1377/200 1108/1357/191 1109/1396/220 1082/1398/201
f 1082/1398/203 1109/1396/220 1110/1397/221 1081/1399/204
f 1081/1399/204 1110/1397/221 1052/1316/155 1051/1315/154
f 1111/1400/12 1112/1401/222 1114/1402/223 1113/1403/179
f 1113/1403/179 1114/1402/223 1116/1404/224 1115/1405/180
f 1115/1405/180 1116/1404/224 1118/1406/225 1117/1407/181
f 1117/1407/181 1118/1406/225 1120/1408/226 1119/1409/183
f 1119/1409/183 1120/1408/226 1122/1410/227 1121/1411/10
f 1121/1411/10 1122/1410/227 1124/1412/228 1123/1413/186
f 1123/1413/186 1124/1412/228 1126/1414/229 1125/1415/188
f 1125/1415/188 1126/1414/229 1128/1416/230 1127/1417/190
f 1138/1418/231 1136/1419/232 1174/1420/233 1177/1421/234
f 1127/1417/190 1128/1416/230 1130/1422/235 1129/1423/193
f 1129/1423/193 1130/1422/235 1112/1424/222 1111/649/12
f 1111/1425/1 1113/1426/1 1115/1427/1 1117/1428/1 1119/1429/1 1121/1430/1 1123/1431/1 1125/1362/1 1127/1361/1 1129/1432/1
f 1131/1433/6 1132/1434/236 1134/1435/237 1133/1436/5
f 1133/1436/5 1134/1435/237 1136/1419/232 1135/1437/4
f 1135/1437/4 1136/1419/232 1138/1418/231 1137/1438/238
f 1137/1438/238 1138/1418/231 1140/1439/239 1139/1440/240
f 1139/1440/240 1140/1439/239 1142/1441/241 1141/1442/1
f 1141/1443/1 1142/1444/241 1144/1445/242 1143/1446/243
f 1143/1446/243 1144/1445/242 1146/1447/244 1145/1448/245
f 1145/1448/245 1146/1447/244 1148/1449/246 1147/1450/8
f 1140/1439/239 1138/1418/231 1177/1421/234 1178/1451/247
f 1147/1450/8 1148/1449/246 1150/1452/248 1149/1453/7
f 1149/1453/7 1150/1452/248 1132/1434/236 1131/1433/6
f 1136/1419/232 1134/1435/237 1171/1454/249 1174/1420/233
f 1134/1435/237 1132/1434/236 1168/1455/250 1171/1454/249
f 1132/1434/236 1150/1452/248 1165/1456/251 1168/1455/250
f 1150/1452/248 1148/1449/246 1162/1457/252 1165/1456/251
f 1148/1449/246 1146/1447/244 1159/1458/253 1162/1457/252
f 1146/1447/244 1144/1445/242 1156/1459/254 1159/1458/253
f 1144/1445/242 1142/1444/241 1153/1460/255 1156/1459/254
f 1142/1441/241 1140/1439/239 1178/1451/247 1153/1461/255
f 1156/1459/254 1153/1460/255 1152/1462/256 1155/1463/257
f 1155/1463/257 1152/1462/258 1151/1464/259 1154/1465/260
f 1154/1465/260 1151/1464/259 1112/1424/222 1130/1422/235
f 1159/1458/253 1156/1459/254 1155/1463/257 1158/1466/261
f 1158/1466/261 1155/1463/257 1154/1465/260 1157/1467/262
f 1157/1467/262 1154/1465/260 1130/1422/235 1128/1416/230
f 1162/1457/252 1159/1458/253 1158/1466/261 1161/1468/263
f 1161/1468/263 1158/1466/261 1157/1467/262 1160/1469/264
f 1160/1469/264 1157/1467/262 1128/1416/230 1126/1414/229
f 1165/1456/251 1162/1457/252 1161/1468/263 1164/1470/265
f 1164/1470/265 1161/1468/263 1160/1469/264 1163/1471/266
f 1163/1471/266 1160/1469/264 1126/1414/229 1124/1412/228
f 1168/1455/250 1165/1456/251 1164/1470/265 1167/1472/267
f 1167/1472/267 1164/1470/265 1163/1471/266 1166/1473/268
f 1166/1473/268 1163/1471/266 1124/1412/228 1122/1410/227
f 1171/1454/249 1168/1455/250 1167/1472/267 1170/1474/269
f 1170/1474/269 1167/1472/267 1166/1473/268 1169/1475/270
f 1169/1475/270 1166/1473/268 1122/1410/227 1120/1408/226
f 1174/1420/233 1171/1454/249 1170/1474/269 1173/1476/271
f 1173/1476/271 1170/1474/269 1169/1475/270 1172/1477/272
f 1172/1477/272 1169/1475/270 1120/1408/226 1118/1406/225
f 1177/1421/234 1174/1420/233 1173/1476/271 1176/1478/273
f 1176/1478/273 1173/1476/271 1172/1477/272 1175/1479/274
f 1175/1479/274 1172/1477/272 1118/1406/225 1116/1404/224
f 1178/1451/247 1177/1421/234 1176/1478/273 1179/1480/275
f 1179/1480/275 1176/1478/273 1175/1479/274 1180/1481/276
f 1180/1481/276 1175/1479/274 1116/1404/224 1114/1402/223
f 1153/1461/255 1178/1451/247 1179/1480/275 1152/1482/256
f 1152/1482/258 1179/1480/275 1180/1481/276 1151/1483/259
f 1151/1483/259 1180/1481/276 1114/1402/223 1112/1401/222
f 1141/1443/1 1143/1446/243 1187/1337/176 1186/1339/153
f 1139/1440/240 1141/1442/1 1186/1314/153 1185/1317/156
f 1137/1438/238 1139/1440/240 1185/1317/156 1184/1319/158
f 1131/1433/6 1133/1436/5 1182/1323/162 1181/1325/164
f 1135/1437/4 1137/1438/238 1184/1319/158 1183/1321/160
f 1133/1436/5 1135/1437/4 1183/1321/160 1182/1323/162
f 1149/1453/7 1131/1433/6 1181/1325/164 1190/1327/166
f 1147/1450/8 1149/1453/7 1190/1327/166 1189/1329/168
f 1145/1448/245 1147/1450/8 1189/1329/168 1188/1331/170
f 1143/1446/243 1145/1448/245 1188/1331/170 1187/1337/176
f 1326/1484/153 1191/1485/154 1192/1486/155 1325/1487/156
f 1325/1487/156 1192/1486/155 1193/1488/157 1324/1489/158
f 1324/1489/158 1193/1488/157 1194/1490/159 1323/1491/160
f 1323/1491/160 1194/1490/159 1195/1492/161 1322/1493/162
f 1322/1493/162 1195/1492/161 1196/1494/163 1321/1495/164
f 1321/1495/164 1196/1494/163 1197/1496/165 1330/1497/166
f 1330/1497/166 1197/1496/165 1198/1498/167 1329/1499/168
f 1329/1499/168 1198/1498/167 1199/1500/169 1328/1501/170
f 1208/1502/171 1206/1503/172 1244/1504/173 1247/1505/174
f 1328/1501/170 1199/1500/169 1200/1506/175 1327/1507/176
f 1327/1507/176 1200/1506/175 1191/1508/154 1326/1509/153
f 1201/1510/12 1202/1511/177 1204/1512/178 1203/1513/179
f 1203/1513/179 1204/1512/178 1206/1503/172 1205/1514/180
f 1205/1514/180 1206/1503/172 1208/1502/171 1207/1515/181
f 1207/1515/181 1208/1502/171 1210/1516/182 1209/1517/183
f 1209/1517/183 1210/1516/182 1212/1518/184 1211/1519/10
f 1211/1520/10 1212/1521/184 1214/1522/185 1213/1523/186
f 1213/1523/186 1214/1522/185 1216/1524/187 1215/1525/188
f 1215/1525/188 1216/1524/187 1218/1526/189 1217/1527/190
f 1210/1516/182 1208/1502/171 1247/1505/174 1248/1528/191
f 1217/1527/190 1218/1526/189 1220/1529/192 1219/1530/193
f 1219/1530/193 1220/1529/192 1202/1511/177 1201/1510/12
f 1201/1531/1 1203/1532/1 1205/1533/1 1207/1534/1 1209/1535/1 1211/1536/1 1213/1537/1 1215/1538/1 1217/1539/1 1219/1540/1
f 1206/1503/172 1204/1512/178 1241/1541/194 1244/1504/173
f 1204/1512/178 1202/1511/177 1238/1542/195 1241/1541/194
f 1202/1511/177 1220/1529/192 1235/1543/196 1238/1542/195
f 1220/1529/192 1218/1526/189 1232/1544/197 1235/1543/196
f 1218/1526/189 1216/1524/187 1229/1545/198 1232/1544/197
f 1216/1524/187 1214/1522/185 1226/1546/199 1229/1545/198
f 1214/1522/185 1212/1521/184 1223/1547/200 1226/1546/199
f 1212/1518/184 1210/1516/182 1248/1528/191 1223/1548/200
f 1226/1546/199 1223/1547/200 1222/1549/201 1225/1550/202
f 1225/1550/202 1222/1549/203 1221/1551/204 1224/1552/205
f 1224/1552/205 1221/1551/204 1191/1508/154 1200/1506/175
f 1229/1545/198 1226/1546/199 1225/1550/202 1228/1553/206
f 1228/1553/206 1225/1550/202 1224/1552/205 1227/1554/207
f 1227/1554/207 1224/1552/205 1200/1506/175 1199/1500/169
f 1232/1544/197 1229/1545/198 1228/1553/206 1231/1555/208
f 1231/1555/208 1228/1553/206 1227/1554/207 1230/1556/209
f 1230/1556/209 1227/1554/207 1199/1500/169 1198/1498/167
f 1235/1543/196 1232/1544/197 1231/1555/208 1234/1557/210
f 1234/1557/210 1231/1555/208 1230/1556/209 1233/1558/211
f 1233/1558/211 1230/1556/209 1198/1498/167 1197/1496/165
f 1238/1542/195 1235/1543/196 1234/1557/210 1237/1559/212
f 1237/1559/212 1234/1557/210 1233/1558/211 1236/1560/213
f 1236/1560/213 1233/1558/211 1197/1496/165 1196/1494/163
f 1241/1541/194 1238/1542/195 1237/1559/212 1240/1561/214
f 1240/1561/214 1237/1559/212 1236/1560/213 1239/1562/215
f 1239/1562/215 1236/1560/213 1196/1494/163 1195/1492/161
f 1244/1504/173 1241/1541/194 1240/1561/214 1243/1563/216
f 1243/1563/216 1240/1561/214 1239/1562/215 1242/1564/217
f 1242/1564/217 1239/1562/215 1195/1492/161 1194/1490/159
f 1247/1505/174 1244/1504/173 1243/1563/216 1246/1565/218
f 1246/1565/218 1243/1563/216 1242/1564/217 1245/1566/219
f 1245/1566/219 1242/1564/217 1194/1490/159 1193/1488/157
f 1248/1528/191 1247/1505/174 1246/1565/218 1249/1567/220
f 1249/1567/220 1246/1565/218 1245/1566/219 1250/1568/221
f 1250/1568/221 1245/1566/219 1193/1488/157 1192/1486/155
f 1223/1548/200 1248/1528/191 1249/1567/220 1222/1569/201
f 1222/1569/203 1249/1567/220 1250/1568/221 1221/1570/204
f 1221/1570/204 1250/1568/221 1192/1486/155 1191/1485/154
f 1251/230/12 1252/1571/222 1254/1572/223 1253/1573/179
f 1253/1573/179 1254/1572/223 1256/1574/224 1255/1575/180
f 1255/1575/180 1256/1574/224 1258/1576/225 1257/1577/181
f 1257/1577/181 1258/1576/225 1260/1578/226 1259/1579/183
f 1259/1579/183 1260/1578/226 1262/1580/227 1261/1581/10
f 1261/1581/10 1262/1580/227 1264/1582/228 1263/1583/186
f 1263/1583/186 1264/1582/228 1266/1584/229 1265/1585/188
f 1265/1585/188 1266/1584/229 1268/1586/230 1267/1587/190
f 1278/1588/231 1276/1589/232 1314/1590/233 1317/1591/234
f 1267/1587/190 1268/1586/230 1270/1592/235 1269/1593/193
f 1269/1593/193 1270/1592/235 1252/1594/222 1251/651/12
f 1251/1595/1 1253/1596/1 1255/1367/1 1257/1366/1 1259/1597/1 1261/1598/1 1263/1599/1 1265/1600/1 1267/1601/1 1269/1602/1
f 1271/1603/6 1272/1604/236 1274/1605/237 1273/1606/5
f 1273/1606/5 1274/1605/237 1276/1589/232 1275/1607/4
f 1275/1607/4 1276/1589/232 1278/1588/231 1277/1608/238
f 1277/1608/238 1278/1588/231 1280/1609/239 1279/1610/240
f 1279/1610/240 1280/1609/239 1282/1611/241 1281/1612/1
f 1281/1613/1 1282/1614/241 1284/1615/242 1283/1616/243
f 1283/1616/243 1284/1615/242 1286/1617/244 1285/1618/245
f 1285/1618/245 1286/1617/244 1288/1619/246 1287/1620/8
f 1280/1609/239 1278/1588/231 1317/1591/234 1318/1621/247
f 1287/1620/8 1288/1619/246 1290/1622/248 1289/1623/7
f 1289/1623/7 1290/1622/248 1272/1604/236 1271/1603/6
f 1276/1589/232 1274/1605/237 1311/1624/249 1314/1590/233
f 1274/1605/237 1272/1604/236 1308/1625/250 1311/1624/249
f 1272/1604/236 1290/1622/248 1305/1626/251 1308/1625/250
f 1290/1622/248 1288/1619/246 1302/1627/252 1305/1626/251
f 1288/1619/246 1286/1617/244 1299/1628/253 1302/1627/252
f 1286/1617/244 1284/1615/242 1296/1629/254 1299/1628/253
f 1284/1615/242 1282/1614/241 1293/1630/255 1296/1629/254
f 1282/1611/241 1280/1609/239 1318/1621/247 1293/1631/255
f 1296/1629/254 1293/1630/255 1292/1632/256 1295/1633/257
f 1295/1633/257 1292/1632/258 1291/1634/259 1294/1635/260
f 1294/1635/260 1291/1634/259 1252/1594/222 1270/1592/235
f 1299/1628/253 1296/1629/254 1295/1633/257 1298/1636/261
f 1298/1636/261 1295/1633/257 1294/1635/260 1297/1637/262
f 1297/1637/262 1294/1635/260 1270/1592/235 1268/1586/230
f 1302/1627/252 1299/1628/253 1298/1636/261 1301/1638/263
f 1301/1638/263 1298/1636/261 1297/1637/262 1300/1639/264
f 1300/1639/264 1297/1637/262 1268/1586/230 1266/1584/229
f 1305/1626/251 1302/1627/252 1301/1638/263 1304/1640/265
f 1304/1640/265 1301/1638/263 1300/1639/264 1303/1641/266
f 1303/1641/266 1300/1639/264 1266/1584/229 1264/1582/228
f 1308/1625/250 1305/1626/251 1304/1640/265 1307/1642/267
f 1307/1642/267 1304/1640/265 1303/1641/266 1306/1643/268
f 1306/1643/268 1303/1641/266 1264/1582/228 1262/1580/227
f 1311/1624/249 1308/1625/250 1307/1642/267 1310/1644/269
f 1310/1644/269 1307/1642/267 1306/1643/268 1309/1645/270
f 1309/1645/270 1306/1643/268 1262/1580/227 1260/1578/226
f 1314/1590/233 1311/1624/249 1310/1644/269 1313/1646/271
f 1313/1646/271 1310/1644/269 1309/1645/270 1312/1647/272
f 1312/1647/272 1309/1645/270 1260/1578/226 1258/1576/225
f 1317/1591/234 1314/1590/233 1313/1646/271 1316/1648/273
f 1316/1648/273 1313/1646/271 1312/1647/272 1315/1649/274
f 1315/1649/274 1312/1647/272 1258/1576/225 1256/1574/224
f 1318/1621/247 1317/1591/234 1316/1648/273 1319/1650/275
f 1319/1650/275 1316/1648/273 1315/1649/274 1320/1651/276
f 1320/1651/276 1315/1649/274 1256/1574/224 1254/1572/223
f 1293/1631/255 1318/1621/247 1319/1650/275 1292/1652/256
f 1292/1652/258 1319/1650/275 1320/1651/276 1291/1653/259
f 1291/1653/259 1320/1651/276 1254/1572/223 1252/1571/222
f 1281/1613/1 1283/1616/243 1327/1507/176 1326/1509/153
f 1279/1610/240 1281/1612/1 1326/1484/153 1325/1487/156
f 1277/1608/238 1279/1610/240 1325/1487/156 1324/1489/158
f 1271/1603/6 1273/1606/5 1322/1493/162 1321/1495/164
f 1275/1607/4 1277/1608/238 1324/1489/158 1323/1491/160
f 1273/1606/5 1275/1607/4 1323/1491/160 1322/1493/162
f 1289/1623/7 1271/1603/6 1321/1495/164 1330/1497/166
f 1287/1620/8 1289/1623/7 1330/1497/166 1329/1499/168
f 1285/1618/245 1287/1620/8 1329/1499/168 1328/1501/170
f 1283/1616/243 1285/1618/245 1328/1501/170 1327/1507/176
f 1466/1654/153 1331/1655/154 1332/1656/155 1465/1657/156
f 1465/1657/156 1332/1656/155 1333/1658/157 1464/1659/158
f 1464/1659/158 1333/1658/157 1334/1660/159 1463/1661/160
f 1463/1661/160 1334/1660/159 1335/1662/161 1462/1663/162
f 1462/1663/162 1335/1662/161 1336/1664/163 1461/1665/164
f 1461/1665/164 1336/1664/163 1337/1666/165 1470/1667/166
f 1470/1667/166 1337/1666/165 1338/1668/167 1469/1669/168
f 1469/1669/168 1338/1668/167 1339/1670/169 1468/1671/170
f 1348/1672/171 1346/1673/172 1384/1674/173 1387/1675/174
f 1468/1671/170 1339/1670/169 1340/1676/175 1467/1677/176
f 1467/1677/176 1340/1676/175 1331/1678/154 1466/1679/153
f 1341/1680/12 1342/1681/177 1344/1682/178 1343/1683/179
f 1343/1683/179 1344/1682/178 1346/1673/172 1345/1684/180
f 1345/1684/180 1346/1673/172 1348/1672/171 1347/1685/181
f 1347/1685/181 1348/1672/171 1350/1686/182 1349/1687/183
f 1349/1687/183 1350/1686/182 1352/1688/184 1351/1689/10
f 1351/1690/10 1352/1691/184 1354/1692/185 1353/1693/186
f 1353/1693/186 1354/1692/185 1356/1694/187 1355/1695/188
f 1355/1695/188 1356/1694/187 1358/1696/189 1357/1697/190
f 1350/1686/182 1348/1672/171 1387/1675/174 1388/1698/191
f 1357/1697/190 1358/1696/189 1360/1699/192 1359/1700/193
f 1359/1700/193 1360/1699/192 1342/1681/177 1341/1680/12
f 1341/1701/1 1343/1702/1 1345/1703/1 1347/1704/1 1349/1705/1 1351/1706/1 1353/1707/1 1355/1708/1 1357/1709/1 1359/1710/1
f 1346/1673/172 1344/1682/178 1381/1711/194 1384/1674/173
f 1344/1682/178 1342/1681/177 1378/1712/195 1381/1711/194
f 1342/1681/177 1360/1699/192 1375/1713/196 1378/1712/195
f 1360/1699/192 1358/1696/189 1372/1714/197 1375/1713/196
f 1358/1696/189 1356/1694/187 1369/1715/198 1372/1714/197
f 1356/1694/187 1354/1692/185 1366/1716/199 1369/1715/198
f 1354/1692/185 1352/1691/184 1363/1717/200 1366/1716/199
f 1352/1688/184 1350/1686/182 1388/1698/191 1363/1718/200
f 1366/1716/199 1363/1717/200 1362/1719/201 1365/1720/202
f 1365/1720/202 1362/1719/203 1361/1721/204 1364/1722/205
f 1364/1722/205 1361/1721/204 1331/1678/154 1340/1676/175
f 1369/1715/198 1366/1716/199 1365/1720/202 1368/1723/206
f 1368/1723/206 1365/1720/202 1364/1722/205 1367/1724/207
f 1367/1724/207 1364/1722/205 1340/1676/175 1339/1670/169
f 1372/1714/197 1369/1715/198 1368/1723/206 1371/1725/208
f 1371/1725/208 1368/1723/206 1367/1724/207 1370/1726/209
f 1370/1726/209 1367/1724/207 1339/1670/169 1338/1668/167
f 1375/1713/196 1372/1714/197 1371/1725/208 1374/1727/210
f 1374/1727/210 1371/1725/208 1370/1726/209 1373/1728/211
f 1373/1728/211 1370/1726/209 1338/1668/167 1337/1666/165
f 1378/1712/195 1375/1713/196 1374/1727/210 1377/1729/212
f 1377/1729/212 1374/1727/210 1373/1728/211 1376/1730/213
f 1376/1730/213 1373/1728/211 1337/1666/165 1336/1664/163
f 1381/1711/194 1378/1712/195 1377/1729/212 1380/1731/214
f 1380/1731/214 1377/1729/212 1376/1730/213 1379/1732/215
f 1379/1732/215 1376/1730/213 1336/1664/163 1335/1662/161
f 1384/1674/173 1381/1711/194 1380/1731/214 1383/1733/216
f 1383/1733/216 1380/1731/214 1379/1732/215 1382/1734/217
f 1382/1734/217 1379/1732/215 1335/1662/161 1334/1660/159
f 1387/1675/174 1384/1674/173 1383/1733/216 1386/1735/218
f 1386/1735/218 1383/1733/216 1382/1734/217 1385/1736/219
f 1385/1736/219 1382/1734/217 1334/1660/159 1333/1658/157
f 1388/1698/191 1387/1675/174 1386/1735/218 1389/1737/220
f 1389/1737/220 1386/1735/218 1385/1736/219 1390/1738/221
f 1390/1738/221 1385/1736/219 1333/1658/157 1332/1656/155
f 1363/1718/200 1388/1698/191 1389/1737/220 1362/1739/201
f 1362/1739/203 1389/1737/220 1390/1738/221 1361/1740/204
f 1361/1740/204 1390/1738/221 1332/1656/155 1331/1655/154
f 1391/1741/12 1392/1742/222 1394/1743/223 1393/1744/179
f 1393/1744/179 1394/1743/223 1396/1745/224 1395/1746/180
f 1395/1746/180 1396/1745/224 1398/1747/225 1397/1748/181
f 1397/1748/181 1398/1747/225 1400/1749/226 1399/1750/183
f 1399/1750/183 1400/1749/226 1402/1751/227 1401/1752/10
f 1401/1752/10 1402/1751/227 1404/1753/228 1403/1754/186
f 1403/1754/186 1404/1753/228 1406/1755/229 1405/1756/188
f 1405/1756/188 1406/1755/229 1408/1757/230 1407/1758/190
f 1418/1759/231 1416/1760/232 1454/1761/277 1457/1762/234
f 1407/1758/190 1408/1757/230 1410/1763/235 1409/1764/193
f 1409/1764/193 1410/1763/235 1392/1765/222 1391/1766/12
f 1391/1767/1 1393/1768/1 1395/1769/1 1397/1770/1 1399/1771/1 1401/1772/1 1403/1773/1 1405/1774/1 1407/1775/1 1409/1776/1
f 1411/1777/6 1412/1778/236 1414/1779/237 1413/1780/5
f 1413/1780/5 1414/1779/237 1416/1760/232 1415/1781/4
f 1415/1781/4 1416/1760/232 1418/1759/231 1417/1782/238
f 1417/1782/238 1418/1759/231 1420/1783/239 1419/1784/240
f 1419/1784/240 1420/1783/239 1422/1785/241 1421/1786/1
f 1421/1787/1 1422/1788/241 1424/1789/242 1423/1790/243
f 1423/1790/243 1424/1789/242 1426/1791/244 1425/1792/245
f 1425/1792/245 1426/1791/244 1428/1793/246 1427/1794/8
f 1420/1783/239 1418/1759/231 1457/1762/234 1458/1795/247
f 1427/1794/8 1428/1793/246 1430/1796/248 1429/1797/7
f 1429/1797/7 1430/1796/248 1412/1778/236 1411/1777/6
f 1416/1760/232 1414/1779/237 1451/1798/249 1454/1761/277
f 1414/1779/237 1412/1778/236 1448/1799/250 1451/1798/249
f 1412/1778/236 1430/1796/248 1445/1800/251 1448/1799/250
f 1430/1796/248 1428/1793/246 1442/1801/252 1445/1800/251
f 1428/1793/246 1426/1791/244 1439/1802/253 1442/1801/252
f 1426/1791/244 1424/1789/242 1436/1803/254 1439/1802/253
f 1424/1789/242 1422/1788/241 1433/1804/255 1436/1803/254
f 1422/1785/241 1420/1783/239 1458/1795/247 1433/1805/255
f 1436/1803/254 1433/1804/255 1432/1806/256 1435/1807/257
f 1435/1807/257 1432/1806/258 1431/1808/259 1434/1809/260
f 1434/1809/260 1431/1808/259 1392/1765/222 1410/1763/235
f 1439/1802/253 1436/1803/254 1435/1807/257 1438/1810/261
f 1438/1810/261 1435/1807/257 1434/1809/260 1437/1811/262
f 1437/1811/262 1434/1809/260 1410/1763/235 1408/1757/230
f 1442/1801/252 1439/1802/253 1438/1810/261 1441/1812/263
f 1441/1812/263 1438/1810/261 1437/1811/262 1440/1813/264
f 1440/1813/264 1437/1811/262 1408/1757/230 1406/1755/229
f 1445/1800/251 1442/1801/252 1441/1812/263 1444/1814/265
f 1444/1814/265 1441/1812/263 1440/1813/264 1443/1815/266
f 1443/1815/266 1440/1813/264 1406/1755/229 1404/1753/228
f 1448/1799/250 1445/1800/251 1444/1814/265 1447/1816/267
f 1447/1816/267 1444/1814/265 1443/1815/266 1446/1817/268
f 1446/1817/268 1443/1815/266 1404/1753/228 1402/1751/227
f 1451/1798/249 1448/1799/250 1447/1816/267 1450/1818/269
f 1450/1818/269 1447/1816/267 1446/1817/268 1449/1819/270
f 1449/1819/270 1446/1817/268 1402/1751/227 1400/1749/226
f 1454/1761/277 1451/1798/249 1450/1818/269 1453/1820/271
f 1453/1820/271 1450/1818/269 1449/1819/270 1452/1821/272
f 1452/1821/272 1449/1819/270 1400/1749/226 1398/1747/225
f 1457/1762/234 1454/1761/277 1453/1820/271 1456/1822/273
f 1456/1822/273 1453/1820/271 1452/1821/272 1455/1823/274
f 1455/1823/274 1452/1821/272 1398/1747/225 1396/1745/224
f 1458/1795/247 1457/1762/234 1456/1822/273 1459/1824/275
f 1459/1824/275 1456/1822/273 1455/1823/274 1460/1825/276
f 1460/1825/276 1455/1823/274 1396/1745/224 1394/1743/223
f 1433/1805/255 1458/1795/247 1459/1824/275 1432/1826/256
f 1432/1826/258 1459/1824/275 1460/1825/276 1431/1827/259
f 1431/1827/259 1460/1825/276 1394/1743/223 1392/1742/222
f 1421/1787/1 1423/1790/243 1467/1677/176 1466/1679/153
f 1419/1784/240 1421/1786/1 1466/1654/153 1465/1657/156
f 1417/1782/238 1419/1784/240 1465/1657/156 1464/1659/158
f 1411/1777/6 1413/1780/5 1462/1663/162 1461/1665/164
f 1415/1781/4 1417/1782/238 1464/1659/158 1463/1661/160
f 1413/1780/5 1415/1781/4 1463/1661/160 1462/1663/162
f 1429/1797/7 1411/1777/6 1461/1665/164 1470/1667/166
f 1427/1794/8 1429/1797/7 1470/1667/166 1469/1669/168
f 1425/1792/245 1427/1794/8 1469/1669/168 1468/1671/170
f 1423/1790/243 1425/1792/245 1468/1671/170 1467/1677/176
f 1606/1828/153 1471/1829/154 1472/1830/155 1605/1831/156
f 1605/1831/156 1472/1830/155 1473/1832/157 1604/1833/158
f 1604/1833/158 1473/1832/157 1474/1834/159 1603/1835/160
f 1603/1835/160 1474/1834/159 1475/1836/161 1602/1837/162
f 1602/1837/162 1475/1836/161 1476/1838/163 1601/1839/164
f 1601/1839/164 1476/1838/163 1477/1840/165 1610/1841/166
f 1610/1841/166 1477/1840/165 1478/1842/167 1609/1843/168
f 1609/1843/168 1478/1842/167 1479/1844/169 1608/1845/170
f 1488/1846/171 1486/1847/172 1524/1848/173 1527/1849/174
f 1608/1845/170 1479/1844/169 1480/1850/175 1607/1851/176
f 1607/1851/176 1480/1850/175 1471/1655/154 1606/1654/153
f 1481/1852/12 1482/1853/177 1484/1854/178 1483/1855/179
f 1483/1855/179 1484/1854/178 1486/1847/172 1485/1856/180
f 1485/1856/180 1486/1847/172 1488/1846/171 1487/1857/181
f 1487/1857/181 1488/1846/171 1490/1858/182 1489/1859/183
f 1489/1859/183 1490/1858/182 1492/1860/184 1491/1861/10
f 1491/1689/10 1492/1688/184 1494/1862/185 1493/1863/186
f 1493/1863/186 1494/1862/185 1496/1864/187 1495/1865/188
f 1495/1865/188 1496/1864/187 1498/1866/189 1497/1867/190
f 1490/1858/182 1488/1846/171 1527/1849/174 1528/1868/191
f 1497/1867/190 1498/1866/189 1500/1869/192 1499/1870/193
f 1499/1870/193 1500/1869/192 1482/1853/177 1481/1852/12
f 1481/1871/1 1483/1872/1 1485/1873/1 1487/1874/1 1489/1875/1 1491/1876/1 1493/1877/1 1495/1878/1 1497/1879/1 1499/1880/1
f 1486/1847/172 1484/1854/178 1521/1881/194 1524/1848/173
f 1484/1854/178 1482/1853/177 1518/1882/195 1521/1881/194
f 1482/1853/177 1500/1869/192 1515/1883/196 1518/1882/195
f 1500/1869/192 1498/1866/189 1512/1884/197 1515/1883/196
f 1498/1866/189 1496/1864/187 1509/1885/198 1512/1884/197
f 1496/1864/187 1494/1862/185 1506/1886/199 1509/1885/198
f 1494/1862/185 1492/1688/184 1503/1718/200 1506/1886/199
f 1492/1860/184 1490/1858/182 1528/1868/191 1503/1887/200
f 1506/1886/199 1503/1718/200 1502/1739/201 1505/1888/202
f 1505/1888/202 1502/1739/203 1501/1740/204 1504/1889/205
f 1504/1889/205 1501/1740/204 1471/1655/154 1480/1850/175
f 1509/1885/198 1506/1886/199 1505/1888/202 1508/1890/206
f 1508/1890/206 1505/1888/202 1504/1889/205 1507/1891/207
f 1507/1891/207 1504/1889/205 1480/1850/175 1479/1844/169
f 1512/1884/197 1509/1885/198 1508/1890/206 1511/1892/208
f 1511/1892/208 1508/1890/206 1507/1891/207 1510/1893/209
f 1510/1893/209 1507/1891/207 1479/1844/169 1478/1842/167
f 1515/1883/196 1512/1884/197 1511/1892/208 1514/1894/210
f 1514/1894/210 1511/1892/208 1510/1893/209 1513/1895/211
f 1513/1895/211 1510/1893/209 1478/1842/167 1477/1840/165
f 1518/1882/195 1515/1883/196 1514/1894/210 1517/1896/212
f 1517/1896/212 1514/1894/210 1513/1895/211 1516/1897/213
f 1516/1897/213 1513/1895/211 1477/1840/165 1476/1838/163
f 1521/1881/194 1518/1882/195 1517/1896/212 1520/1898/214
f 1520/1898/214 1517/1896/212 1516/1897/213 1519/1899/215
f 1519/1899/215 1516/1897/213 1476/1838/163 1475/1836/161
f 1524/1848/173 1521/1881/194 1520/1898/214 1523/1900/216
f 1523/1900/216 1520/1898/214 1519/1899/215 1522/1901/217
f 1522/1901/217 1519/1899/215 1475/1836/161 1474/1834/159
f 1527/1849/174 1524/1848/173 1523/1900/216 1526/1902/218
f 1526/1902/218 1523/1900/216 1522/1901/217 1525/1903/219
f 1525/1903/219 1522/1901/217 1474/1834/159 1473/1832/157
f 1528/1868/191 1527/1849/174 1526/1902/218 1529/1904/220
f 1529/1904/220 1526/1902/218 1525/1903/219 1530/1905/221
f 1530/1905/221 1525/1903/219 1473/1832/157 1472/1830/155
f 1503/1887/200 1528/1868/191 1529/1904/220 1502/1906/201
f 1502/1906/203 1529/1904/220 1530/1905/221 1501/1907/204
f 1501/1907/204 1530/1905/221 1472/1830/155 1471/1829/154
f 1531/1908/12 1532/1909/222 1534/1910/223 1533/1911/179
f 1533/1911/179 1534/1910/223 1536/1912/224 1535/1913/180
f 1535/1913/180 1536/1912/224 1538/1914/225 1537/1915/181
f 1537/1915/181 1538/1914/225 1540/1916/278 1539/1917/183
f 1539/1917/183 1540/1916/278 1542/1918/227 1541/1919/10
f 1541/1919/10 1542/1918/227 1544/1920/279 1543/1921/186
f 1543/1921/186 1544/1920/279 1546/1922/229 1545/1923/188
f 1545/1923/188 1546/1922/229 1548/1924/230 1547/1925/190
f 1558/1926/231 1556/1927/232 1594/1928/233 1597/1929/234
f 1547/1925/190 1548/1924/230 1550/1930/235 1549/1931/193
f 1549/1931/193 1550/1930/235 1532/1742/222 1531/1741/12
f 1531/1932/1 1533/1933/1 1535/1878/1 1537/1877/1 1539/1934/1 1541/1935/1 1543/1936/1 1545/1937/1 1547/1938/1 1549/1939/1
f 1551/1940/6 1552/1941/236 1554/1942/237 1553/1943/5
f 1553/1943/5 1554/1942/237 1556/1927/232 1555/1944/4
f 1555/1944/4 1556/1927/232 1558/1926/231 1557/1945/238
f 1557/1945/238 1558/1926/231 1560/1946/239 1559/1947/240
f 1559/1947/240 1560/1946/239 1562/1948/241 1561/1949/1
f 1561/1786/1 1562/1785/241 1564/1950/242 1563/1951/243
f 1563/1951/243 1564/1950/242 1566/1952/244 1565/1953/245
f 1565/1953/245 1566/1952/244 1568/1954/246 1567/1955/8
f 1560/1946/239 1558/1926/231 1597/1929/234 1598/1956/247
f 1567/1955/8 1568/1954/246 1570/1957/248 1569/1958/7
f 1569/1958/7 1570/1957/248 1552/1941/236 1551/1940/6
f 1556/1927/232 1554/1942/237 1591/1959/249 1594/1928/233
f 1554/1942/237 1552/1941/236 1588/1960/250 1591/1959/249
f 1552/1941/236 1570/1957/248 1585/1961/251 1588/1960/250
f 1570/1957/248 1568/1954/246 1582/1962/280 1585/1961/251
f 1568/1954/246 1566/1952/244 1579/1963/253 1582/1962/280
f 1566/1952/244 1564/1950/242 1576/1964/254 1579/1963/253
f 1564/1950/242 1562/1785/241 1573/1805/255 1576/1964/254
f 1562/1948/241 1560/1946/239 1598/1956/247 1573/1965/255
f 1576/1964/254 1573/1805/255 1572/1826/256 1575/1966/257
f 1575/1966/257 1572/1826/258 1571/1827/259 1574/1967/260
f 1574/1967/260 1571/1827/259 1532/1742/222 1550/1930/235
f 1579/1963/253 1576/1964/254 1575/1966/257 1578/1968/261
f 1578/1968/261 1575/1966/257 1574/1967/260 1577/1969/262
f 1577/1969/262 1574/1967/260 1550/1930/235 1548/1924/230
f 1582/1962/280 1579/1963/253 1578/1968/261 1581/1970/263
f 1581/1970/263 1578/1968/261 1577/1969/262 1580/1971/264
f 1580/1971/264 1577/1969/262 1548/1924/230 1546/1922/229
f 1585/1961/251 1582/1962/280 1581/1970/263 1584/1972/265
f 1584/1972/265 1581/1970/263 1580/1971/264 1583/1973/266
f 1583/1973/266 1580/1971/264 1546/1922/229 1544/1920/279
f 1588/1960/250 1585/1961/251 1584/1972/265 1587/1974/267
f 1587/1974/267 1584/1972/265 1583/1973/266 1586/1975/268
f 1586/1975/268 1583/1973/266 1544/1920/279 1542/1918/227
f 1591/1959/249 1588/1960/250 1587/1974/267 1590/1976/269
f 1590/1976/269 1587/1974/267 1586/1975/268 1589/1977/270
f 1589/1977/270 1586/1975/268 1542/1918/227 1540/1916/278
f 1594/1928/233 1591/1959/249 1590/1976/269 1593/1978/271
f 1593/1978/271 1590/1976/269 1589/1977/270 1592/1979/272
f 1592/1979/272 1589/1977/270 1540/1916/278 1538/1914/225
f 1597/1929/234 1594/1928/233 1593/1978/271 1596/1980/273
f 1596/1980/273 1593/1978/271 1592/1979/272 1595/1981/274
f 1595/1981/274 1592/1979/272 1538/1914/225 1536/1912/224
f 1598/1956/247 1597/1929/234 1596/1980/273 1599/1982/275
f 1599/1982/275 1596/1980/273 1595/1981/274 1600/1983/276
f 1600/1983/276 1595/1981/274 1536/1912/224 1534/1910/223
f 1573/1965/255 1598/1956/247 1599/1982/275 1572/1984/256
f 1572/1984/258 1599/1982/275 1600/1983/276 1571/1985/259
f 1571/1985/259 1600/1983/276 1534/1910/223 1532/1909/222
f 1561/1786/1 1563/1951/243 1607/1851/176 1606/1654/153
f 1559/1947/240 1561/1949/1 1606/1828/153 1605/1831/156
f 1557/1945/238 1559/1947/240 1605/1831/156 1604/1833/158
f 1551/1940/6 1553/1943/5 1602/1837/162 1601/1839/164
f 1555/1944/4 1557/1945/238 1604/1833/158 1603/1835/160
f 1553/1943/5 1555/1944/4 1603/1835/160 1602/1837/162
f 1569/1958/7 1551/1940/6 1601/1839/164 1610/1841/166
f 1567/1955/8 1569/1958/7 1610/1841/166 1609/1843/168
f 1565/1953/245 1567/1955/8 1609/1843/168 1608/1845/170
f 1563/1951/243 1565/1953/245 1608/1845/170 1607/1851/176
f 1746/1986/153 1611/1987/154 1612/1988/155 1745/1989/156
f 1745/1989/156 1612/1988/155 1613/1990/281 1744/1991/158
f 1744/1991/158 1613/1990/281 1614/1992/159 1743/1993/160
f 1743/1993/160 1614/1992/159 1615/1994/161 1742/1995/162
f 1742/1995/162 1615/1994/161 1616/1996/163 1741/1997/164
f 1741/1997/164 1616/1996/163 1617/1998/165 1750/1999/166
f 1750/1999/166 1617/1998/165 1618/2000/167 1749/2001/168
f 1749/2001/168 1618/2000/167 1619/2002/169 1748/2003/170
f 1628/2004/171 1626/2005/172 1664/2006/173 1667/2007/174
f 1748/2003/170 1619/2002/169 1620/2008/175 1747/2009/176
f 1747/2009/176 1620/2008/175 1611/1315/154 1746/1314/153
f 1621/2010/12 1622/2011/177 1624/2012/178 1623/2013/179
f 1623/2013/179 1624/2012/178 1626/2005/172 1625/2014/180
f 1625/2014/180 1626/2005/172 1628/2004/171 1627/2015/181
f 1627/2015/181 1628/2004/171 1630/2016/182 1629/2017/183
f 1629/2017/183 1630/2016/182 1632/2018/184 1631/2019/10
f 1631/1349/10 1632/1348/184 1634/2020/185 1633/2021/186
f 1633/2021/186 1634/2020/185 1636/2022/187 1635/2023/188
f 1635/2023/188 1636/2022/187 1638/2024/189 1637/2025/190
f 1630/2016/182 1628/2004/171 1667/2007/174 1668/2026/191
f 1637/2025/190 1638/2024/189 1640/2027/192 1639/2028/193
f 1639/2028/193 1640/2027/192 1622/2011/177 1621/2010/12
f 1621/2029/1 1623/2030/1 1625/2031/1 1627/2032/1 1629/2033/1 1631/2034/1 1633/2035/1 1635/2036/1 1637/2037/1 1639/2038/1
f 1626/2005/172 1624/2012/178 1661/2039/194 1664/2006/173
f 1624/2012/178 1622/2011/177 1658/2040/195 1661/2039/194
f 1622/2011/177 1640/2027/192 1655/2041/196 1658/2040/195
f 1640/2027/192 1638/2024/189 1652/2042/197 1655/2041/196
f 1638/2024/189 1636/2022/187 1649/2043/198 1652/2042/197
f 1636/2022/187 1634/2020/185 1646/2044/199 1649/2043/198
f 1634/2020/185 1632/1348/184 1643/1377/200 1646/2044/199
f 1632/2018/184 1630/2016/182 1668/2026/191 1643/2045/200
f 1646/2044/199 1643/1377/200 1642/1398/201 1645/2046/202
f 1645/2046/202 1642/1398/203 1641/1399/204 1644/2047/205
f 1644/2047/205 1641/1399/204 1611/1315/154 1620/2008/175
f 1649/2043/198 1646/2044/199 1645/2046/202 1648/2048/206
f 1648/2048/206 1645/2046/202 1644/2047/205 1647/2049/207
f 1647/2049/207 1644/2047/205 1620/2008/175 1619/2002/169
f 1652/2042/197 1649/2043/198 1648/2048/206 1651/2050/208
f 1651/2050/208 1648/2048/206 1647/2049/207 1650/2051/209
f 1650/2051/209 1647/2049/207 1619/2002/169 1618/2000/167
f 1655/2041/196 1652/2042/197 1651/2050/208 1654/2052/210
f 1654/2052/210 1651/2050/208 1650/2051/209 1653/2053/211
f 1653/2053/211 1650/2051/209 1618/2000/167 1617/1998/165
f 1658/2040/195 1655/2041/196 1654/2052/210 1657/2054/212
f 1657/2054/212 1654/2052/210 1653/2053/211 1656/2055/213
f 1656/2055/213 1653/2053/211 1617/1998/165 1616/1996/163
f 1661/2039/194 1658/2040/195 1657/2054/212 1660/2056/214
f 1660/2056/214 1657/2054/212 1656/2055/213 1659/2057/215
f 1659/2057/215 1656/2055/213 1616/1996/163 1615/1994/161
f 1664/2006/173 1661/2039/194 1660/2056/214 1663/2058/216
f 1663/2058/216 1660/2056/214 1659/2057/215 1662/2059/217
f 1662/2059/217 1659/2057/215 1615/1994/161 1614/1992/159
f 1667/2007/174 1664/2006/173 1663/2058/216 1666/2060/218
f 1666/2060/218 1663/2058/216 1662/2059/217 1665/2061/219
f 1665/2061/219 1662/2059/217 1614/1992/159 1613/1990/281
f 1668/2026/191 1667/2007/174 1666/2060/218 1669/2062/220
f 1669/2062/220 1666/2060/218 1665/2061/219 1670/2063/221
f 1670/2063/221 1665/2061/219 1613/1990/281 1612/1988/155
f 1643/2045/200 1668/2026/191 1669/2062/220 1642/2064/201
f 1642/2064/203 1669/2062/220 1670/2063/221 1641/2065/204
f 1641/2065/204 1670/2063/221 1612/1988/155 1611/1987/154
f 1671/2066/12 1672/2067/222 1674/2068/223 1673/2069/179
f 1673/2069/179 1674/2068/223 1676/2070/224 1675/2071/180
f 1675/2071/180 1676/2070/224 1678/2072/225 1677/2073/181
f 1677/2073/181 1678/2072/225 1680/2074/282 1679/2075/183
f 1679/2075/183 1680/2074/282 1682/2076/227 1681/2077/10
f 1681/2077/10 1682/2076/227 1684/2078/228 1683/2079/186
f 1683/2079/186 1684/2078/228 1686/2080/229 1685/2081/188
f 1685/2081/188 1686/2080/229 1688/2082/230 1687/2083/190
f 1698/2084/231 1696/2085/232 1734/2086/277 1737/2087/234
f 1687/2083/190 1688/2082/230 1690/2088/235 1689/2089/193
f 1689/2089/193 1690/2088/235 1672/1401/222 1671/1400/12
f 1671/2090/1 1673/2091/1 1675/1775/1 1677/1774/1 1679/2092/1 1681/2093/1 1683/2094/1 1685/2095/1 1687/2096/1 1689/2097/1
f 1691/2098/6 1692/2099/236 1694/2100/237 1693/2101/5
f 1693/2101/5 1694/2100/237 1696/2085/232 1695/2102/4
f 1695/2102/4 1696/2085/232 1698/2084/231 1697/2103/238
f 1697/2103/238 1698/2084/231 1700/2104/239 1699/2105/240
f 1699/2105/240 1700/2104/239 1702/2106/241 1701/2107/1
f 1701/1442/1 1702/1441/241 1704/2108/242 1703/2109/243
f 1703/2109/243 1704/2108/242 1706/2110/244 1705/2111/245
f 1705/2111/245 1706/2110/244 1708/2112/246 1707/2113/8
f 1700/2104/239 1698/2084/231 1737/2087/234 1738/2114/247
f 1707/2113/8 1708/2112/246 1710/2115/248 1709/2116/7
f 1709/2116/7 1710/2115/248 1692/2099/236 1691/2098/6
f 1696/2085/232 1694/2100/237 1731/2117/249 1734/2086/277
f 1694/2100/237 1692/2099/236 1728/2118/250 1731/2117/249
f 1692/2099/236 1710/2115/248 1725/2119/251 1728/2118/250
f 1710/2115/248 1708/2112/246 1722/2120/252 1725/2119/251
f 1708/2112/246 1706/2110/244 1719/2121/253 1722/2120/252
f 1706/2110/244 1704/2108/242 1716/2122/254 1719/2121/253
f 1704/2108/242 1702/1441/241 1713/1461/255 1716/2122/254
f 1702/2106/241 1700/2104/239 1738/2114/247 1713/2123/255
f 1716/2122/254 1713/1461/255 1712/1482/256 1715/2124/257
f 1715/2124/257 1712/1482/258 1711/1483/259 1714/2125/260
f 1714/2125/260 1711/1483/259 1672/1401/222 1690/2088/235
f 1719/2121/253 1716/2122/254 1715/2124/257 1718/2126/261
f 1718/2126/261 1715/2124/257 1714/2125/260 1717/2127/262
f 1717/2127/262 1714/2125/260 1690/2088/235 1688/2082/230
f 1722/2120/252 1719/2121/253 1718/2126/261 1721/2128/263
f 1721/2128/263 1718/2126/261 1717/2127/262 1720/2129/264
f 1720/2129/264 1717/2127/262 1688/2082/230 1686/2080/229
f 1725/2119/251 1722/2120/252 1721/2128/263 1724/2130/265
f 1724/2130/265 1721/2128/263 1720/2129/264 1723/2131/266
f 1723/2131/266 1720/2129/264 1686/2080/229 1684/2078/228
f 1728/2118/250 1725/2119/251 1724/2130/265 1727/2132/267
f 1727/2132/267 1724/2130/265 1723/2131/266 1726/2133/268
f 1726/2133/268 1723/2131/266 1684/2078/228 1682/2076/227
f 1731/2117/249 1728/2118/250 1727/2132/267 1730/2134/269
f 1730/2134/269 1727/2132/267 1726/2133/268 1729/2135/270
f 1729/2135/270 1726/2133/268 1682/2076/227 1680/2074/282
f 1734/2086/277 1731/2117/249 1730/2134/269 1733/2136/271
f 1733/2136/271 1730/2134/269 1729/2135/270 1732/2137/272
f 1732/2137/272 1729/2135/270 1680/2074/282 1678/2072/225
f 1737/2087/234 1734/2086/277 1733/2136/271 1736/2138/273
f 1736/2138/273 1733/2136/271 1732/2137/272 1735/2139/274
f 1735/2139/274 1732/2137/272 1678/2072/225 1676/2070/224
f 1738/2114/247 1737/2087/234 1736/2138/273 1739/2140/275
f 1739/2140/275 1736/2138/273 1735/2139/274 1740/2141/276
f 1740/2141/276 1735/2139/274 1676/2070/224 1674/2068/223
f 1713/2123/255 1738/2114/247 1739/2140/275 1712/2142/256
f 1712/2142/258 1739/2140/275 1740/2141/276 1711/2143/259
f 1711/2143/259 1740/2141/276 1674/2068/223 1672/2067/222
f 1701/1442/1 1703/2109/243 1747/2009/176 1746/1314/153
f 1699/2105/240 1701/2107/1 1746/1986/153 1745/1989/156
f 1697/2103/238 1699/2105/240 1745/1989/156 1744/1991/158
f 1691/2098/6 1693/2101/5 1742/1995/162 1741/1997/164
f 1695/2102/4 1697/2103/238 1744/1991/158 1743/1993/160
f 1693/2101/5 1695/2102/4 1743/1993/160 1742/1995/162
f 1709/2116/7 1691/2098/6 1741/1997/164 1750/1999/166
f 1707/2113/8 1709/2116/7 1750/1999/166 1749/2001/168
f 1705/2111/245 1707/2113/8 1749/2001/168 1748/2003/170
f 1703/2109/243 1705/2111/245 1748/2003/170 1747/2009/176
f 1886/1679/153 1751/1678/154 1752/2144/155 1885/2145/156
f 1885/2145/156 1752/2144/155 1753/2146/157 1884/2147/158
f 1884/2147/158 1753/2146/157 1754/2148/159 1883/2149/160
f 1883/2149/160 1754/2148/159 1755/2150/161 1882/2151/162
f 1882/2151/162 1755/2150/161 1756/2152/163 1881/2153/164
f 1881/2153/164 1756/2152/163 1757/2154/165 1890/2155/166
f 1890/2155/166 1757/2154/165 1758/2156/167 1889/2157/168
f 1889/2157/168 1758/2156/167 1759/2158/169 1888/2159/170
f 1768/2160/171 1766/2161/172 1804/2162/173 1807/2163/174
f 1888/2159/170 1759/2158/169 1760/2164/175 1887/2165/176
f 1887/2165/176 1760/2164/175 1751/1987/154 1886/1986/153
f 1761/2166/12 1762/2167/177 1764/2168/178 1763/2169/179
f 1763/2169/179 1764/2168/178 1766/2161/172 1765/2170/180
f 1765/2170/180 1766/2161/172 1768/2160/171 1767/2171/181
f 1767/2171/181 1768/2160/171 1770/2172/182 1769/2173/183
f 1769/2173/183 1770/2172/182 1772/1691/184 1771/1690/10
f 1771/2019/10 1772/2018/184 1774/2174/185 1773/2175/186
f 1773/2175/186 1774/2174/185 1776/2176/187 1775/2177/188
f 1775/2177/188 1776/2176/187 1778/2178/189 1777/2179/190
f 1770/2172/182 1768/2160/171 1807/2163/174 1808/2180/191
f 1777/2179/190 1778/2178/189 1780/2181/192 1779/2182/193
f 1779/2182/193 1780/2181/192 1762/2167/177 1761/2166/12
f 1761/2183/1 1763/1938/1 1765/1937/1 1767/2184/1 1769/2185/1 1771/2186/1 1773/2187/1 1775/2188/1 1777/2189/1 1779/2190/1
f 1766/2161/172 1764/2168/178 1801/2191/194 1804/2162/173
f 1764/2168/178 1762/2167/177 1798/2192/195 1801/2191/194
f 1762/2167/177 1780/2181/192 1795/2193/196 1798/2192/195
f 1780/2181/192 1778/2178/189 1792/2194/197 1795/2193/196
f 1778/2178/189 1776/2176/187 1789/2195/198 1792/2194/197
f 1776/2176/187 1774/2174/185 1786/2196/199 1789/2195/198
f 1774/2174/185 1772/2018/184 1783/2045/200 1786/2196/199
f 1772/1691/184 1770/2172/182 1808/2180/191 1783/1717/200
f 1786/2196/199 1783/2045/200 1782/2064/201 1785/2197/202
f 1785/2197/202 1782/2064/203 1781/2065/204 1784/2198/205
f 1784/2198/205 1781/2065/204 1751/1987/154 1760/2164/175
f 1789/2195/198 1786/2196/199 1785/2197/202 1788/2199/206
f 1788/2199/206 1785/2197/202 1784/2198/205 1787/2200/207
f 1787/2200/207 1784/2198/205 1760/2164/175 1759/2158/169
f 1792/2194/197 1789/2195/198 1788/2199/206 1791/2201/208
f 1791/2201/208 1788/2199/206 1787/2200/207 1790/2202/209
f 1790/2202/209 1787/2200/207 1759/2158/169 1758/2156/167
f 1795/2193/196 1792/2194/197 1791/2201/208 1794/2203/210
f 1794/2203/210 1791/2201/208 1790/2202/209 1793/2204/211
f 1793/2204/211 1790/2202/209 1758/2156/167 1757/2154/165
f 1798/2192/195 1795/2193/196 1794/2203/210 1797/2205/212
f 1797/2205/212 1794/2203/210 1793/2204/211 1796/2206/213
f 1796/2206/213 1793/2204/211 1757/2154/165 1756/2152/163
f 1801/2191/194 1798/2192/195 1797/2205/212 1800/2207/214
f 1800/2207/214 1797/2205/212 1796/2206/213 1799/2208/215
f 1799/2208/215 1796/2206/213 1756/2152/163 1755/2150/161
f 1804/2162/173 1801/2191/194 1800/2207/214 1803/2209/216
f 1803/2209/216 1800/2207/214 1799/2208/215 1802/2210/217
f 1802/2210/217 1799/2208/215 1755/2150/161 1754/2148/159
f 1807/2163/174 1804/2162/173 1803/2209/216 1806/2211/218
f 1806/2211/218 1803/2209/216 1802/2210/217 1805/2212/219
f 1805/2212/219 1802/2210/217 1754/2148/159 1753/2146/157
f 1808/2180/191 1807/2163/174 1806/2211/218 1809/2213/220
f 1809/2213/220 1806/2211/218 1805/2212/219 1810/2214/221
f 1810/2214/221 1805/2212/219 1753/2146/157 1752/2144/155
f 1783/1717/200 1808/2180/191 1809/2213/220 1782/1719/201
f 1782/1719/203 1809/2213/220 1810/2214/221 1781/1721/204
f 1781/1721/204 1810/2214/221 1752/2144/155 1751/1678/154
f 1811/1766/12 1812/1765/222 1814/2215/223 1813/2216/179
f 1813/2216/179 1814/2215/223 1816/2217/224 1815/2218/180
f 1815/2218/180 1816/2217/224 1818/2219/225 1817/2220/181
f 1817/2220/181 1818/2219/225 1820/2221/278 1819/2222/183
f 1819/2222/183 1820/2221/278 1822/2223/227 1821/2224/10
f 1821/2224/10 1822/2223/227 1824/2225/228 1823/2226/186
f 1823/2226/186 1824/2225/228 1826/2227/229 1825/2228/188
f 1825/2228/188 1826/2227/229 1828/2229/230 1827/2230/190
f 1838/2231/231 1836/2232/232 1874/2233/233 1877/2234/234
f 1827/2230/190 1828/2229/230 1830/2235/235 1829/2236/193
f 1829/2236/193 1830/2235/235 1812/2067/222 1811/2066/12
f 1811/2237/1 1813/2238/1 1815/2239/1 1817/2240/1 1819/2241/1 1821/2242/1 1823/2243/1 1825/2244/1 1827/2245/1 1829/2246/1
f 1831/2247/6 1832/2248/236 1834/2249/237 1833/2250/5
f 1833/2250/5 1834/2249/237 1836/2232/232 1835/2251/4
f 1835/2251/4 1836/2232/232 1838/2231/231 1837/2252/238
f 1837/2252/238 1838/2231/231 1840/2253/239 1839/2254/240
f 1839/2254/240 1840/2253/239 1842/1788/241 1841/1787/1
f 1841/2107/1 1842/2106/241 1844/2255/242 1843/2256/243
f 1843/2256/243 1844/2255/242 1846/2257/244 1845/2258/245
f 1845/2258/245 1846/2257/244 1848/2259/246 1847/2260/8
f 1840/2253/239 1838/2231/231 1877/2234/234 1878/2261/247
f 1847/2260/8 1848/2259/246 1850/2262/248 1849/2263/7
f 1849/2263/7 1850/2262/248 1832/2248/236 1831/2247/6
f 1836/2232/232 1834/2249/237 1871/2264/249 1874/2233/233
f 1834/2249/237 1832/2248/236 1868/2265/250 1871/2264/249
f 1832/2248/236 1850/2262/248 1865/2266/251 1868/2265/250
f 1850/2262/248 1848/2259/246 1862/2267/252 1865/2266/251
f 1848/2259/246 1846/2257/244 1859/2268/253 1862/2267/252
f 1846/2257/244 1844/2255/242 1856/2269/254 1859/2268/253
f 1844/2255/242 1842/2106/241 1853/2123/255 1856/2269/254
f 1842/1788/241 1840/2253/239 1878/2261/247 1853/1804/255
f 1856/2269/254 1853/2123/255 1852/2142/256 1855/2270/257
f 1855/2270/257 1852/2142/258 1851/2143/259 1854/2271/260
f 1854/2271/260 1851/2143/259 1812/2067/222 1830/2235/235
f 1859/2268/253 1856/2269/254 1855/2270/257 1858/2272/261
f 1858/2272/261 1855/2270/257 1854/2271/260 1857/2273/262
f 1857/2273/262 1854/2271/260 1830/2235/235 1828/2229/230
f 1862/2267/252 1859/2268/253 1858/2272/261 1861/2274/263
f 1861/2274/263 1858/2272/261 1857/2273/262 1860/2275/264
f 1860/2275/264 1857/2273/262 1828/2229/230 1826/2227/229
f 1865/2266/251 1862/2267/252 1861/2274/263 1864/2276/265
f 1864/2276/265 1861/2274/263 1860/2275/264 1863/2277/266
f 1863/2277/266 1860/2275/264 1826/2227/229 1824/2225/228
f 1868/2265/250 1865/2266/251 1864/2276/265 1867/2278/267
f 1867/2278/267 1864/2276/265 1863/2277/266 1866/2279/268
f 1866/2279/268 1863/2277/266 1824/2225/228 1822/2223/227
f 1871/2264/249 1868/2265/250 1867/2278/267 1870/2280/269
f 1870/2280/269 1867/2278/267 1866/2279/268 1869/2281/270
f 1869/2281/270 1866/2279/268 1822/2223/227 1820/2221/278
f 1874/2233/233 1871/2264/249 1870/2280/269 1873/2282/271
f 1873/2282/271 1870/2280/269 1869/2281/270 1872/2283/272
f 1872/2283/272 1869/2281/270 1820/2221/278 1818/2219/225
f 1877/2234/234 1874/2233/233 1873/2282/271 1876/2284/273
f 1876/2284/273 1873/2282/271 1872/2283/272 1875/2285/274
f 1875/2285/274 1872/2283/272 1818/2219/225 1816/2217/224
f 1878/2261/247 1877/2234/234 1876/2284/273 1879/2286/275
f 1879/2286/275 1876/2284/273 1875/2285/274 1880/2287/276
f 1880/2287/276 1875/2285/274 1816/2217/224 1814/2215/223
f 1853/1804/255 1878/2261/247 1879/2286/275 1852/1806/256
f 1852/1806/258 1879/2286/275 1880/2287/276 1851/1808/259
f 1851/1808/259 1880/2287/276 1814/2215/223 1812/1765/222
f 1841/2107/1 1843/2256/243 1887/2165/176 1886/1986/153
f 1839/2254/240 1841/1787/1 1886/1679/153 1885/2145/156
f 1837/2252/238 1839/2254/240 1885/2145/156 1884/2147/158
f 1831/2247/6 1833/2250/5 1882/2151/162 1881/2153/164
f 1835/2251/4 1837/2252/238 1884/2147/158 1883/2149/160
f 1833/2250/5 1835/2251/4 1883/2149/160 1882/2151/162
f 1849/2263/7 1831/2247/6 1881/2153/164 1890/2155/166
f 1847/2260/8 1849/2263/7 1890/2155/166 1889/2157/168
f 1845/2258/245 1847/2260/8 1889/2157/168 1888/2159/170
f 1843/2256/243 1845/2258/245 1888/2159/170 1887/2165/176
f 1911/2288/1 1912/2289/2 1894/2290/2 1892/32/1
f 1912/2289/2 1913/2291/3 1896/2292/3 1894/2290/2
f 1913/2291/3 1914/2293/4 1898/2294/4 1896/2292/3
f 1914/2293/4 1915/2295/5 1900/2296/5 1898/2294/4
f 1915/2295/5 1916/2297/6 1902/2298/6 1900/2296/5
f 1916/2297/6 1917/2299/7 1904/2300/7 1902/2298/6
f 1917/2299/7 1918/2301/8 1906/2302/8 1904/2300/7
f 1918/2301/8 1919/2303/9 1908/2304/9 1906/2302/8
f 1894/2305/10 1896/2306/10 1898/2307/10 1900/2308/10 1902/20/10 1904/2309/10 1906/2310/10 1908/2311/10 1910/2312/10 1892/2313/10
f 1919/2303/9 1920/2314/11 1910/2315/11 1908/2304/9
f 1920/2314/11 1911/2316/1 1892/1172/1 1910/2315/11
f 1899/2317/5 1935/2318/5 1936/2319/6 1901/2320/6
f 1893/2321/12 1912/2289/12 1911/2288/12 1891/2322/12
f 1895/2323/12 1913/2291/12 1912/2289/12 1893/2321/12
f 1897/2324/12 1914/2293/12 1913/2291/12 1895/2323/12
f 1899/2317/12 1915/2295/12 1914/2293/12 1897/2324/12
f 1901/2320/12 1916/2297/12 1915/2295/12 1899/2317/12
f 1903/2325/12 1917/2299/12 1916/2297/12 1901/2320/12
f 1905/2326/12 1918/2301/12 1917/2299/12 1903/2325/12
f 1907/2327/12 1919/2303/12 1918/2301/12 1905/2326/12
f 1909/2328/12 1920/2314/12 1919/2303/12 1907/2327/12
f 1891/2329/12 1911/2316/12 1920/2314/12 1909/2328/12
f 1926/2330/6 1946/2331/6 1947/2332/7 1927/2333/7
f 1893/2321/2 1932/2334/2 1933/2335/3 1895/2323/3
f 1907/2327/9 1939/2336/9 1940/2337/11 1909/2328/11
f 1901/2320/6 1936/2319/6 1937/2338/7 1903/2325/7
f 1895/2323/3 1933/2335/3 1934/2339/4 1897/2324/4
f 1909/2328/11 1940/2337/11 1931/2340/1 1891/2329/1
f 1903/2325/7 1937/2338/7 1938/2341/8 1905/2326/8
f 1897/2324/4 1934/2339/4 1935/2318/5 1899/2317/5
f 1891/2322/1 1931/2342/1 1932/2334/2 1893/2321/2
f 1905/2326/8 1938/2341/8 1939/2336/9 1907/2327/9
f 1922/2343/12 1932/2334/12 1931/2342/12 1921/2344/12
f 1923/2345/12 1933/2335/12 1932/2334/12 1922/2343/12
f 1924/2346/12 1934/2339/12 1933/2335/12 1923/2345/12
f 1925/2347/12 1935/2318/12 1934/2339/12 1924/2346/12
f 1926/2330/12 1936/2319/12 1935/2318/12 1925/2347/12
f 1927/2333/12 1937/2338/12 1936/2319/12 1926/2330/12
f 1928/2348/12 1938/2341/12 1937/2338/12 1927/2333/12
f 1929/2349/12 1939/2336/12 1938/2341/12 1928/2348/12
f 1930/2350/12 1940/2337/12 1939/2336/12 1929/2349/12
f 1921/2351/12 1931/2340/12 1940/2337/12 1930/2350/12
f 1946/2331/10 1956/2352/10 1957/2353/10 1947/2332/10
f 1923/2345/3 1943/2354/3 1944/2355/4 1924/2346/4
f 1930/2350/11 1950/2356/11 1941/2357/1 1921/2351/1
f 1927/2333/7 1947/2332/7 1948/2358/8 1928/2348/8
f 1924/2346/4 1944/2355/4 1945/2359/5 1925/2347/5
f 1921/2344/1 1941/2360/1 1942/2361/2 1922/2343/2
f 1928/2348/8 1948/2358/8 1949/2362/9 1929/2349/9
f 1925/2347/5 1945/2359/5 1946/2331/6 1926/2330/6
f 1922/2343/2 1942/2361/2 1943/2354/3 1923/2345/3
f 1929/2349/9 1949/2362/9 1950/2356/11 1930/2350/11
f 1953/2363/3 1973/2364/3 1974/2365/4 1954/2366/4
f 1943/2354/10 1953/2363/10 1954/2366/10 1944/2355/10
f 1950/2356/10 1960/2367/10 1951/2368/10 1941/2357/10
f 1947/2332/10 1957/2353/10 1958/2369/10 1948/2358/10
f 1944/2355/10 1954/2366/10 1955/2370/10 1945/2359/10
f 1941/2360/10 1951/2371/10 1952/2372/10 1942/2361/10
f 1948/2358/10 1958/2369/10 1959/2373/10 1949/2362/10
f 1945/2359/10 1955/2370/10 1956/2352/10 1946/2331/10
f 1942/2361/10 1952/2372/10 1953/2363/10 1943/2354/10
f 1949/2362/10 1959/2373/10 1960/2367/10 1950/2356/10
f 1962/2374/2 1982/2375/2 1983/2376/3 1963/2377/3
f 1960/2367/11 1980/2378/11 1971/2379/1 1951/2368/1
f 1957/2353/7 1977/2380/7 1978/2381/8 1958/2369/8
f 1954/2366/4 1974/2365/4 1975/2382/5 1955/2370/5
f 1951/2371/1 1971/2383/1 1972/2384/2 1952/2372/2
f 1958/2369/8 1978/2381/8 1979/2385/9 1959/2373/9
f 1955/2370/5 1975/2382/5 1976/2386/6 1956/2352/6
f 1952/2372/2 1972/2384/2 1973/2364/3 1953/2363/3
f 1959/2373/9 1979/2385/9 1980/2378/11 1960/2367/11
f 1956/2352/6 1976/2386/6 1977/2380/7 1957/2353/7
f 1962/2374/12 1972/2384/12 1971/2383/12 1961/2387/12
f 1963/2377/12 1973/2364/12 1972/2384/12 1962/2374/12
f 1964/2388/12 1974/2365/12 1973/2364/12 1963/2377/12
f 1965/2389/12 1975/2382/12 1974/2365/12 1964/2388/12
f 1966/2390/12 1976/2386/12 1975/2382/12 1965/2389/12
f 1967/2391/12 1977/2380/12 1976/2386/12 1966/2390/12
f 1968/2392/12 1978/2381/12 1977/2380/12 1967/2391/12
f 1969/2393/12 1979/2385/12 1978/2381/12 1968/2392/12
f 1970/2394/12 1980/2378/12 1979/2385/12 1969/2393/12
f 1961/2395/12 1971/2379/12 1980/2378/12 1970/2394/12
f 1986/2396/13 1996/2397/14 1997/2398/15 1987/2399/16
f 1969/2393/9 1989/2400/9 1990/2401/11 1970/2394/11
f 1966/2390/6 1986/2396/6 1987/2399/7 1967/2391/7
f 1963/2377/3 1983/2376/3 1984/2402/4 1964/2388/4
f 1970/2394/11 1990/2401/11 1981/2403/1 1961/2395/1
f 1967/2391/7 1987/2399/7 1988/2404/8 1968/2392/8
f 1964/2388/4 1984/2402/4 1985/2405/5 1965/2389/5
f 1961/2387/1 1981/2406/1 1982/2375/2 1962/2374/2
f 1968/2392/8 1988/2404/8 1989/2400/9 1969/2393/9
f 1965/2389/5 1985/2405/5 1986/2396/6 1966/2390/6
f 1993/2407/17 2003/2408/18 2004/2409/19 1994/2410/20
f 1983/2376/21 1993/2407/17 1994/2410/20 1984/2402/22
f 1990/2401/23 2000/2411/24 1991/2412/25 1981/2403/26
f 1987/2399/16 1997/2398/15 1998/2413/27 1988/2404/28
f 1984/2402/22 1994/2410/20 1995/2414/29 1985/2405/30
f 1981/2406/26 1991/2415/25 1992/2416/31 1982/2375/32
f 1988/2404/28 1998/2413/27 1999/2417/33 1989/2400/34
f 1985/2405/30 1995/2414/29 1996/2397/14 1986/2396/13
f 1982/2375/32 1992/2416/31 1993/2407/17 1983/2376/21
f 1989/2400/34 1999/2417/33 2000/2411/24 1990/2401/23
f 2010/2418/35 2020/2419/36 2011/2420/37 2001/2421/38
f 2000/2411/24 2010/2418/35 2001/2421/38 1991/2412/25
f 1997/2398/15 2007/2422/39 2008/2423/40 1998/2413/27
f 1994/2410/20 2004/2409/19 2005/2424/41 1995/2414/29
f 1991/2415/25 2001/2425/38 2002/2426/42 1992/2416/31
f 1998/2413/27 2008/2423/40 2009/2427/43 1999/2417/33
f 1995/2414/29 2005/2424/41 2006/2428/44 1996/2397/14
f 1992/2416/31 2002/2426/42 2003/2408/18 1993/2407/17
f 1999/2417/33 2009/2427/43 2010/2418/35 2000/2411/24
f 1996/2397/14 2006/2428/44 2007/2422/39 1997/2398/15
f 2017/2429/45 2027/2430/46 2028/2431/47 2018/2432/48
f 2007/2422/39 2017/2429/45 2018/2432/48 2008/2423/40
f 2004/2409/19 2014/2433/49 2015/2434/50 2005/2424/41
f 2001/2425/38 2011/2435/37 2012/2436/51 2002/2426/42
f 2008/2423/40 2018/2432/48 2019/2437/52 2009/2427/43
f 2005/2424/41 2015/2434/50 2016/2438/53 2006/2428/44
f 2002/2426/42 2012/2436/51 2013/2439/54 2003/2408/18
f 2009/2427/43 2019/2437/52 2020/2419/36 2010/2418/35
f 2006/2428/44 2016/2438/53 2017/2429/45 2007/2422/39
f 2003/2408/18 2013/2439/54 2014/2433/49 2004/2409/19
f 2024/2440/283 2034/2441/284 2035/2442/285 2025/2443/58
f 2014/2433/49 2024/2440/283 2025/2443/58 2015/2434/50
f 2011/2435/37 2021/2444/59 2022/2445/60 2012/2436/51
f 2018/2432/48 2028/2431/47 2029/2446/61 2019/2437/52
f 2015/2434/50 2025/2443/58 2026/2447/62 2016/2438/53
f 2012/2436/51 2022/2445/60 2023/2448/286 2013/2439/54
f 2019/2437/52 2029/2446/61 2030/2449/64 2020/2419/36
f 2016/2438/53 2026/2447/62 2027/2430/46 2017/2429/45
f 2013/2439/54 2023/2448/286 2024/2440/283 2014/2433/49
f 2020/2419/36 2030/2449/64 2021/2450/59 2011/2420/37
f 2031/2451/65 2041/2452/66 2042/2453/67 2032/2454/68
f 2021/2444/59 2031/2451/69 2032/2454/287 2022/2445/60
f 2028/2431/47 2038/2455/288 2039/2456/289 2029/2446/61
f 2025/2443/58 2035/2442/285 2036/2457/73 2026/2447/62
f 2022/2445/60 2032/2454/287 2033/2458/290 2023/2448/286
f 2029/2446/61 2039/2456/289 2040/2459/291 2030/2449/64
f 2026/2447/62 2036/2457/73 2037/2460/292 2027/2430/46
f 2023/2448/286 2033/2458/290 2034/2441/284 2024/2440/283
f 2030/2449/64 2040/2459/291 2031/2461/69 2021/2450/59
f 2027/2430/46 2037/2460/292 2038/2455/288 2028/2431/47
f 2045/2462/77 2055/2463/78 2056/2464/79 2046/2465/80
f 2038/2455/81 2048/2466/82 2049/2467/83 2039/2456/84
f 2035/2442/85 2045/2462/77 2046/2465/80 2036/2457/86
f 2032/2454/68 2042/2453/67 2043/2468/87 2033/2458/88
f 2039/2456/84 2049/2467/83 2050/2469/89 2040/2459/90
f 2036/2457/86 2046/2465/80 2047/2470/91 2037/2460/92
f 2033/2458/88 2043/2468/87 2044/2471/93 2034/2441/94
f 2040/2459/90 2050/2469/89 2041/2472/66 2031/2461/65
f 2037/2460/92 2047/2470/91 2048/2466/82 2038/2455/81
f 2034/2441/94 2044/2471/93 2045/2462/77 2035/2442/85
f 2052/2473/2 2062/2474/95 2063/2475/96 2053/2476/3
f 2042/2453/67 2052/2473/97 2053/2476/98 2043/2468/87
f 2049/2467/83 2059/2477/99 2060/2478/100 2050/2469/89
f 2046/2465/80 2056/2464/79 2057/2479/101 2047/2470/91
f 2043/2468/87 2053/2476/98 2054/2480/102 2044/2471/93
f 2050/2469/89 2060/2478/100 2051/2481/103 2041/2472/66
f 2047/2470/91 2057/2479/101 2058/2482/104 2048/2466/82
f 2044/2471/93 2054/2480/102 2055/2463/78 2045/2462/77
f 2041/2452/66 2051/2483/103 2052/2473/97 2042/2453/67
f 2048/2466/82 2058/2482/104 2059/2477/99 2049/2467/83
f 2069/2484/105 2089/2485/106 2090/2486/107 2070/2487/108
f 2059/2477/9 2069/2484/105 2070/2487/108 2060/2478/11
f 2056/2464/6 2066/2488/109 2067/2489/110 2057/2479/7
f 2053/2476/3 2063/2475/96 2064/2490/111 2054/2480/4
f 2060/2478/11 2070/2487/108 2061/2491/112 2051/2481/1
f 2057/2479/7 2067/2489/110 2068/2492/113 2058/2482/8
f 2054/2480/4 2064/2490/111 2065/2493/114 2055/2463/5
f 2051/2483/1 2061/2494/112 2062/2474/95 2052/2473/2
f 2058/2482/8 2068/2492/113 2069/2484/105 2059/2477/9
f 2055/2463/5 2065/2493/114 2066/2488/109 2056/2464/6
f 2066/2488/109 2086/2495/115 2087/2496/116 2067/2489/110
f 2063/2475/96 2083/2497/117 2084/2498/118 2064/2490/111
f 2070/2487/108 2090/2486/107 2081/2499/119 2061/2491/112
f 2067/2489/110 2087/2496/116 2088/2500/120 2068/2492/113
f 2064/2490/111 2084/2498/118 2085/2501/121 2065/2493/114
f 2061/2494/112 2081/2502/119 2082/2503/122 2062/2474/95
f 2068/2492/113 2088/2500/120 2089/2485/106 2069/2484/105
f 2065/2493/114 2085/2501/121 2086/2495/115 2066/2488/109
f 2062/2474/95 2082/2503/122 2083/2497/117 2063/2475/96
f 2072/2504/12 2082/2505/12 2081/2506/12 2071/2507/12
f 2073/2508/12 2083/2509/12 2082/2505/12 2072/2504/12
f 2074/2510/12 2084/2511/12 2083/2509/12 2073/2508/12
f 2075/2512/12 2085/2513/12 2084/2511/12 2074/2510/12
f 2076/2514/12 2086/2515/12 2085/2513/12 2075/2512/12
f 2077/2516/12 2087/2517/12 2086/2515/12 2076/2514/12
f 2078/2518/12 2088/2519/12 2087/2517/12 2077/2516/12
f 2079/2520/12 2089/2521/12 2088/2519/12 2078/2518/12
f 2080/2522/12 2090/2523/12 2089/2521/12 2079/2520/12
f 2071/2507/12 2081/2506/12 2090/2523/12 2080/2522/12
f 2075/2512/12 2074/2510/12 2073/2508/12 2072/2504/12 2071/2507/12 2080/2522/12 2079/2520/12 2078/2518/12 2077/2516/12 2076/2514/12
